monthly_spend,tenure_months,support_tickets,usage_frequency,payment_delay,contract_length,feature_usage,login_frequency,avg_session_time,discount_usage,service_calls,engagement_score,churn
0.045125391870393876,2.423432520191496,-0.5054934524643415,2.1891721151671164,-0.46212877524381424,-0.7878060597202023,-0.977154903383764,1.017262393759,2.5995061419257883,-1.3081826384786184,2.2236512860670405,-0.07675304472233546,0
0.9907150121565126,-2.2839644661477427,0.806171453212744,-4.337354836716046,-1.63313314734952,0.48936310816532,1.3620668409560952,-0.07431232721070515,-1.875779819964198,1.634100375275855,1.8422549185193293,-0.2726500202619385,0
2.2613511491408893,-1.3671591881770124,-0.11331550384890643,-1.721515871167505,0.0036740677385056486,-2.2602568448896023,0.31113794334144773,-0.052807230777538426,0.5643604298964747,-0.6930009949939806,0.27063383654593987,1.2393198752981944,0
-1.7069115201057892,1.3235152009354447,1.8689420793220712,-0.9746676364134789,-1.486898863080278,1.8238392955936475,1.2962887496906612,1.0838538450987576,-1.8808226891148176,0.5883346178311633,4.807752129952983,0.07671209857327,0
-0.20399285993400273,-0.35218142276618547,3.6311234872357097,2.2094119508692085,-0.8062356032952057,2.6419672650700825,-1.7517482965216056,-0.9612735192853157,-4.467550482150385,-0.03476967149390986,1.7142818505210307,0.8227026206424382,0
-0.9558005406430263,0.3380996508990439,0.2922847141102607,2.1508060802802658,-1.3790815710337727,1.558600039533468,-0.4935080597746092,1.0463730587693059,-1.5039591457818877,-1.4705057642619324,1.6283027397552656,0.662429271586823,0
1.0590762156258906,0.639472144249422,-0.10877803172379497,3.0018051431674144,-0.8463324269067547,0.6676293443088037,-1.4066354808908939,-0.9619787276513981,0.3829228494930248,-1.7067677301769393,-0.1354096245962979,-0.7035684580762832,1
1.100177389883741,-3.452772168297349,-0.9659498893118772,-2.9994208257153856,-4.007443614810713,0.705506218032816,-0.23996705239759364,-0.3193633223597222,-1.7233917410763826,-0.03965034210588425,2.9956808390202516,0.9862715795555297,0
-0.6165044389954117,-1.6060912647942849,0.8113778002958301,5.205726404639955,-1.2968533600718732,2.142737408978368,-1.6837536928630072,-3.3082294862591195,-6.111473211523179,-1.9999422061533882,-3.299659601240565,3.465880433754108,0
-1.6051410990830608,5.982239304047135,1.9005784170505546,5.49425376595297,-0.3339826942887768,-3.83101781456831,-3.4090004694590252,-1.2883936723294471,5.220484032311724,-1.2011676609115387,1.5899213786632196,-1.293145052302156,0
1.7034705166537023,1.2732180572213179,-0.3080288950743042,-1.6290765598245731,2.2566785843634936,1.3531986437868337,1.6564649213233373,-0.9179310652591839,0.5982026762344042,1.3361207806779714,1.8482811773316885,0.014858202661705677,1
0.3904441216168976,-0.15380320847588203,1.3094399347240198,3.094652029225011,-0.5928285597390124,3.7225429377685817,-0.5298725119356928,1.839090444717861,-2.737073468697816,-3.9667006672431375,5.424488355398927,1.621763418105763,1
-0.45102260274222816,1.1266971152515755,1.0548035754274803,-0.35334758632606567,-0.7400971731088706,0.08823543251309807,0.799589562240592,0.29282650948669353,-0.5537231668393584,-0.18187139120282492,3.087441330939029,0.657088525488335,0
-0.34176980283733926,-0.4108925675606552,3.2324895046545823,0.5010482695513337,-2.688466592804863,2.9707171029200206,1.18915141967496,0.7466127140940222,-6.282086394377372,-0.020730245112327683,2.4292385124012847,1.1115349335535658,0
1.7007740044981736,-6.092663885596155,-0.3481775183589748,-11.991029978864846,1.3634635250204141,-0.13491883149796147,5.699669718885313,-0.39480446477393405,1.3929939514228877,2.594865401455776,-2.6461893269582855,-7.113718143198481,0
0.9130677677337052,-2.8312984518538276,-0.09528434825602838,-4.892471581241516,-0.7042985871075431,-0.06164935984535591,1.7446157563188045,-1.680703993898314,-1.577689071994626,1.5652814749425148,1.0414092457561628,0.6743424476411388,0
-0.7191976622153211,1.0229054629030503,2.3434298364811683,0.686936985146714,-1.8361451498243568,-0.5130469891061564,-0.9299716963597384,1.4298091698505864,-0.8209207897292018,0.018672525073973212,2.5393853034541802,0.08139448581776776,0
-1.244960051129182,0.09704730379514337,1.4252163110822527,-2.985823232348783,-0.82297515840441,-1.7514793761707683,1.5538448392294457,-0.629128369562138,-0.16299359916786366,1.5281781536997476,0.6005588690043142,-0.6537495103670835,0
1.7614363717460315,0.34361248764491115,0.23502391629102493,2.2094230083850626,-0.4301750377781399,1.2674575490004574,-0.28818422867597504,-0.641591863009676,-2.3227248887007472,-0.8640132680208905,0.5572793203993397,2.0840581284006285,0
2.706200540598763,2.393408766577169,4.604146458226103,7.0070355574345,0.8188784503095867,-1.677525554451722,-5.450668753055143,0.12451715480487735,-0.35467628843023585,-1.4201374465029482,-1.1890888195087483,0.616606837636704,0
-1.6493085272684391,-2.847169316982038,1.0565521837864027,-4.964062680045662,0.11760312655066896,-0.2378710238052546,2.3480804061970675,0.4006378531971848,-0.14975040729158368,0.6360450519350134,-0.8665235536095024,-3.317979168346468,0
0.35263265992136283,2.2966603867240956,3.9993024191804096,4.970232330894029,-2.249589153417189,-2.9398824328610407,-2.5227763376809182,1.6838897052607087,-0.6014073137641084,-1.3869207083798252,-2.5018366440714512,-1.3580449340178213,1
-0.7768574272868359,0.6840299904060346,-0.652732775821613,0.6702940157261786,0.03643496381810296,2.2453819884514132,0.23120161248955196,1.2091089463161107,-0.5142026703185707,-0.3852858262875035,2.604105149952492,0.7314486187881462,1
0.38280690644448084,-0.24466380338387395,-0.8097675224224168,-0.5678980519948945,-3.535161249117086,4.537947871766156,2.7706247742525782,0.03550999479139813,-4.051040154491379,-0.5733962424970227,3.911607606252621,0.3889279155286094,0
0.40301286951786824,-0.7788091389757223,3.534856893734895,2.9224848729766695,-1.3006598231589577,0.6835730035788862,-0.29322049134922623,1.487376729740334,-3.631239535231573,-4.355565270785447,2.6114024967293794,1.18745524637611,1
-1.3478133153552982,0.9043764699684013,0.6207809802086275,1.9899073440704313,0.34412774349006914,-0.3248781995300831,-0.4935804512976618,1.1161286983911647,2.1124436957734094,-2.510738598159646,0.14099637198398907,-2.4482869572864345,1
-0.42703247316086934,0.2582606482061651,2.023594198372261,-1.9415391293872397,-0.11818031393318684,-1.9535883833302425,1.2958124490148017,-0.4363189291567924,0.4451033686526274,0.19537398211935253,0.2857267515340155,-1.4729698638430542,0
0.3490116138062142,-0.08262214254793698,0.7492717944086811,6.324359011702138,-0.0021073369082833526,1.38762809156351,-2.66954944789187,-0.14502171977431158,-3.7343128128296788,-2.1818228114908296,-2.954645673990418,2.942491481369608,0
0.19818621882428272,-2.334091246024892,-1.815887926028699,-7.499223847937802,0.5648930187083776,-1.1535997596311425,3.12338195780306,0.6491178883794487,2.201448779644713,1.5965458946173694,2.5649545688278153,-0.5942612532379566,0
-0.44632379240459213,3.737654871590301,-0.034973271348594626,4.499530215578396,-0.49655966629078163,-3.1482166563302596,-2.399629320404869,2.499538383297096,3.9873853331218942,-2.321171435006807,1.370703313882303,0.5531725858471719,1
0.5259949849091217,-5.633162672186475,0.06387960607051246,-6.545209960434167,-2.196811257089461,1.6483681235958674,1.9356593030269031,0.8403828472956737,-1.7870123305120627,1.210781195322262,-0.7949873632280451,-3.895305895128705,0
-1.0825314039302016,2.1915789212513967,4.986262870475299,2.8539812124408086,-1.8071948711068146,0.4077500232632638,-0.9746323824734768,-0.5631049971112926,-4.938199155377491,1.302078437637625,0.827006569205739,1.4305457928656558,0
-0.6608722947289972,3.568786892350698,2.751512836196291,4.9469637680785095,-4.146984200356188,2.192221408628849,-0.8409594899591541,0.7982391008258591,-3.411441809950362,-0.2289605424483767,1.8133462660283466,-0.5995787506579384,0
-1.1648137712490976,1.547024338407881,0.16989979874410477,1.0086672433402437,-2.4525441650474002,1.460405452704325,1.5765619438050718,0.9370244587981814,-1.7691267869006981,-0.9443050602070967,2.823927801963391,0.4838795584049147,0
-1.3426714248766614,-1.2016042755760354,0.9700738847933436,0.25310158324573895,-0.6903719507719299,1.6785333794214345,0.20713866439145368,1.1554784385041716,-2.883628185730444,-1.0442979870874158,1.7937776280743996,1.4090835891242324,0
0.014347606172587155,-3.5743034617007483,1.0922883803193804,-6.078393028073425,-1.884546927509187,1.0843133389461923,1.9766584651155485,1.1874742232224553,-0.7002597031823822,1.3660298279211112,1.0383584005678508,-4.2196238946342515,0
-1.9047623743689894,0.8025638912517594,1.336250909763741,2.6374437635387933,-1.8780658519390974,0.4732452894975261,0.20977013934036037,0.47261685747869875,-3.8257357444900615,-0.6177899721626869,-0.3177385394997052,2.2497696456797103,0
0.6704188395796906,-0.2303147451068952,0.17064309168884284,-0.07675218418270863,-1.7674225148865976,0.11200588579368298,-0.8116229969185735,0.18894418073028926,1.1542698392836606,-0.25086877221281956,0.46075014859065866,-2.466930940861766,1
1.2748820209718768,-0.7324696952985572,2.1137355060219676,2.7980584718424555,-3.5126874607876246,1.7315702530648815,-2.614247051201441,0.15806083750468983,-3.14100884215595,0.26015286796707926,-1.3112778636244022,-1.493611355420329,1
-0.4040066471927524,1.3962506121817564,0.9935840851746834,1.6514608420207426,-1.7176641315440802,2.496007039731641,1.265598999023279,2.259698345797133,-1.8889813625210685,-1.9609336822489802,3.749064374577896,-0.19849678285877137,1
0.1270026273308648,-0.04759787027067097,-1.3300171586946719,-0.29942108203147383,-0.6115191092151866,-1.287091267335405,2.364996076208799,-0.07999210478324527,0.28883639544847717,-1.4888777442930237,-1.8587303434088267,-0.23059495199449775,1
-1.38677024675567,0.2558609180622179,5.049776229877023,-0.7145802172139496,-0.4823022792410546,0.5433219429919707,-0.5807832081443218,-1.5196956334316007,-2.762055056196334,0.587422806740014,4.038392564032687,-0.04953914351854527,0
-0.01050848372891902,0.5837530503785742,-1.5752330197410132,1.581175379959453,-2.697350033100403,1.1452595774283638,2.259910031105327,0.705422209756338,-3.382112305185397,-1.0829368991797188,-0.12341623909493027,2.65418033489731,0
1.2643834537458605,-1.5941281481509182,-1.9086805292109457,4.5150636040475165,-0.3655805235594908,2.9191043971625543,-1.7636327735972432,0.22548216147274652,-1.3843013531980084,-4.080417911232798,-0.35198283293207555,1.3481351924700593,0
1.6146296879891269,-1.3652064231207022,-0.059308902870170765,1.567201071507302,-1.680505626802714,3.2776254226368113,0.20033606793193615,-1.161669861679878,-4.01986655473287,-1.447728721848526,1.1532735829869265,1.538505029528827,0
-0.6420169722349656,0.4369753925520008,0.2832374644013409,5.662709315411006,-1.2142767455405972,2.763447792339856,-2.3903650591482464,0.6023591030379507,-2.618971038787814,-2.2237777703080868,-0.4547699229176463,1.0708353630195977,0
-0.9491126547204574,-1.0828225080347011,1.2872218854274733,1.8480708474317258,-1.7986558043503882,-0.016651017683461444,-1.301353110600762,-1.0601765711994355,-1.7592208476768019,-2.1422950811557127,0.7857069499733581,0.8107619438166378,0
0.7620694379999419,1.2072576029145268,1.864746382842076,3.5299113802006588,-1.0756178454918068,-0.47559308264202294,-1.1813134860577155,-0.9803002938150277,-2.9670436692968396,-0.35398610852697987,-1.0639921725734118,2.3658787895615836,0
0.3706985108610484,-2.1633257158267574,-2.222133558647328,-3.354050767077507,-2.313107084070814,-2.375405332960626,0.844951287918622,-0.2866430463287567,1.5957571796107186,-1.0996585284538947,2.415027715654939,1.454966207712531,0
-0.39935601687887096,2.659765046638341,-0.5540542188220496,1.620545965548962,-3.6921420445111948,-1.1480316326073923,1.2769420049862825,-1.7715221115611823,0.6639956159896944,0.5665702516498421,-2.94924155967898,-3.0414947278290794,1
-0.9803930013742798,2.899614244490031,-0.6200959627300369,2.381094220401371,0.622996318271599,-2.5343291749307566,-0.9248639644110133,0.1364967828359375,5.037105251620618,-2.3277175872095195,1.1364088858564787,-1.3824840675389567,1
-2.3763148922281516,2.3981615879015177,0.7788769515983839,2.3277530948911083,-0.14468886607990206,-0.1232177164399717,-1.519372817966258,-0.06339382295753071,1.834300938577391,-0.9421099923259112,2.818160220164871,-0.32110359521791465,0
-0.13073130191035795,0.36146994040810254,2.8433330807867154,2.1912335289187435,-0.6852343287493928,2.0199180589689973,-1.582295836487869,0.005776676315461514,-2.6731237964578036,-0.4848704602491045,2.2493297937348062,0.3084540683989736,0
-0.14826247030054984,0.1630385710450173,1.9566359413991332,-3.075440804184622,1.7633206856716646,-1.8863184245136824,1.1200138821206043,0.16293267835173833,-0.25259978707262687,2.2251216781396193,0.32498246598143166,0.747554139052041,0
-0.6347131898713403,-2.7597001811182413,-1.3574696000673812,-5.690706581790725,-0.71384299905265,-0.6646845902673317,1.830758388956971,1.241084221920495,0.09282541212617194,0.8992165495518356,3.3059170124882895,1.5859638632829207,0
-0.17458676100492582,2.3045831677876745,1.360687988384898,3.623197316015727,2.0630491197934675,-0.5159013716556882,-4.101412925233623,-0.039317816334808416,2.9918599828229606,-0.5844723768574219,1.944512206058873,0.054217126936054516,0
0.07209436665369795,-0.8948417176186534,3.5946403538432077,0.8773158186560294,0.2500037054865065,1.5811065115243665,-1.08548957983966,1.296528471750902,-4.942202834756305,0.7699753151834348,0.8678855288031972,2.287377838342292,0
0.7489718125905896,0.3190436963273381,-0.04790533695614907,1.8215149314828192,-1.3160355942764679,0.04196403502530355,1.0803605121884385,0.3048452640879398,-3.5367027361756804,-0.6755854247120434,-0.9812691249418695,3.230128316937113,0
0.004505438914608486,0.01521510378637958,3.0073277298803744,4.1838097479792005,-2.901678230414138,3.779416471932707,-1.2244747708389294,2.815009632562306,-6.3661872388883785,-0.744540162732983,0.49878740976466185,0.9168454600462977,0
0.0844292221843492,0.9324383140551955,1.8885186462363688,-1.9911422326922052,1.544162196147039,-4.5401979819273866,1.6344381587328385,1.6906905041289644,1.2030615856405606,0.487462283303415,-1.345135129607086,0.4384778603264905,0
0.1824733329800246,-0.27851028380669973,2.7020884888369494,-2.641562262396638,-3.353885020665481,2.362906403043795,-0.1832452463195211,0.5233826668446504,-3.055613601860725,3.5492477011281567,3.2468132667074197,-1.622754104549655,0
-0.17498004177705714,0.04794556646589898,0.6188819840094744,0.24263246828950646,-0.9401102410015564,2.4642278404402616,-0.24873858409153837,0.14145010917437184,-2.302368675053992,0.7988239807832249,2.1943173264965217,0.7822671400513519,1
-0.9074619708090647,2.6229381721479412,-3.157076508729512,2.682004152364233,-2.3112526187807334,1.365952304329013,0.2583508214790444,0.21880895981099413,2.973939032418227,-2.5264963756316883,3.290423914662084,-0.974019814072731,0
0.4891427091730301,1.3203684836787466,1.6948314184819746,-0.5536495429077457,-1.277580337985558,-1.0048809494311182,0.29040666762181677,0.20908108224218983,0.28684345451278676,0.8639000872252163,0.9263351209608823,-1.3981783908745373,0
-0.5651574533553316,1.5529319417655763,1.4621872330713075,4.020595602644426,-1.836294314762362,0.6373692664238372,-1.1963469150612334,-0.32781892448913313,-3.313562418918087,-0.09347140300232648,-0.8537304907873908,1.9042380428315173,0
0.8279583042464386,-0.363943933058691,0.19200031353936775,-1.9162478421699074,-2.5637370768974757,-1.7970967703653535,0.10854488805342466,0.32747218066178846,1.1016085410256944,-0.03198678977332037,2.079433172836006,-0.6148354741088777,0
-0.3559677421947853,3.726878917195071,-1.2130668253766355,-2.961862733730027,-1.7675947353849468,3.261247826950609,4.9127772382974895,-1.3477039781351348,-0.49198718635705063,3.961099341656243,2.0570029068615465,-2.9482879458643527,1
0.916546688628886,1.6718830741530548,3.245238726619554,2.586246380549436,-1.6123582083676418,2.7736941772768358,-1.1607256455586297,-0.6489631441303688,-3.8571628708647907,0.8474676365106044,2.5046393760153736,0.4366769033362866,0
0.692842250742278,2.4327165698835755,1.115625119734282,-0.9495204424562028,-3.9374999783927196,2.44960393220037,4.755969650257732,0.4046775239956689,-3.615252845755065,0.13928855591192368,3.6111225033837093,-0.9767856895579571,1
0.41895610430018526,2.0624630250159024,-0.24355596637019938,5.040702291004724,-1.1194527615004477,-2.478998904684053,-1.8010267902526533,-0.5392866842690429,3.5065063106908045,-3.8475357798250354,-2.1595821934948756,-2.3399165871816523,1
0.9493372619670684,0.04347126480665364,-0.021354468779216873,4.208222991669371,-1.827168818163325,2.483681398405232,-0.9157473364962363,1.978168548243892,-2.2633490885735905,-2.0973412903366544,-1.5089113213026255,-0.7058141864612897,1
-0.024562397866116536,-0.4024020725974653,3.1287254068475363,1.028744871438232,0.7024705421032702,0.5302678594359317,-1.2738674879832286,0.6517779919048055,-2.412441414401592,-0.5348127433632257,1.681335283237458,1.3235698273661305,0
0.5037515185045188,0.23344702150261387,1.4676883794347673,-3.1944134165845726,-0.8881354342626294,-2.4786871781174646,1.4476481544018212,-0.4616333508131886,0.8428935449694622,1.727101761716269,-0.34809572118213916,-1.8695732216551297,0
-0.3400170214336983,2.4375009780378267,2.006259794063717,-0.1288060176531508,1.6593531738757545,-1.5540500104701813,-1.635306227316308,-0.42879389137915935,3.244602236577379,0.46378286272327607,4.241482357601761,-0.2980980215433042,0
1.0942876803230348,4.176033691673638,-1.7163532554132455,5.639792328759462,3.679448866892873,-3.5548674564087928,-2.512998998109519,-0.8950201447628992,6.081979105444617,-2.989685747254832,-0.9722654480439514,1.497475572284813,1
1.572816840094824,-0.3998261308616662,0.5264532534862404,2.1877442510484815,2.6819969024916768,3.20147669802675,-1.798062449818937,0.8010281890860613,-1.856505993684027,-1.544761284711738,4.084641647522709,3.662882914841913,1
-0.386175388713812,2.9616840063182925,2.05234470599229,3.8151143075615574,-1.194289131809764,0.6157085051856394,-2.206304705370278,1.674583256989755,0.44502816420182634,-0.7167722594804995,2.4842311974853093,-0.863378182373123,0
-0.9154719747043031,0.930089435704929,2.2709816260692586,-2.7184222156265587,0.13443441735650996,1.114937179565703,1.759612880109486,0.5092265179516127,-1.4651351140907094,2.6505410269855303,1.927473754616529,-1.2525300900506906,0
1.496211356082271,-3.821691997193926,0.13861051260600088,-3.9435063917720603,-2.6992580243386235,2.388457010733013,1.1121206441038682,-2.014249015425135,-1.6922167097109075,-0.013507322270490452,1.615324100731372,-2.81438972755727,0
0.2980428344471023,3.7718468708270474,-0.3511665211973791,7.254474781292995,-0.9781563298211458,-0.6251734840689422,-3.3471716456540324,-1.2549391289327807,1.3321773131577475,-1.6168291959568006,-1.3387037350326327,0.8034860798869756,0
-0.0610591187064623,-1.056626814282202,1.4588325123125419,-2.396867587901458,-3.2933775335897884,-2.0794368685692226,0.5288377179937618,-0.060687792080573455,-0.12987588379793058,0.5738183385967282,-0.2488373934881023,-2.2225603542467685,0
0.6050464857777307,1.4547007178235911,1.7154504209300008,-2.6834523314781387,0.6473336374382643,-0.8681104422132188,2.007172571584506,1.0259260648241921,0.7140717798074344,1.9520601003738207,0.7239541631383526,-1.9799750398434235,0
-0.12502912246587225,-1.5426846215347227,1.365457490724568,3.6724101272266654,1.2864241088474961,1.1226673220904355,-3.0567581264844224,0.9002849637342714,0.15676046459666174,-4.611715345183618,1.8770071318213142,0.30274288449101805,1
-0.5477188342964819,2.437565201585673,-1.097733196318314,1.9637712794546034,-5.564745709497872,3.2219153106009686,2.6124486644489524,-0.013703019980875497,-1.7390501326874044,-1.1651370034326682,2.0013449237001177,-2.667215120981927,1
-1.0428168507877051,0.01941417117689448,1.6048596337606806,1.8065725929840033,1.7235187751424057,0.2929482521658904,-2.178750524062945,-0.9742867373206776,-0.48912752647263774,-0.6033445595199917,1.1169455718365948,1.511491506496636,0
-1.298730382762442,-0.902887150648261,0.23187295718548928,0.08954613900390762,0.6281198972049746,1.1707044045980743,1.610311788364815,-0.3997400017863846,-0.4812945486318793,-1.2137807862269787,-3.007792871349309,-3.137756464846102,1
0.4022903796867612,0.6334762653432685,3.166023929035751,1.5051966284320664,-2.7033687288829022,1.6768521436721888,0.4784771973005293,-2.1201671566841203,-4.751499930043055,-0.2741347925442178,2.016005230396512,0.8051563645766862,0
0.021584531664169057,-0.20013427027474406,2.367814327876747,-4.220235931104083,0.7023526979077279,0.24076855617769932,1.2567425247909185,-1.01561103218916,-1.3339036119411363,3.756732055569763,1.2105670235610506,-0.8032949451275602,0
-2.1456790001749124,1.1083459268528837,2.434864735736104,-1.0714377187949198,0.34204871514426505,-2.7150421884987406,0.6703648426231066,-0.8055339092640456,0.34733348921266544,0.9077396203076499,-0.5341212224246457,-0.6028480167969532,0
-0.9052115901497112,-3.994415852014442,2.1863826967476934,1.9992122004652126,1.6053430733608134,3.5290349509161048,-2.32645012826962,-1.5661777088424604,-6.376069798587872,-0.9188272286203885,-0.9830487761061233,3.5709523910314043,0
-0.9033804297871654,-0.6685693948800705,0.24042774319410143,-7.150357022826513,2.6522735609862367,-0.38180164448391163,4.352878521389735,-1.238088601125516,1.3057680098884212,2.5830294373445777,1.506235999702176,-1.878038240794059,0
-1.5051130010494964,1.3270256164443808,4.314029656029363,3.3339835393776536,-0.4326637417759869,-2.005957396174706,-2.6493111387006154,1.2842407583721849,-0.8811729137301518,0.09950056315248124,-2.7155781885133496,-1.5174125323128838,1
-0.0235321610643503,-0.9683517938663144,2.488826185479863,-4.1301542361832295,-1.6510213815655312,3.3109631041987333,2.0490836229655347,-2.087850203114882,-2.8336069310670227,3.0143227857950863,1.9351536126088351,-3.7021067504771774,1
-0.39245335473735654,0.08058362473501368,2.3026089602016757,3.7172203184366786,-2.6205571498993945,2.110690256908235,-0.9957684882477095,0.6058759347728447,-4.9904147717659715,-1.0646086437772133,0.015026893721219015,1.2882802970794456,0
9.810082626215268e-05,-0.3069296369998209,2.4824557237915252,1.4609322457464327,-0.2995309775609417,-0.686683200444357,-0.024393500444191973,1.2690281667393184,-0.6778192055199185,-2.484534873549503,-0.5915577551272904,-1.6413490198623482,1
0.41487593584649485,3.852207039986904,-0.6904532524011153,2.029983078151838,-0.7344505435400683,0.8228152939403269,-0.5130485385926207,-0.41179882491763353,3.2578130693843432,-0.7189254033846306,4.536343658186928,-1.1997818723139368,0
0.31484787147253984,-0.9555459983169976,-0.0033997375799357243,1.3919753517627396,-2.036598019847443,2.881507972429683,0.21420138785554732,-2.0438393404482875,-2.5525369241883547,-2.18223172713467,2.3591597777573083,0.367709212029518,0
-0.3727097961728264,-1.1008102892557508,0.5864644348133308,-3.1717678110752723,-1.744602575669211,0.6767875386993554,0.8476656059385675,0.8283209195055898,-0.3579984032090649,1.2917688893652692,1.9537913474549042,-1.7435989937532708,0
0.6625313006539739,-1.0373098477938245,-0.14406955931877108,-1.1133502613837714,0.13781468765790605,1.5444902258554696,0.8632667892062726,-0.6870499405503723,-0.46043861594488694,-1.6395438590821672,3.6782920042768192,0.6374685327652747,0
0.3150773797253972,-0.723500378800469,1.2903612972804983,-0.33058352322480333,-2.3424732353972826,-0.675424149812611,-0.4789203660370165,0.6467080799961509,-1.0034903776491733,-0.11031765757271628,0.464993154257454,-0.5427061883026136,0
-0.34789585134189843,4.29490381069877,-1.0526181124917815,6.749939211904701,-1.1297434301026366,-0.6717983985573206,-2.8442829005780954,0.07528808324949778,3.17706036664213,-2.4132117898882006,0.31936447500537646,-0.2527194491499307,0
1.3559750815011953,-0.05709815423905429,3.3573882692609254,1.9390392818697586,-0.21859114129991009,-1.9237807955812136,-0.36906096200185434,-1.60964280664516,-2.531940870513548,-1.298617294897952,-1.928017920478811,0.8216481394553337,1
-0.7597990518815708,-0.6587613421921773,3.2511771706833086,-3.194619244412276,-2.5379294155353884,1.6372792530608296,0.8244507612888239,0.07767772508965978,-2.6560104212418842,3.3434206289835666,0.5487778747965186,-3.692773406591674,0
0.4785726650448128,-2.6628709116918534,-0.1185710868937937,-3.351052037625786,-0.5388261917448022,-3.484833041478433,0.5932392078361362,0.042064072869652046,1.063779245393491,-0.6539450201431909,-0.6489888387430203,0.37993010651793657,0
-0.39485051457071085,0.6980807092721836,0.20917244421582304,4.211682286968786,-2.5674772801013805,1.4075686322047312,-0.5284613213820081,0.4778508508889568,-1.8485081634848421,-2.457064116107111,-0.9740207256454153,-0.6274411209051611,1
1.4560831561051957,-2.2305063130604537,-0.23316998568110026,-2.6960101593484,-2.4060430253424756,-0.03210939596871898,0.09375837523738884,-0.09776023145062952,-0.7699163086166997,0.3424571308232831,1.863349224461472,0.13149956330942225,0
-1.0103427900094428,-0.5152873930640471,-0.602782887940827,-1.784327083353905,-1.0534921862348812,-3.467856593007583,-0.983989377333757,-0.32596400233199246,4.138505112319777,0.21252611807843502,-1.2021391099841587,-2.6506411759396578,1
0.7505676466078258,0.6878508612815064,1.7326974136876365,4.233149637772045,-1.4338733212113195,1.7267114671969517,-1.121529820252175,0.1680596932969287,-3.8667330772246906,-1.3248541747988838,-0.2159668529457599,1.6232972583185519,0
-0.9944635899405821,-1.577618135745245,1.939831168789846,-1.3810071249608074,-3.696871892010522,0.7668701592028746,-0.9594389752877248,-0.8863715971700209,-2.284614300097812,1.6202909708759634,0.39415307882230877,-1.916296566853899,0
0.08595469910916517,1.1059349641492944,1.2284498861170499,4.398411793224769,-5.261630593857428,3.6261768877903138,0.9294469364076685,0.12460189663296851,-7.017871495647407,-0.8560638524699551,-0.15210022750513796,1.326685302596572,0
-0.45886704372541204,0.4898468031569321,2.319807375403098,1.1267774663524721,-1.5809663264738893,1.363396296117264,1.5740377882786214,0.7505762185405178,-2.355238069568758,-3.3498988396410514,4.412437534329202,0.19507721705629666,1
-2.210589769580249,-0.048366048881449464,0.8070973384945638,0.8239553093676497,-4.013959615314732,2.2086250802568532,1.9869693619254154,-0.2945281701424086,-3.484800437119761,-0.43911452705787535,-1.3241050934410414,-2.5861748095128103,1
1.847602546882723,-0.3739729526770823,2.1441979965870632,3.6782455150213695,0.030210958570709767,0.8985112206681334,-1.671045654005498,0.21220259729462407,-4.262166641799478,-0.918706822218917,-1.3563852834202574,2.8398224214539063,0
0.11131044403498067,0.7704420481808377,2.9942580080061587,3.362428923606029,1.078825014231429,1.0717517372766243,-2.9346341285435473,-1.5525685487013066,-1.6806577024534721,-0.4072347541683137,1.0630632253416619,1.0248235413690598,0
0.37151743306002755,0.34730501334902697,1.1505729507226303,-3.1203709182097183,-1.5048009741893575,3.036335409185556,1.0225378942644812,-1.4062857108139792,-2.622612428538821,3.3528291542675737,4.899939125361188,0.4795558697020901,0
-0.423040544159792,-0.8893479212501914,3.329801042304953,2.236989746253213,0.021084711267066458,0.9801400622166327,-0.45603340727730957,-0.7364055146982311,-2.941444361212475,-3.439837581554523,2.053752932251623,0.6851177348153885,1
0.953461513432293,-0.26954185432081934,1.0800179096975333,-2.361936716270335,-1.6950171213294793,-1.5719016106872603,1.13567875562911,-0.022552206492726715,0.12896399061680133,0.6193310763117137,0.5973355135097271,-1.276673806241932,0
-0.3512794133555023,0.5160493255444774,0.4465002169768414,3.0039204726700377,-1.4523085248269103,0.8392805083613244,-1.3044537781731118,-1.51915632837467,-0.6068775447086613,-1.2024010796454008,-0.872897813415194,-1.005413773066128,1
0.2964096585676472,0.15698458112056235,1.3724319764287867,-4.081684989448348,-0.5047405850680974,-1.1690521497489206,1.695064976968457,1.6863272915612428,0.3290394258072218,2.640951476983361,0.9257038254166273,-1.6178079690627927,0
-0.3784570631540027,3.059367660054683,1.6263846358312684,0.854449389735825,-3.724396014894662,-3.9132135438487303,2.3948418759995094,-0.9498846160577866,-0.46166145240983875,0.7818013922175486,-3.9022790771522873,-2.097603724105382,1
0.7911671742556987,2.869807854349643,3.140533078381379,0.6734720058354722,-0.6974596612748672,-3.4118092298156935,0.08178249486011946,0.908612215166999,0.29447184372598634,0.9676659485254173,-0.17507961841345243,-0.2235540903437715,0
-1.2042919199255457,-1.0582864620654449,1.484999374709278,-4.9493047384016196,0.5480653973801461,-2.879955588069553,2.5806152222884395,0.2909153063750557,0.99670757419297,1.6453669282877952,-1.7328661487588186,-2.545279463723285,0
-0.4156358292890053,2.4373446535893994,1.4715424606791718,5.247256724041596,-2.378114262705806,0.9475099864235654,-1.3804368088421017,-1.3872669871359113,-3.192062403992057,-0.4607241408058258,-0.7593579729560078,1.4908381048647623,0
-0.3704156050833434,0.15689516008767246,0.5718852392784214,-4.500864005648357,2.1442768253947486,-2.041339876583013,1.9084169048931958,-0.40406660256481314,1.9493530314861154,1.519600050305416,2.262646614915896,0.2441430948923924,0
1.1628579672542034,0.43553730520407186,0.36218529463446636,-3.4772350399697243,1.7433895745969448,-2.6782627435387876,1.342436308294975,-1.0237428590640312,1.7011719929911109,1.2713318439400045,1.996886559955597,1.4911482938199647,0
-1.1975054050599943,-1.7217750295373944,1.0477106193101446,-2.9082017721211764,0.6144611975784087,-2.0141440486147237,2.0962294137132926,0.4173176583671023,1.6946582738146507,-1.3305102509880449,-2.1603887621853204,-3.9526536731614392,0
-0.8175334105484111,2.9312449812889367,1.6067156972390593,1.4885950648726816,1.438967276617896,-0.9207167318392795,-2.2029774917751976,0.2588178491062488,2.6477282978086665,0.6088581673232252,3.0991785250887816,0.038289823573426474,0
1.0800990585821748,-1.4069193256554753,3.830962766534765,-4.669563455455363,-1.6298643074627055,-3.3710910392922737,2.4266285014945606,1.1657676213080912,-1.6197188084239178,2.143982417110045,-2.646294228190132,-2.9087483971242776,1
-1.4158814739573864,4.56743369930539,-0.047143862409520176,2.498900098718156,-0.37328597868468616,-1.595744944288461,-1.202263096378594,-2.1884348771424906,3.6907662020853658,0.09743388661968222,2.72391808782631,-0.27125841561316255,0
-0.9000876725195328,-0.9643161501258148,0.6783652450395319,-4.434234289605689,0.02864570164290292,-2.1380834406770495,2.5665497889955518,1.4443275460499578,0.9768688638595606,0.9906151575088906,-0.5774130449515928,-1.9956718210272468,0
0.0663199127553087,1.206709292542113,2.872254226312105,0.47740131541302083,1.1092397466673538,1.0931020777373746,-2.722911897167176,-0.5433966790534852,1.2715098429485916,0.5187150847726372,4.778488232289629,-1.0317051853247357,0
-0.6167430163442439,1.899016935812745,0.33849294738248914,1.2935247112378732,-1.9742629312605202,0.8071472308850725,0.11974548322944045,1.4699355358205197,0.20319861930344504,-0.804347676062776,3.125559371186284,-0.4953448126986102,0
-0.5221069919089798,1.0107365934267136,-0.6602962456149963,-5.427214725481585,1.8141200076661348,-3.198673080981803,2.739033529459533,0.5741381092145837,3.5990439586462903,1.7609995860173817,2.9814797369167416,0.4617536093730674,0
1.269127875765806,0.5003277057846439,3.135526547219562,-0.6312914192433776,-1.353218414992692,1.0849610537855485,2.883931225236628,-0.08247074871297577,-3.2432904932313686,-0.8044623081818887,1.2630198230081242,-1.5790181866522752,1
1.204511787780645,-2.5883892300561264,0.34918428826173586,-1.2094625794240077,-2.425935593667221,-1.974685322598683,-0.7429630970291443,0.6926207493478533,-0.8948127522077152,-1.0150625447914376,0.16640711958942644,1.0962772393979225,0
0.9990805984498086,-1.0874117113521498,2.824092258918671,-0.9457206900719476,-1.4404423884057995,0.9298118166366274,-0.43199821397410254,0.02807332318772144,-3.348020028771834,1.63181261302715,0.23691794305658243,-0.3352979873964691,0
0.09927770101614805,-2.039784633391588,0.8631034616602433,-4.980025262188785,-1.7847738174733894,-0.6197276346109944,2.1829946508059206,-0.16470525979865364,0.4470202628498107,0.9240025718390793,0.38115661103995857,-3.7679345199445176,0
0.30829683553017634,1.0251221818241083,1.3133944309651286,-0.3247432686324861,-1.9027684497167385,-2.343728210244853,-0.7246671817723249,-0.4330576775171091,0.08124156523933065,0.6973957566581697,2.0442408449868124,1.3895727504320634,0
-0.18025959102351072,2.6888084417118443,-1.7014312222316308,-2.358841844047814,-2.46620112170125,3.5210506949060423,4.646620958432456,1.6251290853814342,-0.5283048630446723,1.00801360838841,5.161754995224942,-1.3945998281132603,1
-0.00774668255412046,-1.4599770403343806,0.859629074934406,-2.7495491368323157,-0.9007873694527897,-1.751825164305985,0.655562787141412,0.5008460868626801,0.6880606686265499,-0.02285243326057329,0.24434179590616645,-1.406361247142401,0
-0.10952829815799354,4.820389588123138,0.07764223411921234,3.45068982787659,-1.4889853145595602,-0.6160109143369499,-1.3745425957335793,-1.2932092477877715,3.2201510522189865,-0.3529654820352337,3.032884764533708,-1.105147827440899,0
-0.9928909114320806,-1.11382530849497,0.2051729734610831,0.0789391949563362,-1.7301421061778504,-2.441094814634779,-1.3057119154107921,-0.2658107439384235,-0.7069375337696184,-0.807688826770075,1.0724568497630045,3.1698779138315825,0
0.8315819232430353,0.06564085832965993,3.484549322228738,-1.83290583506467,-0.6385332237406568,0.42528623525040743,-0.24560083695721024,0.4977945990193582,-1.975776618859347,2.4313270524849724,1.6068237734430586,-1.0372654429821808,0
1.3361981754047243,1.9689979656155767,4.261745156015557,1.7790211911526403,4.498800663284418,-2.6705490447989604,-1.5937384477296028,-1.3659554702025398,-1.3389471202025736,1.9587708106363673,-2.4180271367287434,2.7700068473181805,1
-1.0395939677916228,2.31287614502877,2.3139388396664358,0.571537342861266,-1.5808255604546608,-3.403466318602121,-0.683637540676558,-0.4801466063822151,-0.09456564796815399,1.1076909641671717,1.086542345546337,1.6305734846253679,0
-0.1794358931000906,3.1935817944102225,-0.9025825240306862,5.6012030447054455,-2.355620848438503,2.4824374871472252,-2.1466859087323704,-0.3913160702958923,0.5278302536691665,-1.4333931658017298,1.774800907269183,-0.6171399723557398,0
-0.42088776694190533,1.798666697842319,1.0920485483366722,3.374941785771117,-0.6712119371993874,-0.3081129906535216,-1.8223419571656305,0.4571263840818881,0.5132887652144402,-1.479850511421926,1.2459713981848792,0.1989898891887215,0
0.6104845305738694,2.290513288487359,2.1324809998295065,-4.00289434599377,2.749663644215001,-2.900914468004789,1.2915676606498465,0.5432459105742072,1.3125489753614794,4.066931172236565,2.106341707385007,1.456443082574625,0
-0.9718366027454091,0.1215855102947414,0.2915243765303167,-0.3324793473162506,1.1770769708821978,2.3724488674661197,0.6019971191370518,-0.46276825529051774,-1.4631000618028662,0.5793664387571742,1.690308068858459,0.7017741863617519,1
-0.8619721238133802,3.5276808348895705,1.8116934253953785,7.425426217576717,-1.124512657069396,-0.9776974089441985,-3.4648070915270957,0.7136127394440192,-0.74542301940007,-1.9903734109497409,-0.0983955148536717,2.280627906118233,1
-0.6913138442552708,2.2465879899164376,1.9559356238873122,3.209536014522558,-3.012531647294617,-2.0299915470534904,0.04967304741763545,-1.331522593605685,-2.9501838642224736,-0.8011962375054485,0.10087011973514026,2.90945039396816,1
-1.2962175786429473,-2.458230758135425,1.7230154919556355,-3.467557719808909,-1.071835242944042,0.6787540707920654,0.7257011594692703,0.1385373478041709,-2.186865185142945,1.399204362300181,0.6862765727766784,-1.041869253960803,0
-1.713898886043182,3.425160376930017,4.628061970027501,1.4003853837346567,-2.6211716631259487,2.726243921902217,-0.38957551213293296,-0.8356986068924279,-4.370349487847958,3.7487355765075168,2.526096313645936,-0.9853724736185634,0
-0.3714658498820861,3.4522178347914942,2.190419520663001,4.874350677208244,-2.8043863356138683,2.623831655646457,-2.3462054168868747,0.30528681473247277,-0.33604289308991897,-0.9871051934546717,3.6157565503055356,-2.1416543275709867,0
-1.1462238831454188,0.5887714858984776,1.0415311957051798,0.9165550643968905,-5.672062212857652,3.9338865191808057,3.245860642876736,-2.2763990698345964,-5.7383139214605015,-1.594591813724877,3.7514217216618335,-0.09753143928941554,1
1.0209448326571027,-0.5042615388210223,2.7598956136455572,-2.667951207005971,-0.8477564332532754,0.6312666739510056,0.7186978903580221,-0.1810471491450446,-1.218663438105285,1.8035609970053663,1.10520498185324,-2.593647091638668,0
-1.6066269189911937,1.266008859146462,1.2743634916916953,0.5430792415223483,1.4298409577795415,-0.6347024991127332,-1.1764155491253265,-1.523931251788628,0.9071002743312453,0.14448017165715976,2.367563536180737,1.1556807875401367,0
0.8173835294080448,0.47870670604789733,-0.9010789191529338,2.5466884257000335,-3.510061161574586,2.519961939316646,0.9238404616899338,0.3191258018466839,-2.8797963007924956,-1.8863656480751967,1.3358760482612353,0.7604691719687071,0
1.160357746809222,1.2836448708396435,0.827243138077132,5.899658063908706,-3.069751487511451,3.7536224964501637,-1.6593055683029427,0.7346643320031258,-3.5754153950727963,-2.0898963453978667,0.6560761618884692,0.08328300694025181,0
0.6341694614745308,1.5189533048326394,0.34397786555781407,2.7532815728123348,1.6586095550582813,-0.9383374866191543,0.8186007514957967,0.7509372540916258,0.6034948399688144,-2.3260171124769204,-2.1536537813278844,-0.2916565597614088,1
-1.6187427105128118,2.6931258258702737,0.5653725873251081,4.226393488694784,1.2991656739481408,-4.582460443797746,-3.1801801692639446,0.7936201657022931,6.272101529781611,-2.4726392785830775,-2.870135490265382,-3.008374853319584,1
-0.4784475335556052,1.4935602676182276,-2.852422781832244,4.478324884286396,-5.186054762012008,-0.4912275576653675,0.15756345913328484,0.4030330766094448,2.5396393462651954,-5.2235623773128275,0.16308908957349022,-2.546821726475194,1
-1.0681065295175685,2.798998785575762,3.8767107353716823,4.7257941054801575,-3.5787476940698126,0.2199834679732866,-1.448278404770877,0.9832695319225812,-4.0567798191159845,0.12270106891944277,0.03301710445720152,0.5350544103604725,0
-0.19060606415886927,0.5403287696411458,2.1482466012419503,-1.200076837168881,-0.6261994891938527,-3.076715428439546,-0.1859345682168605,-0.722333688611787,0.31655858892341543,1.2408513507850305,-0.4919162793183003,-0.18589468375220686,0
0.7990049813038732,1.4997088911404584,0.554692875624304,2.0912983690198828,-1.1383474515778471,1.4282966091557086,-0.2941841609478748,0.1222202766725705,-1.2503308136088223,-0.5110737841826025,1.9750213212331325,0.6919374123332358,0
0.12333304675513501,0.22339034137461833,1.198813678409035,2.2963955340875546,-1.0479784793925513,1.888608720489641,-0.19363450377504043,1.1846973834184356,-1.1094282516299867,-2.0012310759311225,0.39308331606149205,-1.91848698242193,1
-0.055708275988115306,0.7824305664378268,1.834411462279587,-1.7315325784269795,-1.4929592025433733,-0.02010897455014804,0.5358047065737095,-1.9960668920167186,-1.0946541793653857,1.7451958270299985,2.6739725002935666,-0.09869192836686613,0
-1.3903041697040048,1.052062816965213,0.35696429064599533,0.27241634594804903,-1.981795211556323,1.597054519957994,0.8186616865163876,-0.10635657471740319,-0.1938123649960783,-1.3075997574583107,4.201654746433983,-0.7887147176399154,0
-0.7445370190611232,-1.2029167991545044,-0.4296794259095533,-7.719502843938546,-0.055217980366981,0.402911243322541,3.894335393600979,-1.4223249171096577,1.210208969688179,2.744204378709509,3.338354337830528,-2.4398975300221375,0
-0.6337351935926501,0.27826859853880803,0.8884874382569972,-0.1681688606934946,-2.525738217156351,-0.504701841605105,-0.3336852771814538,0.494084467741758,0.21134092222613357,0.02810788687232213,0.9359677359787166,-1.635380485872214,0
0.7590038934598345,2.9639191254741704,0.2589718448032494,2.0871313178807434,-3.5417411459001755,-0.5047762427275515,1.7134710460727867,-0.5662020925160008,-0.2538406397681581,-0.7108534028739095,-0.45266320720922626,-1.9249098618970613,1
0.915456497684035,-0.9861043310885803,0.3371270094131682,-4.926002560880211,1.2907976133187926,-4.902794337007313,2.5585608930573165,0.02617348863084017,3.025336880184329,0.4519433358126528,-1.8458604492266537,-1.564823002710066,0
1.7355664044526709,0.07721247433028489,1.1423911201033716,-0.6844661284924491,-1.1076196022138078,-2.4475023507714058,-0.25974874709573337,2.5900295108475735,-0.49791829540111177,0.2415696071661878,1.1179306593736942,1.9953140502494993,0
-1.0500926163798605,5.254357774521143,-2.049607670332539,5.363672168665934,-1.1548870552080395,-1.458921651546134,-2.072974040276399,-2.25130929240314,4.561199217570136,-1.0495650176842364,0.7262452536789313,-0.2613345323963421,0
0.07425195814850238,1.9906294053018638,0.13044392627884205,0.8270259959170979,-5.35734606520556,3.867287826358069,3.555890133308939,-0.6100383778396549,-3.6974497735257024,-1.3225714595308156,4.563957303790257,-1.0125683944554296,1
0.3876436942873968,-1.8281814731151427,1.5759029150576207,-4.6355913790017755,-1.7421331697889328,1.97700049912781,1.4630250172450512,0.7910038750152105,-1.8375369117971625,2.2839463704456415,2.6176210801497617,-2.3166002753452313,0
0.986769595629227,2.1324464175253617,-0.7468544442735048,0.2954012706533475,1.1610442910655645,1.021428395731969,0.6470022693522258,0.14657561999417293,0.8745709660317086,1.0513124457654586,1.2352465102556822,0.23757009449654842,1
1.0671133319769228,0.031005897762523604,2.4955920970942698,-0.824284765987967,-2.349830404123176,0.3464549118691709,-0.06315844487916689,1.7066991305709414,-1.6215351758608625,1.065937585699214,1.1197157628125107,-1.7631383169068666,0
-1.9081505510205632,-0.771108235628428,0.7067274660335872,1.1334455491109574,-0.33918601683811955,2.054439616725567,0.23598077916960136,-0.8677182833805666,-4.8459017684809265,0.4536970711657897,-0.21629639648542232,3.301555015199466,0
1.042888115230062,-1.563667377308335,0.36780117184273897,-2.1365634802125197,-1.752366560942676,-3.3406280974644758,0.12014075496014232,-0.9840603110730579,1.8995127874272841,-1.0671670662253847,-0.4384400959059038,-1.5715228946511997,0
-0.8560524932113655,-2.961552303903949,0.33716332181268927,5.361389436921146,-2.9654570738943438,5.711384071409583,-0.6213374617127969,2.4517518851609994,-8.67011261832708,-3.2160941124338183,-1.9737369054817293,2.713157673575475,0
-1.8629709206191905,2.2802535313742798,1.1485256199314193,3.4192799523183233,-1.5399865102135701,-3.322740777126058,0.09742293576943406,-0.25693573067781655,1.344963433686109,-2.7780272472514613,-1.9933031565690897,-1.1391380965000932,1
-0.2842001143365889,-1.7472054652011608,2.5332886246222404,-5.525662426366387,-1.9859409390737914,5.220740831304876,2.014447642591234,-0.25961780636220505,-3.7103730269840876,4.407691108188924,2.9718167661891,-4.384262032475902,0
0.2253374771727099,0.8111510348892799,2.766060599353753,1.0261520213775501,-0.32848286120309766,-1.3905026567178957,0.9036800713557653,-0.44458427163579867,-0.6154396001445014,-2.0343260749546417,0.1346169005461405,-1.121494485879023,1
0.6880914056843107,1.3977860188353755,1.3604156586609948,5.0236467972765535,0.49843584951892206,-0.09093240161821181,-3.3211678555556583,-0.020192260711762014,0.43061732227704114,-2.0730439107984977,0.07633353322732006,0.6063380694585213,0
0.8033929663564516,-1.5521820217998006,1.2307462429924754,-0.8728294910298998,-1.572073781760793,-0.8733302841157438,0.23565174954547252,-2.3899545605779777,-1.055614049193123,-1.001989187579147,0.033046428477028766,-0.5444000156060962,0
0.2185788620138145,0.22214935155696947,-0.33934153692756674,-1.5987211427759906,-2.562624388002712,-2.6574565584763237,0.19253656250190443,0.7125886564968323,0.7661190001315726,0.047003717374580534,2.795480159575763,1.884166342775075,0
0.10291520521882007,0.7955535802938802,1.0236054002625419,4.396743583929746,-1.5431372750503387,3.5711656527296345,-1.7336609153789873,1.8835358576589745,-3.115889415431135,-1.22068982606309,1.256671419325272,0.5582005263913674,0
-2.1761831409200196,3.3845129988345413,1.4644244337816554,7.902977614424061,-1.7353149240091175,-0.7010671057354871,-3.879421852200541,0.09636730062917206,0.8862106662934447,-3.1047480360913324,-0.28584595623310316,-0.21747550871638943,1
1.3467262735429195,2.2718686255360976,0.023563211574291754,6.5481672419571355,-1.2557359818015312,-0.5046020789781507,-3.0243370694703606,-0.3601576892271132,0.17034587426289763,-2.2499047283921705,-1.5107652703837169,1.0337614104787953,0
0.28547098088444556,-2.5833239527454843,3.1813368833760305,-3.3085153459507213,-3.8197129752618775,5.31386353070982,0.11824633575880938,-0.93267192695182,-5.0913662294474396,2.9270246083156355,3.1872172436884654,-3.469723537236281,0
1.1911653649024403,4.501382038456995,2.347144822596606,8.39097976363484,-0.8521037562645951,-1.6532218743905087,-4.294550219631331,0.14596681147437038,-0.07812707222358325,-0.9250198669248564,-2.278770025579583,1.0857039957952965,0
1.4552472191820576,4.7641238860509425,-3.2804704851389044,4.573627477249126,-0.11559532294679287,-0.3380700013245712,-1.7570871020721164,-1.08717268369345,5.786355597223205,-1.7041129956003491,2.2111761069787956,-0.5765573069964334,0
1.9388991784816005,4.248525137705216,-0.18874552068148875,2.8722815629721814,0.2771794205398712,-1.66761991491911,-2.3637474080813403,0.08213022560414467,4.872907140384876,-0.2533887096481572,2.749365656668503,-0.7526484410799794,0
1.595883105294111,-0.6155571697568998,1.5429340411782189,5.479675673717713,0.6078970031489919,0.016687382080313395,-3.099668451483498,-0.6780940054526295,-3.7475658850634557,-1.5324441993961266,-3.54321593894372,3.579962951516344,0
-0.33656049309339753,0.7483094390980878,-1.3948317155593561,-0.8032741026475076,-0.34227483936926406,0.5105961510083247,1.364552448367661,-0.6196942917059404,1.0945656072337577,-1.0482444875037076,3.4967029981118936,0.7408146257567767,0
2.6099422774892407,2.2521157647745955,-0.5772947114746725,3.464220550397608,-0.8164502451244081,-0.5327358377601428,-1.467314693660758,0.27562881621998553,2.5505399706740395,-2.2140334954695655,1.2808687178441307,-0.6872666290379319,1
-1.5474633248211696,0.9653711030128592,-0.44067734949268433,1.6344945794462558,0.20040578035140189,0.03894948595262537,-0.039169166066102434,-2.9939062576763087,0.35241636933006026,-1.062006249694713,0.17838658344005331,0.5459148046434572,1
0.5917819544906741,-1.118478897150807,1.8472155985037562,-0.35316386763620294,-4.820335085450843,-2.267682101764283,1.4165208631150117,-0.5337527220282872,-1.8419725880722286,-1.0395812672866875,-3.3233003272362094,-3.1327898358967907,1
0.0010904667331891912,4.8649492802330485,0.016521245485438207,5.012766492533948,-2.2481491878518423,1.166605017275178,-1.340129285026844,0.03603835579488826,1.8084996425765758,-1.1482846036978538,2.943405641557145,-1.359091850852443,0
1.8166665011984622,-0.9619985649686751,5.253264381966932,0.9420125993151602,0.9641655670997915,-0.1144197197905581,-2.5712208323086845,-0.33477553341515265,-3.9740374114705386,0.8892380184614239,0.6340303358323878,1.8697347635882053,0
-0.582527246018331,2.3195092026696464,-3.4015619568685516,5.0769895976821,-1.405288580685398,1.652393744720376,-0.26958671014206625,-0.04303182873726845,2.6052011818271077,-4.625783473579464,1.9428615192218812,-0.34619930188802894,1
-0.44778016333061593,-0.7712618621081895,-0.4402478903088838,2.6822862502530493,-0.42089793183902136,2.1076955106067827,-1.3202873094661087,1.201702676825671,-1.2382565312222875,-2.2762527874952774,0.9893563991634025,0.9509181115760305,0
-1.341405170978784,-3.229938285994723,1.2905815201270736,-2.310384884152025,-4.700283673808713,3.880069857924042,-0.5262411645065639,-1.0640199716831762,-4.735574242913751,1.6745791937250656,2.5628570706701157,-1.0648535224992859,0
0.3888495670440193,2.6687100710192047,5.85613747038217,4.479725749999362,-0.04247674003358615,-0.19163046191235877,-5.173122624628955,0.12574696226587234,-0.5827940932192128,0.8206094902226353,1.9239468693421322,-1.0001982109601886,0
0.5807050779215729,-0.892297972582434,-0.38430779066512444,-2.645164111379044,-1.839047377433152,0.4371823343030026,0.6853761796463422,0.6875205612915242,-0.5230078160705672,0.9539924605822537,2.837709964512386,0.4368471623024368,0
3.1989802096780307,0.16699612036355904,1.0152457619394,2.055942260406084,-0.6433192032275707,4.299881573655968,-0.8919441303338114,-0.20961849402666866,-3.7113267374567602,0.6283429281271109,1.521361206540631,0.6703194102090304,1
0.4976026348212313,1.9468755137997005,1.4141196371816007,-0.8144927881180513,-0.8702377037312851,-4.50827221670561,0.1578161043095252,1.2369765283984695,1.6679534472460449,0.6474603822902905,0.9060955820872204,1.0746211359171154,0
2.4852601790064406,0.724981982998453,2.088922996118731,3.3823528072893474,-1.5471989038452603,2.688090509241812,-2.5549592907788083,-0.4008521701447934,-3.4531629805971154,0.6054752422327827,1.3086950749125235,1.1131234574053703,1
-0.10240992974865813,2.6546529635841463,1.8684156098723474,0.9795668882191234,-4.009687826428591,1.8253971726168112,1.1700161906482864,-0.0613029862266683,-1.5226007322597837,-0.44211015052349456,4.82273561293616,-1.531722863911681,0
-0.7102655554193423,-0.1876057386146981,-0.3935455983105862,-4.634985228430856,1.5624840132839792,-4.604413400894608,2.6996665599448724,1.2246919264337202,3.177960233659204,0.5151979756193933,-0.4379541481918501,-0.1398767597665247,0
0.14772183967387076,-2.6056461807976463,1.117562731843987,0.1045406812871961,-4.800563096205026,1.4424406945085337,-1.0417065490298003,-1.859918189316048,-3.172841727219396,-0.9140839658962674,0.8768902345963289,-1.0154718561189013,0
1.6504379260339062,0.32461895370861193,1.8159531099144037,-0.9635466320456841,1.8043714805427475,-2.9691994990519874,0.29007481978624305,-1.1984698526926232,2.466302203232436,-0.0014344320200451177,-2.781118057686477,-2.9731614531562354,1
-0.39909478692541556,1.9754182206599116,-2.653052657457016,3.7117947015633987,-0.45160228644786293,-0.7948634183174358,-0.5229724227632687,0.23291879923906947,4.006641073705256,-3.64996502796776,-0.14498195616679388,-1.2347155366989717,1
0.21343688283386958,-3.246546784041166,-0.09758951991730558,-3.1725197213571725,-0.9501768845664056,-1.6240404235268446,0.05528050641802207,-2.071561677597336,0.33641055801475334,-0.45260016742830556,-0.13818495826782073,-0.3974487998483146,0
1.0295882326421497,0.9347244750740604,2.4139370247877867,-1.1223775317980282,-0.45405844801271533,0.5197791196037458,0.18056589329117423,0.4243891480818799,-1.3274372394394405,1.9524467323566972,1.883660061247686,-0.5178929955835758,0
0.8321618843556948,-4.039729501668194,-1.2802032653864863,-6.352883470987515,-0.5597634955737768,-0.20531420686794843,2.1586569733526098,1.1416576740126294,0.8125668666477589,0.5255308935444484,0.7908152647854756,-1.8540040948065974,0
0.6812359701281778,1.844053910269531,-1.447689930725648,1.4835173107505402,-0.309119512620301,-1.643562513753837,-1.5642883708143116,0.12053422978565956,5.196751985957988,-1.6679797694954657,1.5616257288329418,-1.9591855812757961,1
-0.18036857451104618,1.4950763520277914,0.6690589932365771,-2.397338819088885,0.2110899395959076,-3.3924560999846163,1.0917989465000189,0.5332075345024466,2.7056749577167043,0.7179784624112671,1.7001388333078737,-0.22655684687497168,0
0.915740776677042,0.11840731249939518,-1.0701473879254961,-0.8110877938978929,-0.46285352442304206,1.7586241715605408,1.3989720544946058,-1.034415272652761,-0.4586025158158955,-0.7502736163082994,3.4361744840882573,0.9756438289944173,0
2.2648327485152633,2.348961766811022,1.192365837838285,2.1569624733602546,1.311732422264217,-0.15783117828668813,-2.2060919162273622,-0.3048336379415563,2.6200889221259644,-0.7829696831213583,3.2327898518561553,-0.36483091673645074,0
-0.6656555756508767,-0.40847808544376973,2.8106168601931256,0.9183927919100707,2.1164084740962625,-0.7509999219754924,-0.6680965766116012,-0.684427901388762,-0.010747212457763706,-1.5329157523859624,-0.9117033887152493,-1.2485899954769109,1
-0.9395163762847094,-3.1097096732022513,-0.3350668160250625,-2.4847630382461268,-1.0392705240791535,-2.540976465862197,0.21351592900961702,2.821302969483965,0.31716493662027034,-1.3630906299245606,-0.4506255766832947,0.6083784440226465,0
0.22696291846601235,-1.9110970144148145,0.5443083071484864,-1.896168872129183,-2.7821591682191293,-0.9434944030019343,0.424395591995954,0.11981482761472013,-0.7512928481843875,-0.3143776476419946,0.012228670168126121,-1.1593306855631043,0
0.20603352357998708,1.2276147766833654,3.051741965759109,5.157670680287973,-4.888938958641001,2.022145261092305,-2.3644796808924804,0.19510426068438574,-5.265264142188349,-0.5192713133821529,0.8440700775142265,0.9916369590500607,1
0.0709346023818384,0.6358139227603249,1.2026008800946018,2.7254973504762425,-1.0509064956142824,0.6988463515624724,-1.1074938083289692,0.5926881825894759,-2.3991804161549957,-0.4990495933845741,0.1667533005792654,1.5821277417534039,0
-0.01573432154264601,0.5478454071862409,2.1880629886386105,-1.3773787692302362,-1.2479192608261713,-1.3655480949960972,1.1025804853949652,-1.096751504230685,0.5403564969993911,0.40516306210643904,-0.6042442708940758,-3.436127337887045,0
-0.5307015626871777,0.5581469651511604,0.1194636023799669,-0.3441554622276295,-2.912919325632849,2.4504000126915515,2.5056042791253903,1.717500561025173,-4.012268382386538,0.2916503596632045,2.5155944404073063,1.41018322579311,0
1.3561151656737616,1.0421695030787155,-0.00864534420101326,4.430166713047388,-1.8170648593933962,1.7396872738049294,-1.2000425716722671,-1.2298978470879223,-1.7176203771059482,-2.1245834604624534,0.42831981462237134,0.8045323633538706,0
0.037818108517839746,0.634849411368106,2.1496006187286145,-2.846276627921994,1.387050635884588,-1.956800768840782,1.5478227641948439,-1.143746885396926,0.6403232649030379,1.648525793906916,-0.09204171372270475,-1.2133426422400402,0
0.3854791056043977,-0.6597720675855889,2.447742315609865,-0.2408334507071288,-2.789852992383916,-0.2766109891765005,-0.3301841709998934,-0.2206595708388284,-2.6363894543533446,0.40410155878603393,0.5184299754208924,-0.26988792414516616,0
-0.20203379828356216,-0.1961020083055831,4.518195614543959,5.0587085485471,-0.7953470234494778,1.14573717395251,-2.1693381037945083,1.272463242683855,-6.583218422057801,-1.0060394353482858,-1.8986179283639242,2.709186889832422,0
-1.2964519882990657,-3.1119514502165777,-0.22110934192239196,-2.613044729568281,-2.8405835228726914,-0.7977033590534512,0.23522012331131414,-1.549597483880965,-1.800799106229503,-0.3304471882342812,1.1819889050701673,1.4064420716711563,0
-0.04705197314291502,-0.2795989699315876,2.5149637657131825,-5.6788511069712655,1.3576261710413022,1.8465272483250907,1.9526331888245136,0.5370226770102832,-1.6721672572099666,4.522655633876717,3.282798004928201,-1.004308215622759,0
-0.926619419781134,0.7960982718595779,0.9109739654476041,-0.10935191582362143,-2.016614060346604,3.2797004175863056,2.4157388635757266,-1.5896101925412809,-2.714897480145561,-0.7694516406751541,3.404691194356715,-0.9675617695185762,1
-0.5241917137462802,2.843507494732988,-0.8268375785577151,5.384602559735813,-0.19329775819960293,-1.0158783379168126,-1.893628523018482,-0.8699021012037609,4.044038563963618,-3.74022557766163,-0.47861116984201324,-2.141939361970164,1
1.1552636359067368,-2.744097970478771,-1.1420212240763807,-6.944749288303538,1.5781308568868737,-2.4951794649527415,2.6934312301523136,-0.5540839469745903,2.8549967853311893,0.6073233530570172,0.982454510955092,-0.9907621932392277,0
0.3993258190710187,1.4974229959848537,-0.38036181774638655,2.9122500919902237,0.9636566626630236,0.5497645001735694,-2.8064801886714967,0.27319021368208846,1.9401894342787573,-0.5381763651950113,1.485004108358706,0.5294807123517533,0
-0.48900865603839744,0.7493349341404367,0.718971687142087,0.2560500052981729,0.05647255516011196,2.7178956134367676,1.1670868185701027,-1.0545741244552445,-1.375487312169759,-0.3166258307257295,2.189987320541573,-0.7852135180860834,1
-0.23908120207369055,-2.404389403118375,0.4257252021178727,3.468890454431938,2.403529485970215,1.0572814599255937,-3.348705565608405,-0.45914792234453056,-1.7500906267802046,-2.327790181533122,-1.5318526152551222,2.801159068144474,0
-0.22328727354918265,-0.9613636847149454,0.8844742685939903,-2.844687989165793,-0.4879792435312674,-0.45670874954573437,0.9891224570270487,3.0666985000391374,0.05038944838049577,0.31433637178322127,1.9929802487974215,-0.662806849053293,0
-0.1173032146822338,4.139672630909036,1.5764831248927453,4.504804196413677,-1.1148944606183857,-2.098094716227896,-1.222273238627721,0.9949651128963375,0.224683771940227,-0.4357682359677987,-0.10351426792553076,1.226477449832893,0
-0.8518522613037534,-1.159504292622938,2.260209842189121,3.5014493746362305,-2.02380940820088,2.9265671963870252,-0.631165133895904,-1.572510825900851,-7.057752829876485,-0.8791364785099115,-1.0521069525120956,2.664915414886247,0
0.48860884727393933,-3.468192736639044,0.9672309866022334,-3.344127521322412,-2.9837143723612414,0.3364587298211634,-0.0036556175453938966,0.7247134501482411,-2.4097710551288687,0.7290400396501102,1.198020890356144,-0.3472057310450988,0
-0.11674575506785809,1.964675085139977,0.8746511801934035,2.124309581895544,-1.0165698843183864,0.6431020652703278,-1.2762619239874717,0.47632628631202395,0.21158932708404876,-0.1885384713529632,2.325359238578459,-0.02425464653074516,0
1.5053367565251472,3.0299338480964777,-1.031170642019274,0.702352551330017,-2.8684217299349157,0.7184219423181686,2.0046549434167784,-1.21904323790361,0.43968671897113815,-0.5983817960095915,3.662384749834591,-0.1444663916663127,0
0.7808790004216142,3.5015976014049883,-0.13515541462026515,0.8137988077992252,0.27482737967489834,-0.8789054069909701,-0.7722542910618351,-0.4812141898624759,3.9620155318452333,-0.017418359469705602,4.114510644866774,-0.6678970334697172,0
-1.6635219461774455,-0.7652436420706612,1.6238015131257146,-3.937478463489748,1.5483671649061215,-2.10261737462406,2.2994801859696654,-1.383842550885529,0.6810388923722321,0.9434276367926329,-0.8796368472986578,-1.664307101424145,0
1.7000226995506762,1.2688960390705755,2.0311458224612045,0.5194677099863111,-0.5388682613029092,-2.2035891274176995,-0.16360552379330318,1.0432561344415405,0.9555058859700754,-0.2982268411958299,-0.4853445843950249,-1.5314464405348354,1
-0.01221224543602957,0.5382426411155591,1.7301844155095893,0.5182502223601972,0.7740832617720499,0.4031576363817545,-1.3569075492109863,0.1752574114224071,-0.43354038360438335,0.3776547625341429,2.248787471889087,0.8656239204724417,0
-1.3577648616172338,3.1648220232962925,2.701954326867469,6.98749780144919,0.4367634069775641,-1.8261486174354262,-4.790685031757976,0.015225432139718475,0.4958585386870876,-1.0518020040253622,-1.3999347963263362,1.215745701462403,1
-2.099332523641107,-0.71118486522812,1.537253357614567,-0.2117746336347557,-2.974828218220293,-1.7414166425963764,-0.5756549672275675,-1.3153387311642712,-1.0289766028080098,-0.27969644365252444,0.06268972322344657,-0.25532304817487994,0
-1.8584263581116225,-0.7723845205824753,2.7878977817571418,-1.7774410559759592,-0.4975954098256875,-2.4886965564870462,-0.4594566499629851,0.22543836076560853,-0.5289341975926523,1.8939428364803708,-2.412904530969657,-1.5702142681752176,1
0.0983797592879028,1.7922191423292864,0.801652609636054,3.128397727338737,-1.8588284113432123,0.794360288912302,-0.07588583353335965,0.7998611100025527,-1.9673325591024942,-1.0890696603036947,0.8795775156379863,1.0177040675385314,0
0.5290108165426278,-2.26198429195106,0.13759419027889697,-6.119894901347195,2.1621247597802054,-3.4996060013274,3.02086395034517,0.5411131328738673,2.490013364583212,0.40751885200312354,-1.3317869996205567,-1.8122673520354864,0
-1.684802377142715,1.2880229150479359,0.45244996350272815,0.7686478484414798,-0.06024686806239099,-0.05464831286975347,-0.4199771592603879,0.2953575255573958,0.33494048576281227,-0.17979345354138943,2.162823571632554,0.85100087024759,0
-0.9236162993326992,0.2293131676932878,1.5828346350574012,-5.805651326913963,2.3981875658436844,-4.950685656850698,3.0994987751041077,-1.563840559819298,3.001962800554712,1.9343650114964703,-0.9958499502670277,-1.6945958712282727,0
0.3170016491264832,-0.400780050526663,-1.1700495484222122,1.6791146737781006,1.7542555471231553,0.9445783013880047,-1.3086842925623388,-0.73215551234739,1.0446110981043248,-1.9818805010131961,1.3023826653022565,1.3761637031558296,0
1.1685329837192315,1.8140895370907129,0.9864227169204516,4.213906955037033,-2.080594939706013,1.1026365485208518,-1.019704998971279,-1.9429360550432315,-1.9405284252585095,-1.410541716597516,0.6379751540850118,0.7060602791725811,0
0.4876559759923716,-2.4553259589347616,-0.4311187576047377,1.9547444713951048,-0.004817663389727556,1.9523249271228722,-0.03486240816317532,-1.4356871091531977,-3.623521324014105,-2.8204161634320757,-0.48732157366000384,2.7773030630710793,0
0.8889452621361861,-1.619499872173046,5.14757701310276,1.2805843866132882,0.42458581444730825,0.022123712135674434,0.23660633495400363,0.9997186580884184,-3.9948894712457137,-3.6550936781019425,1.4753773453479297,0.4642346282088343,1
0.4512453970333818,2.3002602217894474,0.8852983060654493,0.28847286613718415,-0.9417526654544246,0.7028641891124005,0.44433640219482484,-1.0465373524449046,-0.5114011454121887,0.9218800593615208,3.2415396406930177,0.6194630048443887,0
-1.831574199161682,-0.5329943981392877,1.1751726396554818,-9.065553066997468,2.7630963183098256,0.8429877744614374,5.16473850151295,-1.447569995946994,0.3368459184651699,4.877351546703421,1.9134066070991107,-3.0093924831202483,0
-0.08089621274406855,-1.2228930574998764,2.1581267158966613,4.340309076905783,2.772370844559514,0.22500384241922378,-3.8784892165396307,-2.1527326207447017,0.2508695291294183,-4.49104944303526,1.4471411623121746,1.4479291989744607,1
-2.441944493087042,-1.0825338200640284,0.25402234163370474,0.31016270013111974,0.6581768175713598,0.5966028562282293,-0.8674758789352981,-0.4479139956091586,1.002403494212823,-0.12705819996565437,-3.002017384277984,-3.4348602225229676,1
-0.2212283000535204,0.8295946229606787,2.7513474992324864,1.4156658691945352,2.1866847388381125,-0.627501360119046,-2.879782253104445,0.8788080824854724,1.4542292809723814,-0.6183743194767288,2.702988790627561,0.17701702291759358,0
1.9978819949140771,4.133015681772641,0.19559418109262328,4.32375429806522,0.2767144883159838,-2.6888092533909025,-2.289065387137425,0.0301135187688296,3.391657243553095,-0.879562187671087,0.37626321276475494,0.6213324142191317,0
0.5311614210872876,4.177117690515015,-0.273246854776771,8.107444917357233,-1.8874797010698683,-0.49730135792680796,-3.8464489734259155,0.10327397265477388,2.481454040359818,-3.5916840571276265,1.5182025282796463,0.40842298226827567,1
-0.5160362025904129,2.160533241264929,-0.756065955596702,1.1588540733537547,-1.8959430750228101,1.7195979845821645,1.477645937333048,-0.6708681789401808,-1.6417804706844403,0.2478379916347444,2.1835696086354117,1.2839022259059254,0
0.4321313330743176,0.6358328905378114,0.6772141691936666,2.0846622665196457,-3.0793793084728254,-1.1029403551140242,-1.1067813086334062,-0.5113558475608814,1.874079939420014,-2.037243604310517,-0.796290548467918,-3.8618112687777706,1
-0.4019604573204707,-0.4346971670364521,0.7678498913238265,4.443882943835317,0.19990680720084386,-0.30761672533189754,-1.9303549143879168,0.28833718909379064,-1.9507347577990857,-2.7702782924823146,-1.9027863985779367,2.339919186072628,0
-0.3266692203317537,-2.802882893701825,0.4012886772558165,-2.469097373574497,-3.5386477781131824,3.158567943776025,-0.7291787515116157,-0.14936166178057053,-3.1305680204539468,1.431724481149915,3.4289773905221317,-0.13262741688413127,0
-0.7928686096276463,1.4064672455939349,0.48497783335349465,-2.0498387151554818,-0.8371540518403466,2.6719503557665103,3.3122912300998437,-1.310341276863051,-1.4550745763015371,1.4456737318767336,2.123051524288882,-2.0009362888086493,1
0.37642424534356306,-0.24797660386232367,1.9043606487146265,-1.747696488729119,0.37411079096478783,1.5095483996015875,-0.33832287226617075,-0.8880851128591646,-0.4383094994182949,0.4348810747069236,4.8319957579291675,-0.08890261530231958,0
-0.1974480543333867,0.4217437661669501,-1.7372224125214966,1.600513066295603,-0.13936278110553058,0.03208703627603271,0.06203610535291304,-2.012930922869593,0.7966421451563037,-2.0625453794221293,0.9476678718857303,1.4161440270212518,0
-0.626117846114838,-2.869406340984902,1.3829900585085406,-2.672960798786859,0.05514608197457038,0.03388381748415048,0.036523347562013475,0.1991489398821312,-1.356270938402369,0.06592173723226114,0.5743021617946136,-0.2166252058284871,0
0.23239580816152644,1.0886852503254638,2.18451835095815,-2.439681664914702,-0.7703885082789466,-2.9568969996194907,0.15832397756648364,-1.538553622079284,0.6769739902217032,2.2778845508229995,1.3050990310680959,-0.025973576327691927,0
-1.304158433163616,2.4338372634711174,-0.9244637922762318,-1.4934756149079713,-0.8678896784355599,1.295388466132433,3.163598928229928,0.9979415383095872,1.4725231515545187,0.6252647988351223,1.872219906739216,-2.903368625057033,1
-0.2721632547102266,1.5061150379737964,3.2975214416735974,2.684733761636404,-3.0813283877863693,1.7716467449764275,-0.08358628915435862,-0.16552180568349656,-5.07320456062525,0.38566158903991665,1.1626694064055156,0.8491968812953294,0
0.40821065433490505,0.8025383532690371,-0.5179431303359783,3.4827979306401864,-0.5743281907412587,1.1769239125693873,-1.5063818612601771,1.1114738511866382,0.1626083055270388,-2.165747408395556,1.0198932504547567,0.48977037416684055,0
-2.1651018643014246,0.626493312552179,1.5984023157164606,0.6452117908427629,3.7487996843571807,-0.7721862384888558,-1.0425281509774535,-0.32395926881585624,1.3469668507113386,-0.5282927107841293,0.5601899130835024,0.5499955678068948,1
1.1766810109056047,-2.8384958158825926,-0.2164485851631781,0.9184328911102612,1.7139241599356176,1.7696065025787693,-1.208922849949838,-0.7325795278370212,-1.8373198418353893,-2.257522091519312,0.5859269496514188,2.3559646851541585,0
-1.2699318042787764,2.407416770088457,1.971863171592335,-0.12007039873177934,-2.3188425214090715,-1.9332100139571993,-0.25497096508598704,-0.5986050683814561,-0.156785649960212,1.5627999026525004,2.4659858100660177,0.6608364556574629,0
-1.090004369094265,-1.1611703437950047,1.8127851017817105,-0.7625143213887268,-0.9823408364279591,5.481944900580929,2.4276994537572296,-0.33708583633385303,-4.528013331234742,-1.798624899060096,5.12711307199505,-0.6112331941498186,1
-0.7795118424613048,3.2202741225139335,-0.7729455669861234,2.379947361109014,-0.23174431694177056,0.1106334716899866,-1.483359423418782,-1.1017570370176883,3.3952913840410894,-0.6350236011438355,3.247489067541691,-0.6322076999499564,0
-0.0072017043013197935,-1.2356749312074502,-0.5402650854077538,-5.024494757239737,-0.46365403004826744,-2.6138541076801154,2.3105265234636683,-1.9461850177850732,1.7132754517184565,1.3147757480579987,-0.18264016825503093,-1.2327651688063133,1
-1.0082621657455584,-0.879895435898264,3.7297746114424366,3.3148843415414917,-1.6683335407803077,3.9265243754745778,-1.4302852083569488,-1.34720285994256,-7.034846481168574,-0.2939014404015754,0.5854769924449161,1.5608649593817292,0
-1.1552441571996248,1.434355970525501,2.068741137038738,1.6482229513576818,1.7624869289416045,-1.962747902463636,-0.8571056989057815,-0.23096969547237958,0.23134698960345904,0.3900434502706165,-2.266660476565205,0.1084965873906587,1
-0.8393726835990771,1.7102779233863732,-0.36113842405089525,0.14042042873622956,-0.5050388841796049,-0.5543355580796372,1.0293740374210651,2.0354122854864016,0.9782875007582714,-0.8367008955345705,2.694885056598796,0.7498952373078077,0
-0.05238564501968958,-0.5901006744045318,2.258543264837013,-1.6976825046198467,-1.6075698236771592,2.04973218383099,-0.19042944603945622,2.079678694842312,-1.4682989146350454,1.3499636308899432,2.5187826609757225,-2.3500429517320356,0
-0.28585964371827544,-1.8102040684086376,3.5867911872544664,1.2204365605799987,1.4241615661332205,0.4290424914589147,-1.9698076137190554,0.14961718896393328,-3.499993488874219,-0.803309517750799,0.3913391913295231,2.170173777013371,0
0.03558881701730839,2.461010768940489,0.394761007718472,3.1700236442427316,-2.094632549162541,2.0633605823328196,-0.4983674322928531,-0.8073182851786666,-1.5367791319903048,-0.16633091759940954,1.9623402122217941,0.3998750789495905,0
-0.265062818138754,0.5775611729998804,0.6349402003031792,1.3699379334444985,-4.824443671916418,3.8613018035672235,3.193914966608334,-1.9738512502935248,-6.414569626883209,-1.0218267995912742,2.237692890025209,1.1172200698176549,0
0.35673247991025453,0.16945526280353684,-0.1369478248784246,7.730516999256922,-0.1258409339808465,0.20923810201147774,-3.2703554888260653,-1.2286039216782905,-2.784932272974839,-3.056114081737758,-4.458362115526177,3.330538513551584,0
2.4271961601403342,0.39125944999486706,1.7716983669945905,-0.3148640483903398,-1.9013784883895415,-1.741948823742435,0.043306669107053386,0.4166141362115778,0.20577794937765043,-0.022502062348828678,-0.26687918327970916,-1.7875202874099616,1
0.701257652936988,-0.9030139834822521,4.011216939639159,0.2282784939208466,0.019164709091644916,-0.5726885382485323,0.8791236195645948,0.6522532366100879,-3.233597882546064,-0.7376055052683392,-2.240492048198027,-1.2862386988306462,1
0.3074463069358727,0.023552806998374365,3.225409543575638,-0.3140382754443115,0.08029883148564587,2.0847341328452647,1.8730122120275665,-0.09862977537103981,-4.7505599551288675,-0.028475951821592682,2.1294068615157786,1.2180535536863157,1
0.0909682422256175,-1.4018699189401715,1.1784036301116523,2.652813848622708,-0.09729928132887977,3.356898989060022,-2.0599145021406082,0.9680344135340478,-2.919006346442816,-1.595906642467944,1.4067349666596893,0.8495691443225994,0
-0.2148790754337206,-2.4749548103270165,0.4572967768212993,-4.833528839947467,-0.6990942942402207,0.7417028019534473,1.2620483254245731,-1.688443989413334,-0.4888650952627912,1.3496788346190152,2.2187357461682513,-1.3065584077206158,0
0.6280732387611525,-2.74339376119684,0.5734072851132402,-1.1622625434937413,-2.775565988685046,-1.6463337490883194,-0.826475251609653,-0.02772154159261788,-0.8336493302275455,-1.3029825201862737,0.376709455814478,0.31638650173212346,0
0.7341771071831501,2.8961058064743197,-0.6803408113746416,3.7812191488929634,-1.9181503418101284,-1.0118899172517282,-2.051160535256529,-0.7217473374131083,2.4464875186192234,-1.8670723698059284,2.7842360927220153,0.6946234827293913,1
1.0617648209024242,1.1468055748875767,3.4427961701077634,2.039151774890877,-1.1260367524729988,1.2250813333852917,-0.7110314001749574,0.6073224368764641,-3.8743010888541862,0.48283813887402904,1.4814890312848772,1.1887033399782085,0
-0.8458829875237737,-2.478123402920906,2.0566213716144044,-4.576138328260078,-1.680609099015788,-0.5388500601127187,0.8645429985785134,-0.6079928715415048,-0.2905800112450415,1.5579358833925,-0.10454422932918828,-3.8006358233711053,0
0.5965404968912948,0.25054624131043113,2.93277978828492,-1.3688449010784833,-1.311168096012525,1.2749512442878137,-0.08742740523458847,1.4292051855878845,-3.3405624486381074,2.6829101321344413,2.377561636492473,0.6243854849282358,0
-1.0232421039832618,2.0107254830973673,-1.8872987822653848,2.112633333792877,-4.914681829040947,2.169359693895588,3.5210479963871055,0.08207644729586501,-4.332261665608018,-0.7902867165377551,0.6399853476278314,2.0559462960189627,0
0.1765045742623434,2.1714273309433594,-0.5290307496778128,-0.07402385925116604,-4.013864534991019,1.9249019834999839,3.2681539717944657,1.519688443252238,-2.546324498172008,0.5029983934275302,2.1785361341755647,-0.23103574860358356,1
-0.9947914558736329,1.2735946387496728,-0.5479206803048637,0.1951657659167321,1.020615177738422,2.0719741600936104,0.4992413827333263,0.7879060352461646,0.380748762235205,0.3441323731294994,2.1191488332453194,-0.11969332774259223,1
-0.4492132370234666,0.03408918311219855,1.4755114118540464,-6.7628542190952965,0.8095204554344448,-1.259730839178845,3.0975373393755823,0.9070189714487391,2.0264119506442935,3.251159745571866,1.6541409088981713,-3.64624281809396,0
0.19839566168137068,0.8269905460770915,-0.25359502562768443,0.14353705066078049,-1.979387714332142,2.1790324854548,0.850204602887376,-0.7686691872069105,-1.1218192565274139,-0.33708989204552053,3.529132208400596,0.13829191576322986,0
-1.6644463148813797,0.9986293702144422,1.2616347340499783,-4.328572710061323,0.4701629375144527,-1.3665130176715865,2.5683269671239715,-0.15852696504236993,0.700813540975953,2.6009720761555184,1.6430928232276778,-1.0084769398546465,0
-0.8861945520848064,1.033648708563926,4.339577456541029,0.8395283314033676,0.4560867529155994,-2.5566911887401202,-1.9921359959447944,0.8357727806472125,1.5063456812550602,0.5174563817118927,-1.9400607804178098,-3.8618756797191525,1
1.0045889523325087,0.06679890731825733,1.7755883710928475,-3.495688509100547,-1.0958716057227256,0.800181716473803,1.5445318178685636,-0.18758611956113347,-0.9392586444534421,2.5378013178104544,1.9548633115884972,-2.0402038304035943,0
-0.692954698328281,-1.3663579803699164,2.475545907590853,-1.2942286236995957,-1.9545904272810486,-0.5408528455616097,-0.2338742727916785,0.40650672341409,-0.9171358418919435,0.20576032956060064,-0.5758741059530523,-2.821575400598504,0
-0.6739418923485571,0.4458963625382165,5.037646783614125,3.0720817931686253,-1.424414493150729,1.5572233839024823,-2.036080402460416,0.3748511054152193,-5.642620800095926,0.6472762707618436,0.6404129721645897,1.4043070907870452,0
-0.36484949071681055,-2.6040069991476464,0.5440507115861402,-0.6090746346666929,-3.385630004021474,4.02002353932225,4.211873157920442,0.8305718017652945,-9.116532048730479,-1.152541040768777,0.5888505997794113,3.4167998765098444,0
1.0806859540580072,-0.047985020367735665,0.7061556002762046,4.447047397296842,-3.19097579507464,3.932190956881603,-0.47525559201655476,0.1513066697247634,-5.624916066961148,-1.5773333899888315,0.06163049781115215,1.4945517766105403,0
1.7081013602781892,1.315810248723094,0.9433031983093669,-2.9886769803329734,-0.4662021010838793,-1.7309453267243524,0.6292793798313808,-0.9256185630614422,1.5879495687506073,2.091298982414391,3.1713738268066454,-0.13203435507288785,0
0.9044260565412312,0.34991198655255773,0.8620032298191828,1.1705241455340807,-1.5983262868287116,0.667010266378453,0.6921408035999788,1.1616922254647208,-0.819601923490875,-1.3497328191891012,-0.2840912528730386,-1.8887254674835634,1
-1.9294776718667688,0.67792781161297,1.5238560217157198,1.22055646424756,-0.9010819799964909,0.24163347911479016,0.2648958187894609,2.4068467310399426,-1.7693215271384417,0.478990828796245,-2.020607507274874,-1.0976656081374838,1
-1.3560258044418514,-1.0526956823266063,0.2444822488321089,-2.854924667122686,-0.4668103781587133,-0.23067078047554435,0.5765698079047621,0.7653716620802649,-0.18607222484395333,0.3651736364940047,3.5176310021191304,1.2202809601483402,0
-0.3154585973124112,0.6150485640724926,-0.0948626602183491,2.182500887324845,-4.208363309142291,1.7498046333069097,1.101630375601442,0.8163787673596856,-1.82083985783889,-2.4699508708823408,1.4278338115806917,-1.3081910070232758,1
-0.38414829782447896,0.6512918583987026,-0.6184434918640085,1.9746426723483015,1.5257177425723545,0.9735333910992068,-1.479744352429237,1.1034381697839764,1.4534339638823737,-1.378728535145365,1.6372931431536415,0.5635222827266682,1
0.5769492510995654,1.1439759313587499,0.3957732316700645,1.7354621542511157,2.8150682406204495,1.1887923430216392,-3.4209336434897293,0.4521428063009733,3.6614192295960364,-0.8828632813432863,4.024723349452705,-0.6425548091500186,0
-1.3369700391788455,-0.18767322871581016,2.6993011045927378,-3.663835292832286,-0.1141543574008611,-0.55333898308246,1.5570931719875785,0.20356384966807453,-0.8412538106996708,2.840999181006816,-0.43907989709438855,-2.6265297816998148,0
0.9869037427541565,-2.225166010902064,2.2258695099021835,-3.3513589715723686,-2.5647914760319432,2.955743724677363,0.2767597037535723,0.4363144015311576,-3.399938891951917,2.8325262494096735,1.2724318959611702,-2.6016379309454725,0
1.5338890098101952,2.31771758701659,-0.4224055601609191,1.367231969718709,-1.4915164421930849,-0.5043265695820247,0.4273644554823077,-0.3811508059405149,-0.02522842885627648,0.14495435884044783,1.249730037854406,1.2435600926797465,0
0.9456379879030803,-1.6037561812027852,0.8838059020097516,-5.601626763683195,1.0341627603784276,-1.9953710307411097,1.8328513871828989,-0.20113741664285503,1.3447253736446645,1.8296812251747105,0.5034841597195534,-1.4930272519443564,0
0.7411204666136032,-1.704648181705243,0.42958601840648514,-3.0421037977315724,0.9265570468433484,-2.9580061636489807,1.556772197793166,0.09875295203796977,1.459492981384953,-0.7484265329304054,-1.4861351387167883,-1.0946024357133985,0
1.2542532947141078,1.5112612617557022,1.1570518430300183,-0.619906295567218,0.7428423212613933,0.37288278987663515,1.9984689687869905,-0.5547985501586257,-1.0116737042176112,0.5889168498561352,1.0324993286246822,0.1595998213524481,1
-0.485503383726342,-1.870578970581231,0.5584408189689538,-2.7377473054222032,-0.9988404536158421,-1.2954768488331252,1.0931870319720263,-0.08101136544929186,-0.5326317877360125,0.2334749506267746,-0.6151093506320386,-0.6975009244030632,0
-0.10092294640340116,-0.3503670462207904,2.6450624473218456,1.918978516690031,-1.7232423346311823,3.089386347831806,0.0020455708676581086,2.178895359401947,-6.217599164835609,0.19479384871504601,0.9594674140735022,2.024522051475458,0
0.5690554208500815,1.864998409857929,-0.30830765694955775,0.03072647583471877,-2.570932365534884,4.032153748237054,2.9046535035008807,0.324615263487009,-2.236465567739511,0.28072669194975,2.9569577663481565,-1.6252943935802355,1
-0.13024360413792802,1.0402742311196556,-1.0344349835627265,4.114324235589243,-3.0789695517347777,2.0063787874412577,-0.3032129901779975,0.019175603704573406,-1.7407986297308264,-2.3585525681253436,0.5065801675067287,0.48410947936363613,0
1.1619109150297675,0.8563514082280901,0.5997201654805242,-6.1010060143829445,1.4717920403016196,-2.1190316181860656,2.8997201513983724,0.5418177458870227,2.4054856572179513,2.942577310259601,2.8676868509401032,-0.838729771108096,0
-0.2590146315062919,2.5021504160341945,-1.3333925957311075,1.1027489204626062,-2.7060633482916927,2.093403176849137,1.799505433381837,-0.5994850476731786,0.06737350686728931,-0.456197147919995,2.415115102117782,-1.3264372729168625,1
1.215825412140813,-1.5350980626901545,-0.1329468759991883,-1.3772059397339202,-2.326309914976541,0.9499231616981982,0.17558023114725319,0.9699806289251296,0.21713494083649723,0.018479855194279082,-0.5630507832751588,-3.5151209881151724,1
-0.7851351147903786,3.2543028377806285,3.235623666636192,7.525750974644127,-2.472513558004471,0.5733142905650512,-2.791313392344891,-0.465378510623165,-3.247152723001825,-1.3318946196705463,-1.136875713656814,0.7315699433510654,0
0.778308228882542,-0.23371063591944075,0.86055838421051,-2.183323582600803,0.22390660807954643,-3.797515782211256,0.9375837432630365,0.4407632559443807,1.996476006145632,-0.2368454928542274,-0.9063402428993459,-0.8538920224059156,0
0.34697205948084525,0.5022933684303243,2.356015483621535,-0.7591769766584173,-1.4111232323912322,-1.458140033765251,-0.35146870712664535,-2.150868206672605,-0.594669506088821,1.2016407558123208,0.47380113083420816,-0.6749412528132916,0
-0.40628850191103616,0.7694144299091741,0.0209512503407292,4.680163331098096,0.08921456733519628,0.6325730068135811,-1.9945995813421598,0.3718466078014404,-1.380766707238257,-1.7588682292519486,-1.0756197504981388,2.1539404333377803,0
1.0306409322150332,-2.218169739297604,-0.2479401795506151,-5.546535054133632,1.1809649405416853,-1.2558833281626967,2.086570196196462,1.3888085943782449,1.140596464095062,0.990810334605395,1.2213679009086365,-0.47614830185392687,0
-1.7872248476917734,0.8687851024712847,1.6326585921032826,4.077819505026219,-1.9953037351125547,0.5876906328589513,-1.020626603607331,0.6767178793252754,-4.180883867635299,-0.5473724549685028,-1.4006005092104457,2.3124469878286105,0
-0.5226255680318592,-1.2062597266961057,1.760035916681597,2.3003920803608375,0.6311322579369707,0.7671530094037351,-1.5779814597378405,0.4208251491638091,-2.767878094451428,-1.564463347740145,-0.09424158526570081,2.075847806698234,0
0.33473862890925477,-0.5421105452734423,-0.7673673835598773,7.559511240464122,0.3334979355665988,1.4792826200284077,-3.5479819016862613,0.7653849252610504,-2.443348152013062,-3.503728394713953,-3.6985159113817163,2.9151445589236404,0
1.3099987882333233,-1.7387480996625218,0.47288519966301923,-6.000566697447114,3.2729031844822902,-3.1480320283471683,3.286517035116775,-0.5995506518703688,1.91041915271667,1.0398461763094775,-1.4736861024889412,-1.0974538346804403,0
-0.22124848220934723,1.3691346071211545,3.4553142768563916,3.837061313943244,-0.8739350708281013,0.026058465307830292,-1.8243994842212858,-1.09645335628445,-4.240645185241616,0.5637596070071462,-1.071052231426084,2.351800426940276,0
-0.42726444188310014,-2.6677016543677277,-1.07632333240403,-3.874782637884725,-2.5783750335691353,-2.1886485842320953,1.0606453421696482,-0.6276832804858647,1.4624815654081094,-0.8057918961333772,0.8510019648505098,-1.168480201770849,0
-0.22485686649834621,3.5119736600843035,-0.6983655146592656,4.831565851270961,0.1669571656658373,-2.3318395410981316,-3.188096657354165,0.13466793992702267,4.725023434546953,-1.9463832278743838,0.5686479458558387,-0.2655495853980321,0
-0.758758891955987,-1.5514845780357893,1.6959441641246247,-3.1323249784470164,-3.9375109530913472,1.0372465958200139,0.3529349338240545,-0.6317169514552806,-1.5567879098467012,1.562227893099735,2.14731788612739,-2.844810706846066,0
-1.3856891563589593,1.067861093126381,3.831538062489874,-0.10214950800264139,2.6307395859958347,-2.9267485607793957,0.6570946048917377,-0.015659655046475145,-0.24449676434874962,0.38047574011968854,-2.5332016693817434,-0.7405461919015279,1
-0.036253436270985706,2.025548835549795,2.9968590856155783,1.2232043103013468,-0.5079181554659074,-2.0434891290635404,-0.43553826015850916,0.9396183483653009,-0.6260810097544759,0.2633090596664619,0.6033314488779841,0.4508735546946654,0
0.595517583147117,-2.230192367606242,0.6344095969268486,2.609566344145948,0.009456711013984043,1.8582634818922452,-1.1520440322856507,-0.34166314055823555,-4.093970555626637,-2.0470455833268186,-0.9831810185151035,2.713714247615153,0
-0.399231656500136,0.7175358793260425,1.3410511720628864,-0.1174397693291373,-0.545552919382294,1.3096435200618988,0.7365698206833231,-0.4622629317641236,-1.280155868870373,-0.5665607311763259,3.6594874760899008,0.4802522409657093,0
0.5418219039537711,-2.3616757037789475,-0.8555943534608919,-6.120016211394974,0.6869733497974451,-1.062294065383948,2.4663475855129997,-0.8020134529564131,1.2584232353512665,0.8926734386393236,2.190521825067967,-0.18114457701604847,0
0.5866201655145542,-0.6092212929791112,3.1887111923452354,0.9824460216733097,2.183385110707193,0.89634857138905,-3.165782062099304,-0.691905890589223,-0.7540086016199475,0.12968666248275618,2.2674115491920537,0.7117813822015777,0
2.0771455518906614,1.7406376614397376,0.46189861725229087,2.499020312560552,-0.17343493187624948,-0.5602207864246027,-0.8422433532549934,-0.772263507177827,-0.727071968559429,-0.10844304563495111,0.13714720445754314,2.0539282815038087,0
-1.7777888743203856,-1.9018905705080438,-0.07863094712831131,-3.23545676372711,-3.7271616599979795,1.0450817669392594,-0.0607289610003634,-0.7452957806203369,-1.113305936093484,1.5803220442177306,2.9212340274130986,-0.793028933997407,0
-0.16910888409108857,2.77771014969806,3.402160196878204,3.3310818864065412,0.7075596045237738,-0.630018455430609,-3.6091950048558026,0.7529018059312967,1.4247072884147747,-0.018704804647542983,2.51193942774157,-0.60557012934164,0
-0.08844745048369959,1.8076886449423113,-1.4584614651851635,1.4047506685882334,-0.38256983916542,-4.447197747473506,-0.08825935500267623,0.2242878159947572,6.339232943919676,-3.171771283063292,-1.5045726541572602,-3.1868894857766477,1
-0.5579555736248659,5.154732164043125,1.565531147915085,2.934136000259368,0.825133601846922,-3.5339728016997283,-2.638686091393345,-0.19210632717201703,5.758002550437586,-0.39342292357423236,3.009971949979749,-1.1619346562201183,0
-1.127468955013784,2.939010671235552,1.5074458926226506,0.8124206077488267,-1.0411700325394904,-2.6803539622005723,1.637636924795004,-0.19486705789566522,0.9924262199550826,-0.32977004264931686,-0.7925452544302645,-1.4499672276371878,1
-1.6601151327530403,-4.295165533047237,-0.10512719730280007,-6.486969011310512,-0.018817167277873748,-0.10895022115816644,2.965547441445716,-1.4646597618330366,0.2560539841854982,0.35564264057691897,-1.0750523260936538,-3.68333183359438,0
0.6305405933367016,2.446908901379622,-3.120074500190621,6.508682602859238,-1.5192816909272446,2.0433399700090886,-0.9736959969789064,0.4352451339239456,3.8364808805715205,-5.742576159739325,0.5202069227725652,-3.226498756655033,1
-0.017623257777177628,0.6062084859920449,0.3553608344385113,1.5142474086373745,-1.609425421274975,1.2635673774326495,0.842962868570881,0.21926919824984123,-2.973320395411323,-0.6111895789895232,0.9050682637849288,1.7754327748824235,0
0.576570862535079,-2.3100142583948844,-0.46953390160195485,-7.0757759217920215,1.1747798017558506,-1.0475233988214772,3.209131126723041,0.9860900139453599,1.2478817953636474,1.9827092925189107,0.7182113905106555,-1.5513819254549115,0
-0.2947325880356977,-0.8574589625567735,2.4229073333467963,5.978141532216158,-1.024337531718175,3.408973692584579,-2.3345863786195356,-0.7017008454906206,-7.6586261647432545,-0.831627289113137,-2.8047495026281477,3.530227165041576,0
-0.4291324025385637,0.6538916326276016,1.8002443047173267,-0.5199222972765618,1.3319057373749317,0.6764096625669435,-1.3575085486456224,0.37362662279025316,0.4605197415027246,0.8219693445084835,3.7118102327309397,0.4094861179780003,0
0.5747218128173868,0.28372520499402376,1.1124866635045636,2.2698201461867513,-1.7841602878267777,0.9810767172818842,-1.401328606406508,0.43848761663180463,-1.6709061877575961,-0.11307522444396234,-0.4688533529744364,-0.43831089286818725,1
-0.20704060774764552,-1.3135908274292363,-0.25287334578960463,3.508600849387614,-3.454173155057747,3.049045255130243,1.4910629088639786,0.12351927443808136,-6.746646145092823,-2.7163899771172613,-1.3329921383825383,2.754015471678672,0
0.15927681739973093,-2.901879294592443,-0.24208664081851516,-5.406830642436978,0.2568629670950038,0.5525529860481229,2.558600608215405,0.27013093948462424,-0.1420798136451254,0.6379357546167177,1.072612714683174,-1.6357845783992964,0
0.6711011095936097,-0.4339463951959792,3.3060005199629514,-0.3801556629823033,-2.6597636149651747,2.8489802744847976,1.8815112775059757,-0.6283121737362486,-6.516018703113541,0.34448782937150413,2.764352478502041,1.2956032491945708,0
-1.4233122300478174,-0.7874144867314234,1.332085869237284,1.2556895247065865,-0.959243376993515,2.1988406612839975,-0.6328210826813423,0.9362498117596574,-2.467699127425486,-1.384472968361691,2.2444782431321766,0.5382262716803587,0
0.05777703816942623,1.9384850934765452,-0.01128123176987561,0.21071323471878314,-1.9613167296530984,0.3991234736916295,1.4668966628606444,-0.23203519081024593,0.2134457343534074,-0.9399452934963444,3.6111348775202394,-0.126316732116468,0
-0.1364967575975706,0.12406748783158994,-0.31244829280857966,1.9775694634367067,-1.0666644596175192,3.2252204803011613,-0.1816092557801554,-0.24742076458164847,-0.5636351457902705,-1.9025809238748868,1.7405918981513542,-1.6672798899035444,1
0.7368757077257077,-0.0031948360115161556,2.06633334037476,2.5530314971992127,0.7802944818524871,0.45391210481770194,-2.648302373384291,0.22232127221099543,-1.7192897865452768,-0.1277769012871064,0.20406182402775652,1.699035923125725,0
0.6524438938194107,0.9073554472988845,2.6848091401499854,0.8219827825451308,-0.5978502692056984,-2.1572559220896506,-1.0849939318153445,-0.11269434440851002,0.741522365431657,-0.016635713714158173,-0.9888520743050806,-1.9565448782869566,1
-0.5447340210135779,2.793932117434471,-0.9170570321671379,1.8921617765066048,0.4832186027809855,0.22310013953470098,-1.0986363650638293,0.49327215760383475,3.1955460272635956,-0.7764865510116699,3.3277743169735774,-0.12713491127500953,0
2.190794309442097,-0.678529146267763,1.6243855600336765,-4.14837971497019,0.14232571535205363,-1.0327482013118547,1.91476526487347,0.04134379219348153,-0.18988621299417838,1.8859785869642978,0.5088138865597079,-1.4601552614942046,0
-1.3445343016926483,-2.6446750145640006,3.7086258544069346,4.655369689874216,-1.8277175596417687,3.824539037573732,-1.4768720156807194,-0.47941182065232163,-10.38552594971399,-0.8227412173440947,-3.0160665450039144,3.8991158860362414,0
1.0249904284905234,-1.10093464404541,0.59701988306325,-2.679796966280621,-1.0141982361839923,-0.7224343315993776,0.3153980740034542,1.5471798624609256,-0.5786973662963584,0.8271108074905452,2.4175317575641118,1.0351016546072813,0
-0.6617393829139544,1.0459092019766059,0.40088085796642214,1.2128610084550437,0.6061105188098088,1.1237530884924085,0.19753066361494254,-0.027977720809179235,0.9974354606800603,-1.5749697370305773,1.5458138108299635,-1.5162274661041817,1
-0.20358328223392202,0.12807782752839425,1.3287284196947116,-0.21569438335105476,-1.6728111237279686,1.4607679206262323,1.7705027910420312,0.6010771900857866,-4.385180655730514,0.7401365130323283,0.8584513618405514,1.7173354572270587,1
0.2899847584419741,-1.3098159082630043,1.6509307797513364,-5.270085869760692,-1.0446993858965976,-0.017939508480885658,1.6807815446560377,-0.12715772703119363,-1.0575596553077526,3.0109490907738254,1.756381231406253,-1.4806442468162473,0
1.1154168409434184,-1.658722127037513,0.5400607769009318,-3.8438419064530827,-1.8429635101809003,0.05796291189546876,1.2191474796808333,0.2715926427472552,-0.5448924372660754,1.3591449007928436,1.26033862789303,-1.6082279859951822,0
-0.6738623035238086,-0.27833552852394106,1.5486018860225046,2.8650073973036916,-0.04552492033663369,0.6023105402066751,-2.0868014033040634,-0.08024007036315804,-0.8427828427820971,-2.2009478776302265,1.0562103772983367,0.5162218266602799,0
-1.161819365187455,1.1288162310656094,0.887478173378017,0.7025138568749937,-3.018824345685856,4.0451310740215085,2.6331955742819897,1.2469753150175582,-3.509864473618313,-0.9354354263390431,3.1803290639924406,-1.3675480525815311,1
-1.3870829413847316,-0.5023207476583318,1.0872846048901164,-2.8778625192813174,-1.538351711875912,-3.008942785585225,0.9810761340683136,0.3442267668596955,1.3196673950938944,0.7783136537564139,-0.8829788478368468,-2.223434830045787,0
-0.8450802684675534,-1.862274432635846,1.7942386028338109,2.226269262861815,-0.30194362764791427,2.1363010535032805,-1.926280707748377,-0.32425265092756556,-3.9558480024288762,-1.0409516320453596,0.11099069688508223,1.806643772328631,0
1.3448307400618094,-0.2896438066730853,2.44113946363957,1.770062334625787,1.5486071194433748,-1.2155559473058242,-1.1569727880773661,0.4908495390352206,1.0182740240276178,-3.1632826833251424,0.3833664436571873,-1.1050258510837376,1
2.1028287453777077,-1.747992279972968,-0.08647250051372435,6.3762836819995075,0.532415880222834,0.3454350333995627,-3.535611422078206,0.0022269724528185533,-2.6700632437242433,-3.5995454657681956,-4.11065425612471,3.159742132598487,0
1.4318217023549533,-1.6556171592695645,2.1620262319326162,-3.0575566050368645,-0.31122172348062516,0.7513881360460213,1.6023410985505138,0.867381691940502,-1.8233494850652179,1.2969157208166155,-0.8583297054776882,-2.723928056228452,0
-1.9008439573712597,4.730697625914477,0.13244592447498849,4.233832172264977,-1.245447915547496,-1.202668780962032,-0.7428048972311897,-0.664168915530081,1.9652407673439147,-0.891119852433642,1.3821857231141115,0.13118065930676748,0
-0.87288222410373,-2.9620792939949236,0.20564157778370673,-4.9279108641932075,1.221353418942254,-2.516013452523924,2.1509965451570623,0.0017339514241054162,1.065298883999165,-0.06740298498906827,-1.489327244385723,-1.2794572837927158,0
-0.5625420413334737,2.9369240462107227,0.19418817796522347,7.145680788727545,-2.8203847500407644,-0.06631296589880131,-1.7418963559222767,-1.419615303892188,0.02231803378663605,-3.9177689568385077,-0.36749388063869237,-0.1937244280025181,1
-0.6407690643003722,-1.7026785711696657,1.5238429376193658,-2.9504028251501317,-1.8467780217451548,1.1445316854452212,1.4019366365342858,0.2802264081918413,-1.7132559214099792,1.100667141593127,0.033142557845969645,-2.9543067307691775,0
-0.721359987910324,2.454054715020008,-1.3174672382813024,-1.8350840775023654,-1.564170730017887,2.2032625576256133,3.7977793182600883,-1.7893442704941849,0.5679630178675533,0.7833206405548472,3.0157307902861867,-2.2547444384123088,1
-2.0381295843584812,-0.9782031015155825,0.32872035901586827,1.8880533072862566,-1.8059360231624857,2.1659607949656214,0.6769624269000996,-1.5023041120792548,-4.281907165095658,-1.7493069212765684,0.354557687600615,1.9691199974823905,0
-1.8628173674555868,-0.030176040215737054,3.179523954062324,1.212978116331606,-2.000334308350639,0.7485733386945035,-1.2516500342630157,-0.9965927182551395,-2.9155117004192395,0.5255757812072928,0.33768658853427114,-0.6620226468670155,0
-0.1196385268609128,-1.067140763042894,0.8455731191279432,-2.7504867351147704,-2.5067589393613767,-0.11809269718546844,-0.36972322646764866,-1.2371148781979835,-0.8633373056211515,1.5325507823612603,3.2949925960357684,0.414652651120206,0
2.1441479000079866,2.5178295256612406,3.037684348233388,-0.7310465215927425,-2.84328944814685,1.5105220130497201,1.4937136889747102,-0.30398164748368617,-2.2964523011791407,1.217746508305305,5.289420779696797,-0.704895461729284,0
0.7797908185833895,3.8782377634666734,-0.8803172148492844,-0.888442813793639,-1.9789419678050097,-0.3992744637751884,3.424366925582728,0.21977622007686687,2.449155533002323,1.162911813079643,0.0685463906767938,-4.038539924585549,1
-1.1528849322595933,-0.017494912446847755,1.1185043322801922,-0.33942724364942356,1.3929378035627575,-4.180566711578341,0.03333922017768476,0.040467158964302086,1.297646521459874,-1.0946751096859098,-1.1418984988357668,1.4617592258671692,0
0.7897344238534885,0.054286611035603394,1.6103408851074668,3.0115918514864113,-2.7853614266615168,0.5475915493200085,-2.530030089577483,0.37170626939281887,-1.2424418664658803,-0.5162160525737352,-0.9016366742407652,-1.498630257817689,1
-0.19777443238630127,1.8973340105776213,-1.3406409406623894,7.040561664708361,-3.228264911976736,0.46487009820113,-1.930371415304882,0.8464779409706473,2.016566671465298,-5.117109605491823,-1.4022365263072873,-2.856765990663957,1
1.1415403820381858,-5.174538663990047,-1.3006533290876652,-9.351283409070767,-1.0967144864842702,0.5314684812653716,3.664404507492933,0.07178164086372445,1.2314613213432117,1.1258609634658365,1.4581086162070218,-4.354823333326584,0
-1.2879552248886121,1.6886903464311271,0.7033337601938535,0.733720133129947,-2.249914787134806,0.07193573242161222,1.8661346391854838,-0.6275041849781556,0.03670188104426336,-1.725746161109525,1.6731765046261686,-1.8662011268656276,1
-0.034618703410560725,0.6629960971978679,0.2298826247381689,-0.3298395617981651,-2.1772123209404697,2.764969002976807,2.6403332582720314,-1.145310591317949,-2.5103768451627047,-0.7882400043387167,3.047495316011922,-0.4190676111303382,1
-1.4332870705809797,-3.261533013747853,-0.9696607913108355,-8.886255326699729,0.6042767521799197,-3.037658670596061,4.203333782860727,0.6051760553669455,2.648993092481286,1.694702609249296,-0.946271931263656,-3.04737208806131,0
0.5683649877869819,1.781799203852089,3.399937522703349,-0.761858735676791,-0.06973256358278346,-0.7028271320211827,0.4269740455044734,-0.9201354238286127,-0.46374257140915914,1.8417755202804154,0.48964828152515383,-2.0082174703720765,0
-0.6226055019345295,-0.15141745372457893,2.322591766984981,-4.430850328488173,1.5449680144805509,-2.1134648388004464,2.0021122965918883,1.1053366130279796,1.1994022910882947,2.0612948006125524,-0.535746531485098,-2.6982668278413944,0
-0.5806986059094182,3.4277955107146654,-0.6702736883522129,3.696994770765143,-0.9854795915827271,-0.16494649786905669,-1.3478502252563707,-0.39810597200733744,1.8349791034772456,-0.696244509868592,1.4408537750205284,0.27906239292568047,0
0.42571645797526303,-0.23624438822074212,0.062022182870883125,-0.2210881903145974,1.2061539014665734,1.115852123156157,-0.6664589948813232,-0.5610599811104482,-0.38407411063506475,0.22980138288243013,2.242946433191637,1.6255589293423391,0
2.2372833832260954,0.6967184369210608,1.032685704032009,0.5082622627660579,-0.7142774980762253,-0.08846732399192314,0.9405350887702025,0.020593666039617656,-0.19156867324332136,-1.0148927571930497,0.09464645721918097,-1.4674551863113603,1
0.02421327480884114,0.24851063765968884,-1.1485897801598433,-3.364025044709259,1.4070553726999866,-6.698209484730497,1.493654212492289,1.5447530332378954,5.055333094018753,-0.9375544556415569,0.07648580317281506,1.216157344130313,0
0.1053691460033124,0.5476478726453957,-0.30708443717398715,-0.23644064869995893,0.8249671073387668,3.618038000597477,1.071525889589791,0.5269357048524284,-1.3438529951433682,0.4995813326993963,2.5481995881577433,0.056980529014514,1
-1.499563217553277,1.7503130171400572,0.5000992643797835,4.24406859211999,-0.8876906410044263,0.17290023821031464,-1.7882599356566775,0.012197763550961393,-0.30999571979846435,-1.60276257918087,0.31781141289581605,0.8748792649700734,0
-0.6538855853874904,1.7428099808669253,1.4038632759258944,-0.7646237046000594,0.2690543230268849,-4.087142470160341,0.8844246582937243,-1.7261111152329354,2.409765583628704,-0.4514817393147732,0.15489982941517388,-0.5027846664821805,0
-1.178756702046708,-1.1959308080519433,0.6732879711606807,-4.55199557846748,-0.05468814652573417,-2.7429041900639186,2.468445628527018,1.5496688217543522,1.5903675607114856,0.5271807219838431,-0.7332053567268477,-2.384815757015023,0
0.6141853451521171,-0.17586376695046013,5.612828999066641,1.4976234165337572,0.06405736359144121,0.3093878729306725,-1.8641192532271418,0.06717841790233228,-6.780157595634562,3.228039381588803,-2.2056861317799785,2.6576233831566847,1
1.1815774140809225,2.2015354654868062,0.7893963825869286,2.2681450366313842,0.037855387432417675,-0.5682850712081353,-2.285252426922416,0.20726871986377823,2.5515251705137816,-0.7139120104587523,2.555169420673212,-0.5859601912443864,0
1.8639314265213698,-1.0171698741976236,1.818314742702273,0.2157397808932957,-3.5803013437972586,0.6738474754713624,-1.434333261381437,-0.6120697285690969,-3.1724456154805116,0.7169192837391651,1.6362198910615366,0.8183434262077147,0
-1.0204618937890053,0.15816375681853412,1.4653838727494606,3.0180143151672323,-0.9705731516995233,1.7267354248664908,-0.914700880881537,-0.2351007695195893,-3.7214492874320864,-0.7846140288722794,0.21232743888148498,1.9565863356419635,0
1.5260443424600882,0.3853254270628146,0.05988846905783174,-1.7690342388062321,-2.7409381517862403,-1.4997320655438977,0.18067224123313563,0.9333377704619694,0.21506236938237733,0.9844474183031965,2.75524226874657,0.9085253263665611,0
0.5524624044791339,1.0287718446343908,2.26241341654959,-1.134584829772694,-1.0937170071672604,-0.9347986098039546,0.09815642024404758,0.5236774034845052,-0.7416278359081744,1.5196568535145922,1.9278966708936853,0.017303802147744296,0
0.6549515368622104,1.2297193893680318,0.10869675304497428,4.955145141465551,-2.6334669463529243,0.5137420874316543,-0.6899880949348832,0.4487523745828013,-2.137344554183037,-2.6529226428383925,-0.8612602966881553,1.1000912012134423,0
0.43868105466377727,-0.8729311869955592,2.247637272855545,-0.16240967698336806,-5.065465352832746,3.7930036019022113,-0.6703831693985272,1.8388116620660824,-4.481460944312723,1.5738081509955046,2.475055529677202,-1.9024164264963508,0
0.23434170248770905,1.1251527001855184,2.232544457896545,1.7655717953301404,-1.8908484482336723,-3.170353911436289,-1.4075292335236118,0.3795947276874948,-0.11430521497475751,-0.8859770048727611,0.4498729505950393,1.0679706557321538,0
1.0312239660667364,-1.2216708201018396,-0.8175680381950206,-7.678138229548625,1.130901522035047,-0.7193610604619014,3.6251389590572423,0.6240653871227577,2.4509492072286676,2.3486166851083925,2.7278727661819806,-2.0390007893502604,0
-1.3574582648211833,-3.061676116695881,1.0669603053697747,-6.400505910504145,0.021870960247785343,0.7336772847098905,2.3689927213126856,1.4001792244025943,-0.3661692746122104,1.9011027676790206,0.7870497370257666,-3.2970540845818554,0
-1.517067809398599,0.7889540309919187,-1.2462992890781357,3.08033988042191,-2.9691746722058427,2.677064761162446,0.9730417354023908,0.09644515083852725,-2.3171014174255458,-2.477805176494885,1.401881001704403,0.6628953405189202,0
1.0850462559081628,2.545328040838993,-2.1799109716787686,6.662950554340349,0.1506220348371412,1.5661917298513055,-2.0095596803166678,-1.18695378570203,0.36172708947465776,-3.1275416682622486,0.7656463649222605,2.866956832245792,1
-1.4291442705092208,-0.21654611206839003,3.162770649254228,1.2855513922275064,-3.7482471259706402,-0.16010432136441233,-1.9945000652075797,-0.8666048225887459,-2.69966329135417,0.3074005702072158,1.0925036626036064,-0.370339166917796,0
1.6850954947829628,0.5176633284788443,0.25467448452081587,3.0999329077779505,-2.4294328428069516,2.406465592179293,-0.44218121141336564,0.06936612549857761,-2.580078539924018,-1.6088120078553145,1.2985107324163618,0.5486179303484116,0
-1.0813981334809404,3.175925519242777,3.2461243649943383,3.6607967908030608,-2.0071246000351306,0.926200679636483,-1.389039082406587,0.2560283767736947,-2.1572582312349207,0.34151458333761253,2.0648934560121397,0.013335502234777419,0
-0.20239828856159714,3.3509124831915984,3.7589211616678,3.0012953877829887,0.6780240129273021,-0.5543099829464448,-3.9286674297107247,0.6907456556589161,2.190286179350426,0.5336954286758,3.5303013853444773,-1.315041223375366,0
0.6315569085525755,0.9913946144576885,0.44683102312300904,1.437139183319227,-0.9111767348145738,0.0903409225716435,0.006868462359336247,-1.508302365982529,-1.0838359945802227,-0.5977281412993323,1.0939301051733787,1.2969013111330834,0
-0.8168454643967298,-1.186396565515246,0.8258643924944428,-3.627346151657365,-0.5586362050002986,-0.5399664496114787,1.6801507259090107,-0.8755973042739535,-0.6510300812318347,1.4464020191532403,0.33503128159749573,-0.9580262864755879,0
0.38714927805865085,-0.7016661192739012,0.8628789898436433,-5.527287881945515,0.5103515951358362,0.34285672152066127,3.4387032475384656,-0.8235315730023285,-0.2653568163049141,2.4296011200572982,1.0236204934493338,-2.2355641355681897,0
0.1468455265490272,-3.4170699937702684,-1.0781749721041907,-9.139679109646051,-0.1456469952087086,-0.5675258241505585,3.5832013527787905,1.5466717445532425,1.8620455530009703,2.2410694790865207,2.094383723338148,-2.876360354261761,0
-0.08713414656751434,0.7341345870246205,0.1857372461745268,-5.439760313947237,3.2134337437174283,-5.253693767637961,3.720349759455848,0.7537091936271458,5.289127150194941,0.5603827012526332,-1.3567160383624972,-2.8698153119890586,0
-0.1473395226125056,2.0265291876862355,-0.7698247771247879,3.739045749511704,-0.36257434399244426,-0.39257704875339683,-1.226639378727469,-0.8560726594767342,1.2541639037108112,-1.9849162279602692,0.5951186066349929,0.9480203777467563,0
-0.48081385590530196,-0.8290528185359753,-0.5933738200884802,2.3593704954389256,-3.564343508080567,-4.587717610830353,-2.0311122760097593,-0.06223684235939103,0.6204500337320096,-3.4515614739391687,0.2592267423851192,3.3457846608224564,0
-1.4373958599765115,3.103918468704927,-1.3141915075592325,6.165028835551942,1.84424188633488,-1.4140699912274686,-1.9705495081881765,0.06944856298795625,3.8698532511486743,-3.812292344799447,-1.3906798583845776,0.0030074043739996004,1
-0.2788463230506786,2.9706769398816344,1.6287396242839842,4.121119264698837,-0.9818613521803016,-1.7771228750659955,-3.2052112864950724,0.46502070057286343,2.1839916915663036,-1.098674698371952,1.537014339083353,-0.23738509555464005,1
0.1466596635576345,-1.0256264616217512,1.3086331230026693,1.224095479662684,-0.8080293203492686,-1.976920117201534,-0.9567460490911999,-2.228437455672201,-0.3002045490007392,-2.1359100036566803,-0.9949886481716461,0.19850187893247928,0
0.009560253751302619,-3.3694112079918845,-0.3446278760716295,-7.4006430260616,0.26197179490251776,1.3323466214367063,3.7298922997541313,0.24287292870199625,-1.4941244093614054,2.820314137802268,0.21415991032859938,-1.7247595336809494,0
-0.34732355642499757,1.2165027620537523,1.9511953673106623,0.8985973791689001,-0.3626965274168682,-2.9830201533109406,0.5624555956249384,0.41064761359046603,-1.0915812896022359,-0.044517991102258736,-1.776793401777951,1.2744253402381949,1
1.067348312954659,-0.4712100185619985,2.178063296140013,1.5223596020812673,-0.07958877391686692,0.10845382582514773,-0.5700040194163196,-0.5298401093030507,-2.816093055388887,0.3677792369741506,-3.095417202850476,-0.167931533374458,1
-0.49332475973765777,0.9932446896592682,-1.8351549530731752,0.3554929971135763,-2.0212453222398468,-2.1458687589361363,1.2910021150621138,0.9558697945699075,3.9232306173776723,-2.895611394664897,0.0067183838043225474,-2.894467334538419,1
0.03964997563522147,0.8819526838688219,1.0909384345680122,4.459164232505949,-2.1836041449651837,2.734531666226963,-0.509307546095839,-1.309210934412533,-4.721958615512608,-1.1623332129863297,-0.16240457721106583,1.809019748000847,0
-0.7277419950083495,-3.1169651747417113,-0.18407685472148194,-3.0884154403906217,-1.0839546376067604,-4.4564811657268955,0.39265274293113783,-0.7470006403363509,1.6925906719850212,-1.5508015566926057,-1.5918288779764618,-0.3123357863616898,0
0.4740631674585375,-0.9493070301860933,4.681905199342092,0.4488005689536928,0.2201932912749145,0.8214160483501377,1.3865541725050727,-0.5134754018568983,-3.3896205980262977,-3.8249321003804093,3.5294066967552435,-0.10078099642742588,1
1.034472438656003,-2.0299050748111105,4.796097355540447,2.3713328526728965,-2.6786790355004406,3.086827539850935,0.3132606476877682,2.6080430456679915,-12.092686203741215,1.4591852930701976,-2.5560977243068597,4.702018353177262,0
0.13682955470490016,-0.02259513930053436,2.3789713726060935,0.08874866042984222,-3.2601200974375084,1.3804435439129468,-0.5559783587160545,-1.1304763078633313,-3.723228055658123,1.4155451575798412,1.9866481781119592,0.4447256198322145,0
1.2070638100197135,-1.6463286522897322,0.8937867723361438,-4.4365162863131165,-1.7016784152448834,-1.0293698458626581,0.7167480051023923,0.7517099039314379,-0.06614628061763812,1.9043102573483033,1.6799863172241614,-1.000325479019368,0
-0.2655154785583431,0.17741434611158513,0.045853304080704205,-6.030308403014715,1.9655423310835376,-2.5362429272934577,2.398247982680031,0.5596119528457932,1.8463118599252668,2.780173196412071,3.155887649594103,1.567417985222746,0
0.455744222486379,-0.3745051396200143,2.112669954736617,-5.847584988947889,1.6915927640949158,0.15275941167634066,3.7187070011077177,-0.5538637281855149,-0.13505952071294294,3.261401850659336,-0.6797698593033521,-3.9138973637975982,0
1.7705229879106346,-1.866703099572663,1.5166606583384996,-4.623917538430094,-0.31391992190096785,0.6676791295861533,1.801105659944795,-3.091995551931499,-0.4016815172990857,1.8100855419402273,0.13292152738128804,-3.588215930978717,0
0.18454468448265557,1.8224361842738859,0.37903795161255205,1.8473934886749501,-2.734572773179173,-3.476428597597179,1.6072980398396792,-0.25008329373026944,1.2731470167278989,-2.857676195736908,-1.532589325965362,-1.471772584940171,1
-0.5229726463977212,-0.19168439456782194,1.0705291231860277,-0.3508924212401517,-3.718565093730238,1.0621084040693307,-1.0680341137250986,0.03190922163887397,-2.501117916401398,1.2046879328599644,3.5930193569827975,1.3358021895589052,0
-0.3816524605257207,0.26946520093462445,1.8880689145459453,-0.32669679244327554,1.825404905408083,0.3629083822283622,0.8465462083943438,-1.0248666401875774,0.33174540305169803,-0.7704812682665421,0.16294000657535967,-2.0728368939826325,1
0.7166376516416353,0.7146468603208698,1.0468367013931992,-0.8606969405115338,1.524762106593919,1.1289576425471881,1.3600512032101546,-0.2969819991295145,0.9317602018863846,-0.38614377261532584,1.0935361806211548,-2.600600534241938,1
2.0557736099789574,-0.051765537010497686,0.8924359950341396,2.789466662645379,-0.08204395057836944,2.309419856735943,-0.9904979838467005,-0.025451093005162833,-1.295840834879515,-2.861053949443259,2.750683606823789,0.5708219018851346,1
-0.19776935486065217,0.06094019510183879,1.5201312504138695,6.3134072385576605,-1.6335850425775678,2.369355251717565,-3.191620603820654,0.5784979376132502,-3.5737705788606626,-2.3364272039349725,-1.0526655195025048,1.1605716254975371,0
-1.2350460673396673,2.9799446915665695,-0.6423018781037442,3.51440818528278,-1.8550435523253008,-3.5570626785826094,0.8581881108468121,1.1627691292681996,3.6737192801829543,-4.326396848367855,-0.6538660676817307,-1.7926062714319273,1
-0.6145857911458976,1.616414039801087,0.7545752720952845,0.6911334320267649,-2.930566128663652,0.7710676803114966,2.1462980008231622,0.9684700309291666,-0.8116233819432286,-1.1882444861523802,1.1051650517923233,-2.3773211791377813,1
-0.47498868529273225,-5.639710591598341,-0.6683122874004983,-8.080502570317748,-0.6665656978150114,-0.7728259421559848,2.443396467477312,1.0426283444050686,1.0528129074527792,1.0118144799254556,-1.4738761525951705,-4.297319134224833,0
0.23899980282829153,0.025197363177519083,3.425666461927462,-3.640349054703697,-0.8751858314452122,1.988287825016989,1.4882957735817044,0.24775339916644526,-2.3292087278700326,3.7357053611081485,1.1148409511355648,-3.5022966963309936,0
0.6993078975617469,0.5946049559990234,1.998800864024747,-1.719514623278347,-0.516515850409774,-1.412308332581808,0.13108473713660107,-0.4101349352008436,0.05256128164740998,1.3402951904733396,1.6378763595428343,-0.2621839257308043,0
2.6941536920798215,0.486105511812588,2.302480003860969,3.7252900126854005,0.1890809543847063,1.4950019557501029,-1.5931018273868551,-1.0453174158183418,-4.47391178526423,0.05351032947036738,-0.8896997309872523,2.891831265265699,0
0.8294985786833535,-0.7962286293779226,0.9939958903956388,-2.3010818322462154,1.55182268255329,-1.411085546368529,-2.2165890417445593,1.8522466003206879,4.141150080914743,1.8237772065097153,-0.9796098392007161,-4.274059930269719,1
0.3883571175892301,-0.07596293795955966,0.3627193663090462,-5.9307871619313595,0.9418497340136274,-2.802978374998593,3.1064455982702204,0.6104237562186967,2.641745651538979,1.9548848931182796,0.7711246348426016,-2.0621734349502474,0
-0.023980254604526,4.398203203214559,-4.392051009997613,6.113911150410346,-1.8505774089934643,-0.15057366424495755,0.760376451672002,1.4035773086593566,4.858964323053748,-6.363606504909299,3.009999950638657,-0.1338618245048353,1
-0.8396573782315613,1.4492259223254793,1.8952073301252594,1.5850109148642837,-3.3809367742473544,2.347778063501778,0.9416003322081707,2.4035135628269444,-4.335386249534175,0.33386549439427204,2.18046518541258,0.5928093176754958,0
-1.0843480310224423,0.921105482058046,0.8513174392703158,-2.0351060843681448,-1.4900441495094572,-0.7389852949219772,0.6440722809351822,0.2912843280710802,-0.26373144741921833,1.9171869746994967,2.456990439416053,0.42735183698051715,0
-0.9755694205426366,-1.8772187494711985,1.5196504638341253,2.4173991064386846,0.220353297880854,2.1094284080480077,-1.4172736384953386,0.15933983999224555,-4.95083331424377,-0.7450898177544673,-0.9579112605188294,3.0245095453477453,0
-0.041419900304680804,-2.2326087429245787,-1.0722746478463119,-1.8488408932529192,-1.9864866380208062,-5.042235148544532,0.16091842001501455,-0.07185620819514642,3.3388060377162483,-2.820164196167009,-1.3207951499130286,-1.0387202718361075,0
0.9525859889186986,-0.9521067141322126,2.420947622247624,2.280414512165253,-2.418675062934535,2.4514046148933337,0.09426647236049712,0.39991132475152996,-5.708532522644373,-1.3991624617795457,0.617435545669397,1.401045608121707,0
0.7251344609603291,-1.9472762259891379,0.5923087622684742,-2.4955378591221535,-1.8584885320404572,-3.1534044769315166,-0.013878991279707042,1.2240713882971437,0.7436450451180532,-0.5286373449069797,0.15885068733430407,-0.1694699776995342,0
0.02490487559235169,0.568131868676953,-0.9594500569349083,6.1125265587339515,-1.0280324628982265,2.753920520884779,-2.9110155531707385,-1.8668045529418207,-1.4463257287733646,-2.373767712497634,-0.6695418458072073,1.1422364129571234,0
-1.280082526218735,0.49061249341448276,3.4836426808494534,6.896693008546021,-1.2495361679101047,0.5872871714003687,-3.268919454965029,-0.379715627293519,-6.091291490032466,-0.7583816375165129,-3.8225140271241536,3.194848304199213,0
0.515039569964336,2.552859098599055,2.248061256664357,3.2476861145228524,-2.0632581166901685,-1.3086847047625096,-2.295135410281652,0.3942097816538009,-1.0206135487515091,-0.21129248011747448,2.9336968105447667,2.5862138830467463,0
0.12389197245605384,2.0360612699103977,1.6652342181213806,4.087020911526691,-3.077453286513154,0.46605166876041637,-0.6929492142580612,-0.48202998571517447,-2.3099505771930744,-1.5999088150028236,1.056907025134159,0.6091043848598041,1
0.11224840598919604,1.7077756307018541,2.095092340039403,4.02574679233604,-0.0862324582297761,0.5233708371320571,-2.608466082834186,0.5507046848480746,-1.9068033444187076,0.013911558561372273,0.529276759569475,1.985209626273984,1
-0.13340372790487046,-0.6188814280553971,1.2720328172593898,0.13606554257855194,-2.3651246320587074,-1.5587989972324796,-1.9373837478895028,-0.8099192704005261,-0.3189437180915831,-0.42674357968088716,2.30300664137226,1.2433322967046672,0
-1.1455376250576377,1.4224267964185797,0.06769909944288943,5.044473709598267,0.8615025319569554,1.0010194566412431,-3.8686944730930093,0.9184143698500533,2.131439650101329,-2.4053920767256742,1.287249740948423,-0.2647585451766514,0
2.069361281748575,2.3993488992545045,2.2007435157084103,2.1256140622667177,1.5243286469645434,-0.27973909570828015,-3.011311887266015,0.4346221167877086,2.40171356353798,0.006489597518090751,3.239705366136017,-0.5134232011682578,0
0.7458245871229967,-1.4341333688514308,1.3193282586836688,4.2644898346101625,-0.5350982622183673,2.7458045859059244,-1.7780120700110964,0.5114307937004854,-4.74808138832729,-2.204921323131989,-0.942531442554408,2.2207486535758845,0
-0.03942404663476531,1.627220416712737,0.6121137406191468,-2.153846874511253,-0.336654869974241,0.006038918779389113,3.1100045218101693,-0.8544152344275754,0.11794488482673449,1.8323483039394688,-0.9604831603331485,-2.875564309478749,1
-0.21845254217144178,3.716465960463014,0.8933138336869872,7.305635337407061,1.212933642315679,-0.8796174533333113,-3.7339284254193386,-1.299319064224548,2.698351241504599,-2.91063087087067,-0.3689370783439424,-0.11384790443135862,1
0.47022696318503954,4.40768370097531,-1.2417379664119172,1.4480255475324961,-1.0255268565187092,-0.7238169268949985,1.0377110378267664,0.7223558623949513,2.561441163878194,-0.06436728421316418,3.103243171067839,0.3422984105234509,0
-0.8253813622540066,1.7228429342268532,1.2916593014882256,-2.0527685477658295,-0.06975688141524605,-2.8773553553443554,0.3200852888474466,-0.1218859586252206,2.020588019431565,1.459552609074839,2.296607386026529,0.12290141609168348,0
0.22061481022944626,0.23994706080488337,-0.051582648592130464,-1.1063806076695577,-1.1365886510916086,2.8339722204360815,0.5093442280653178,-0.49103886374031575,0.06442945263186967,-0.37472515342802437,5.257070800557566,-0.9619477369429874,0
0.19672423498846325,-1.6678589582252423,-0.5207614701115273,-6.383620982847039,1.635858826807993,-2.6008290994934615,3.1000041259054494,-2.0530286022061164,2.62901527891655,0.997712901624562,0.3833277991523464,-1.4631001021323327,0
-1.8045624609720283,1.3214821947463165,-2.5384514751939338,0.650055958819436,-0.2634356891354005,-0.3559183588362924,0.15269015409498832,1.4320348170964812,3.3497916402303973,-1.8614377365123103,2.719923566438305,0.1887572009865428,0
0.1378792769991429,-0.4152404557468137,2.8654794945847906,-0.032392589552228755,-1.9169306370897017,-2.6286946871689465,-2.046195025806799,-0.6341337745901939,1.8200400987648047,0.3057191075645731,-2.5534456613704064,-4.836423594705,1
0.41803287732637046,-0.42221029295771384,2.788516704946044,-2.55282109519169,-2.0820250247882317,1.5179815936705188,1.1685549741798058,-0.7397617780400442,-1.7939306565532143,2.2261474937110135,0.06566436751390625,-4.31996716265155,0
0.9468411352275234,-3.216573523217458,-0.013141760073894337,-6.811424336518698,2.7211199831064077,-3.3620604319266194,3.118613782787175,0.14327161475180333,2.9322939519726763,-0.001354913181662809,-1.7322957294882615,-2.6079299747295117,0
1.901757727324456,-1.3052297234087233,3.889562994406834,0.06247722174917637,-3.5298996862741028,0.3381282685098226,0.893103090716316,0.13240463080868636,-5.7882605608681725,0.8294842180844797,-2.698215000178717,-1.1595244012089831,1
0.0023046731233942403,-2.318434934579832,0.39610877864145755,-3.5596482077742273,-0.7114879255843526,-0.9318910466659462,0.9456800284738877,0.349076691821218,-0.575718898737211,0.25065822352139866,1.330248461073215,0.37630832718297613,0
-0.11687897408024135,-2.5398263752792207,0.13902769386056868,-3.943897656107185,-1.4549982108191069,-1.427685995476247,0.9584594385165082,-0.36117902403778845,-0.9514527658471634,0.840886199399377,0.8393424930039536,0.8677966970391804,0
-0.1461965145126657,0.9577490039232665,1.6527395874742878,2.2531464358505735,0.8994044981358984,1.2355973649364256,-1.9107388292003369,-0.16901570117547904,-1.0784697800129308,0.018980416804977418,1.6535926518195976,1.2153512273554488,0
-0.08735570179518895,-1.3338558130017018,-0.17628981733879634,-2.7549010479849114,-0.9487809641576332,0.2571948953531562,0.9312563161102656,-0.5251249545456068,0.2092689500620113,0.9563183520417518,0.00874723920028364,-1.9240989414205578,1
0.949169398961522,0.2543407504167492,0.8130883086027969,-5.622166602015532,1.9663307271286246,-0.569601081507112,2.462673961418555,0.39287660202807756,0.8543163143372678,3.089080944308117,3.140579585088681,0.05946841772550959,0
1.8514663842542183,-1.1387656331129066,0.7862278754354179,-2.4239106768552934,-1.9194404875749211,-0.20668029068897653,0.6063482943796621,-0.2993556738167425,-0.3563139769511936,0.2913497744148321,1.8476385048232793,-1.0741960876820873,0
1.0665514893532797,-1.7753805690685094,3.8686117640917694,2.8969701270246664,-0.42664535128144043,3.358680153602322,-2.206812757609508,1.0361462248062265,-7.294248376973205,0.3667320628630799,-0.40793830273635723,2.725927102881322,0
-0.4856119570607066,-1.7220020226094583,1.8847304424110098,-0.7375783137974186,-3.1985359788812033,1.2582440920015832,-0.6059635512618271,0.5094826494909632,-2.0806950126615695,-0.256711484678835,1.5207228451159271,-1.8659679629041843,0
0.5539324004174248,-1.2275651922910118,2.07341467181759,5.25196913657218,-0.23598350322471628,1.841657718995293,-3.3324469548864157,-0.6140159524275158,-4.065058442223509,-2.0956364243014565,-1.704383415512329,1.9873339114368536,0
-1.6724083600309425,0.2227983761586677,1.2019806565841302,2.8425385276271555,0.2749672298240453,0.20211540992115973,-1.514086980330418,-0.9549331888847731,-1.5210644809393525,-1.328742050559783,0.09690329585339186,1.7780521381084464,0
-0.19125115425715897,2.863959768902309,3.8828975295802883,0.46702033734935106,0.40568948040844166,-2.092793370470793,-0.3376511827246431,-0.177716622592413,-0.4640696604217297,1.972398389555543,0.4534679344515099,-0.09786338148040996,0
0.10165238529532608,3.281122448951165,0.5146190818753507,0.8253758425699982,0.1721995665009235,-1.3773276814413191,1.1008188160171,0.27580158274220856,2.35924694122061,0.4012596175453389,-0.7322800379847636,-2.442041610268836,1
1.047648854741122,0.13262072047603535,0.46025089027289845,5.204149467864869,-1.7532304227062787,2.263035780686914,-1.7774144471848947,-0.9417493013100644,-3.607288283879492,-1.9948473663021655,-1.0241091330607697,1.704384592435094,0
1.3643424934502673,-1.2712679977033563,2.1575050847731685,0.030163073898115126,-4.553705903696855,-0.10034620352324297,-0.5046571856051647,-1.572569572607958,-2.478009464137412,-0.14081862208448048,-0.4660782820700544,-2.0994302333373684,0
-0.4849482073410061,0.3983969789252354,-0.7019568425732723,1.3252421889193382,0.9879311217528739,3.0432350543856503,-0.4011853698025265,-1.4724295340798508,1.1691679528074985,-1.8937636457543694,2.9773547761694807,-1.310527204753114,1
-0.6899446845176921,2.630534517537655,-0.8628663792381939,1.6336837501455188,0.167730325204277,-1.2596932184977945,-1.1281869099762665,-1.1327423390476998,4.044923977317686,-1.2602607597959938,2.860935058158251,-0.3540736846167165,0
-0.8858681226267443,2.4382834100374366,2.7074670715535825,-1.0412658033696383,-0.6234298960470506,-0.6372088039495123,-0.14840635284581638,-0.4595319797521384,1.442810512065318,0.6950130505914682,5.3318237289209,-1.1374157631733244,0
1.041944149602155,0.8633680146288192,2.788966985425712,-1.3261756275827843,-0.5851905431089669,-0.92988423794293,-0.5766165815839808,0.4155330974655947,-0.507951783059376,2.230301816910936,1.4008770034384315,-0.6005585055979001,0
-0.41800262817763173,-0.8290198530889765,-1.6858913110128824,2.2253058831690167,-2.4228930431490348,2.185763892411175,1.697972030703724,-0.7571780919221885,-3.890237624932766,-2.553415473242238,-0.19995741926931565,2.500388564461961,0
2.1970657358116985,1.0276201473327347,4.982531937182777,1.9845668765874824,-3.0776960991639557,-0.7853511703143649,-0.7745266391084242,0.9962953224380435,-3.9169223985503874,0.4555346535289926,-0.529999879423319,-0.7993880097586137,1
-0.7921677952552045,-0.476001002374849,2.6563574969714168,-1.8034892283815294,-2.3707475402548477,-0.1330446333971541,-0.6330894527553717,-0.7296138188209728,-2.1801462102226763,2.419658512466066,1.323114110367825,-0.4566909638241634,0
1.093914768168815,-0.3668835446003651,1.9387836146851085,-3.035743694501119,-0.31866451715660304,-1.493539205381938,0.9340888096825276,0.49288491237906096,0.8166974415985788,1.007203302963883,0.6129433771889201,-2.361212638382211,0
1.0681459401062943,-1.2968897894317166,0.7197692087370028,-3.691062456469101,-0.852471978549634,-0.513726110425015,0.5726098783528293,0.188146324290601,-0.4056051063378678,1.6447400653654893,2.2395272131179937,0.2050031267610568,0
-1.140755777199077,2.1177778464858457,-1.1462524603018927,0.5095126556616514,-2.439714342615753,1.617457223408055,2.0331390103022358,-0.6344895487574491,0.7657520617349443,-1.378237414146537,3.403762734325168,-1.5378122074554428,1
-0.43131734351567336,-4.373561952753734,-0.9616309278665831,-7.463519848701718,-0.11725408743902688,-0.12797854336466974,2.8288953898849125,-0.724370052997277,0.014465411345627364,1.2298505204491874,0.9130935585971064,-1.2944311003788629,0
0.00901122206910496,-1.5115780072969585,1.409972550292362,-2.9572643331937516,-2.4377450831819507,1.1516504995944863,0.5967391095690625,0.9014748111631773,-2.650210167416542,2.2158423339484923,1.3641769781631863,-0.6858925422587787,0
2.277128758759234,-0.10383452356961342,-2.164223604709813,2.3956490474516494,-1.7613002851765807,-0.3028654907600483,0.6784407866582172,1.3287468388849046,1.9878680838278768,-3.441284792370058,-3.0615187566898725,-3.159540403198021,1
1.7618972566056992,-2.3239284729453504,0.11605048247955796,-2.0560441806127323,-3.0739161318083723,-3.117889723829257,-0.21453804633943552,-0.2172125304395443,0.7214648744032617,-1.3665288587055726,0.4273867513073152,-0.2394141991359814,0
0.8206240917017631,-2.1380970459646016,0.8429380318222081,1.1643804064972436,0.5362648797946152,1.765936846410925,-0.24563817550008915,0.45923819126819504,-3.314950310738447,-2.158283042858144,0.6217389294164466,2.2251929890494724,0
1.0177631534733493,-0.6594926438478683,0.43265419442834807,-4.488992939867584,0.823975013396187,-2.3800701910560846,1.4006191303948743,0.673261361553708,1.2764210342976805,1.7304749187999606,1.3242540094709871,0.36108481913332247,0
1.131690951138054,1.0495343935731247,1.9084362483349748,-3.834375711807847,0.6808838666538171,-1.1409549169925999,2.0976649741696836,1.4445984651289434,0.6541992106288982,2.358815556152621,1.7709519667924498,-1.4224324613818844,0
-0.37508492496627543,-0.848377765445591,2.5788004371153974,-2.9078304304668605,-1.5338646835770666,1.7818453186910728,0.7120639685203418,0.5107040955387433,-2.8226384372457725,2.6924462557996907,1.6630519414046372,-1.5470541598006076,0
1.4351681413602877,0.8336219356969713,0.5085820218229911,2.773924735355016,-1.6154405483879706,1.8249509264652075,-0.31073931121614184,1.2197127521494306,-1.1778298371683507,-2.4219626900526476,2.498987010524846,0.0977425133910399,1
0.4682330362544857,1.6408410319345328,1.4340322368996872,1.3972769215700613,2.2024262233030245,-2.4604125857346073,-0.9183052725373799,0.978679768317931,2.0829801503513172,-0.9489511148218057,0.06385681966865553,0.4139112131587295,1
-0.3770999019071485,0.09431964146078475,0.6301340821165219,-2.4534654268406566,-1.226260330807753,-1.4370148479871858,0.7912839218785728,-0.8720823732464149,0.5244066699474303,0.7386457278266154,2.3917662595279623,0.11670287959704351,0
-0.10867447327656533,1.321696984110067,-1.7256323967825806,3.1937693546300348,-1.1381609542630504,0.49086089338847194,-0.3689946150432578,0.11171704347788068,0.7087513490232377,-2.3898521058043674,0.8044222037784126,0.8583123264935852,0
0.7161338129609257,1.1311820419889858,-0.24743693733301608,1.7573769940707493,-0.8167808223296571,1.6502215551894615,-0.1798083889767571,-0.1357870797685486,-0.6781622412747376,-0.7651768227039493,2.0725357039423407,0.6513203486087468,0
-1.4740988901184746,2.7567655807631017,-2.32032108280227,-3.164205377648862,0.8854011930313594,0.8324718128048821,3.207115915080921,0.512027643265259,2.526191116649692,3.9869290198588745,-0.7250946948552823,-2.7214122720631195,1
-2.5406608146258476,0.5060920835785028,0.33751991892346345,1.6347495217508714,0.45536555312502625,0.6678405603101425,-0.31226066546167885,-1.1390883720054457,1.5185410255831249,-2.662542611685077,1.5041737347644322,-1.686761775547906,1
0.8633039413409794,0.839349248370209,0.5185245683121927,1.1081270679885185,-2.103930510592133,3.60494874760641,1.5785330066459655,1.284369882544751,-1.893881277177073,-1.319575258978015,2.3562642391692323,-2.1798265965251398,1
-0.6831802817029415,-2.0527131116065536,-0.7257079363150742,-6.488355058755012,-1.2468172868982954,-0.16040826949785114,2.810717912560153,-1.9817227186956914,0.290561319999956,1.9649075121089683,2.559058897405448,-1.0470648500516784,0
-0.8318587167259699,0.7548897697114882,-2.311994286027377,-1.7080040221596822,-1.3225263032844636,5.133842256826678,2.8342668354943994,-0.11269357607205376,-1.9303135629014185,1.5409732785767125,3.7549633826058217,-0.03259918536115136,1
-0.26843117718574117,-0.27922437548588686,0.39753359328017024,-3.6250396297493097,0.9871719567928863,-2.9470526193158024,2.0298914955651277,-0.17277411952012453,2.5457392313743905,-0.16431553656714204,0.6196992821269772,-1.2629786631202788,0
1.751417134057747,2.141198274630023,1.9367850711808834,0.9013799637807506,-1.9424458569131744,-0.2545140990433332,0.7624658309319017,0.4226668150068609,-2.190514643911659,0.6819118431617346,1.7208527128232063,1.1197445535334638,0
1.394306607530884,0.4033677582912665,3.2673382375285787,0.29361897294195094,-1.5973917282400047,1.6115967426436622,-0.8294263887651852,0.5672825989579847,-3.704889042491283,1.8977209555572592,1.7620311724725712,0.37570650016001794,0
1.204769564388536,-2.5155026152668487,1.132381313157778,-1.9080784238121051,-2.5220725070321315,-2.58338019273188,0.054068223228060264,0.9260213097854805,0.34427121304133407,-0.8783585489247832,-2.270191426155127,-2.7658699724130478,0
0.37093374613495905,-0.21935964117729978,0.6258380250400593,-2.3375771246690418,-2.361839325350352,-1.9086948371189196,-0.10243661744569099,1.1225231425531164,0.7194542992515551,1.0553731898944254,2.004650204869512,-0.2432972127618772,0
0.22737089254971118,-0.2975804204949388,2.798321125680374,2.229477260313921,-1.7452643242452517,2.015403334107119,-0.4662020419383198,0.8626037025374419,-4.600417707944008,-0.9710350095797693,1.1605994273458202,1.0544619216546844,0
2.182630936074203,-1.476167779346687,3.2713342146629074,3.001291458003821,-0.9038936701276009,1.913057556710538,-1.0764128842761975,0.2760315859978813,-6.621680621236766,-0.9330350863099995,-0.9237323445092787,2.8720561854106283,0
-1.0238744749198823,-0.2167023663097335,1.0814233704337601,-3.2951004949943794,-0.594399445151879,-0.5762677363377425,1.1851723113373294,1.8653006206917648,0.627926912121246,1.491521123968917,1.3901531318579976,-1.9182354943369369,0
-0.5995100564678842,-0.45771238055316943,1.061463577130225,-0.13348304932992214,-3.371415418094338,-0.4560180699497234,-0.847646844649534,-0.5799572643141934,-0.5738173109360953,-0.4270978789002109,1.9500814700814084,-0.6704064253167423,0
-0.2111530752033657,-3.248659667542707,0.07684002525368683,-3.330475305792001,-1.3056985436966535,-2.4904280223097564,0.48347424119848803,3.4135259792999397,-0.12191889450451099,-0.5727179863956169,-0.37641095566550575,0.3653065437759744,0
-0.23445816526820223,0.960293176087718,3.0831847481434003,3.8028796596461714,-0.21472458777721715,2.2600633148915814,-3.712930470679405,-0.3820472117141508,-4.086336548473222,1.6445570584422669,1.1980569505944714,2.7830912229593094,1
0.7433154678476311,-1.8116791059240618,1.6542195629977137,-0.38226505931289484,-0.057692823162739826,1.1969364204654154,0.17650541652954432,-0.4330332533464603,-2.7748210567601186,0.8629953284057315,-3.314995718327634,-1.6971091207301203,1
0.1360564358919311,-0.004751762012306093,2.1951741119457333,0.909673870451904,-3.57822793603732,1.4378744946244892,2.008641473611057,-0.6515425941788218,-4.4647232495188005,-1.551853871268931,1.224016803590708,-0.22855907332847203,1
-0.3133270476275815,-0.7266607210281258,0.6282319400664647,-3.7075472425630913,-0.7300192442614715,-0.7925953439035729,0.8600067773900385,0.0939071779108863,0.753666762523933,1.5663232073312585,1.7828501730953696,-1.2149197031235472,0
1.1113777704982226,-2.534749595161462,1.4545985740620435,-2.403480485145035,-3.1090536968525933,-0.17183923842519655,-0.4089188408283564,-0.545215862396357,-1.8813731605273116,0.520284138035077,1.2378936465029737,-0.6778933673401705,0
0.5292088295801229,-3.1765187716010184,2.8828477751117045,1.87840199233706,-1.4382674833643823,3.4249345477760036,-0.47006499283690906,-2.1475555786440106,-8.036216413819059,-1.142463277437995,-0.5371018582518818,2.8100928883779215,0
0.23922842690602678,5.39744341944065,0.36052845082803564,-3.7788796295733778,-1.6729968644127982,-0.6779010441344493,2.671369570939518,-0.6886508088888507,5.530139844633946,1.5144250569183155,9.681376159727197,-3.201284122052228,0
-0.21067395893019972,5.1493286424272355,0.2734787899141514,5.242124223895617,0.7381286977135886,-7.919848944127483,-2.844455332571508,0.14993829961899052,6.44794549921597,-2.649553075831518,-0.9243704257407539,1.8055888045413906,1
-1.1820885520886493,2.3534596333359503,-1.4154597628725325,-0.7032073905704156,-4.111900011047969,2.896717134051751,3.7481629214704366,-0.7242037446882175,-1.5328958929135097,0.7422752955858292,2.6114019328746734,-1.7134108117917612,1
0.5197361459777419,1.8395974879662476,1.023256972904744,4.931394670961868,-2.819702218642499,0.9451513205150603,0.01666094227993309,-0.17541820885283438,-4.629801608196906,-1.003515249036576,-1.5148353072758023,2.4431213593884507,0
-1.1024881639958992,2.0007225907563218,2.8186940044072695,1.0986242167591054,-0.28696380476926664,1.4677004743928102,-0.6244446451076704,1.4122106216929262,-1.7574065207698188,0.9476168392685196,3.3313949132861698,0.37549122872781204,0
0.6890441435196392,-0.5148882636043124,3.93717129356334,2.010413110892482,0.35739631614534395,0.8370171768840634,-0.2145903768593409,-0.23912344371677766,-3.3412975167740355,-2.350824070362278,0.8211422972478744,0.18939881921032486,1
-0.0597495876711202,1.4338036354335733,-0.15384821927878067,0.6570941814108556,0.22922443737627196,-0.9711230760667726,-0.4795167568827928,-0.060945752864065235,1.5403450479348333,-0.4179503386461272,1.9002583517071159,0.8849766524378516,0
0.05572953842929732,2.1058250243930274,3.611541140436989,2.076160958225881,-0.37079387423816534,-4.805036712495685,-2.1668298591548005,-1.016764054928598,0.8452389360886129,0.41480882697747545,-1.7734734513570105,0.21688726574539774,1
-0.9657226632067777,1.6644510484133375,0.8075543467967453,3.9297751523734012,-0.7803170213276581,-1.4156541149188437,-1.3283259171059671,-0.5258239038496872,2.798399683503826,-3.8187833101804203,-0.1961358111304734,-2.6902756505233807,1
-2.1553423989981355,-0.2118571276244574,4.742344012537311,2.9425409148159396,-2.607336040855425,2.146416885445409,-0.9404893742077014,0.21326477235009964,-6.915986473236641,-0.16045187774604108,0.46145987347824136,1.3354590873909933,0
-0.4253713307580756,-0.10033295583974644,1.962944266829953,-2.9672479259068845,0.38833436495779705,-3.4075976405950676,1.165686737477881,0.6298361624302274,1.3086214121210338,1.037303575172588,-1.142040992822762,-1.6824250525368138,0
1.051991648992838,-0.8452143761835631,0.17802728302647564,-3.465614979493963,-0.7078644185589209,-1.681587283935199,1.2899727883746066,-1.746965573342141,1.1703700025923254,0.4974716077022877,1.350653996255688,-0.8343635788755261,0
-0.022009712472252675,-0.8115211317757851,0.9685653470274299,0.5858175662902684,-2.1102609596639486,3.50666987694114,1.1077501666915275,0.7836526943479246,-4.778955063823733,-0.6278340325376461,2.2326363155099793,1.188181775365467,0
-1.4460452039250675,4.7130256522408205,2.688961876207456,4.241761499771699,-0.9874707297428404,-3.2347391370620793,-1.7417171542847367,-1.0340067621263307,1.473270183955314,-0.4037598267044782,0.6548802807381395,0.30168907220195773,0
0.8547130686289316,0.3252693191412972,1.883485688215315,-0.8983078344731009,-2.283572112028535,-0.3863070037300105,0.33502459045069677,-0.16603401730013356,-0.8365877631313208,0.8941648499836872,0.560526025536353,-1.821701678913043,0
-0.04683018746108974,-1.4907810334161966,0.5316247093728206,3.321531655468447,0.471770620608146,3.467906762481508,-2.196311523715389,-0.03389743361749439,-2.355067959453051,-2.454523007518519,1.1011142327300896,0.9415004648771701,0
0.4939665504158598,-2.7100906231306787,3.7549767508146132,3.552120737389402,-1.238425008910632,3.519357208250984,-1.1656431181609839,0.42096394248949864,-6.308870750587835,-5.607110757258656,5.029441623730302,3.1593277987169337,1
0.4868788113189597,-0.07585770270542902,-0.9787919178582651,2.337547675057591,-2.4439994018636617,2.3484042964550325,-0.3153814030454616,1.3245934209284618,-2.017557955721553,-1.667992301221774,1.7039771785867992,1.1702766228090566,1
0.4421371083639664,1.393488898556041,0.05285676189126676,0.11546548915442015,-5.149770504445087,3.153566237805449,3.527859069365737,-0.622890087760011,-3.189308269405476,-1.02861212146918,3.352213125519582,-1.6348987274193563,1
1.0326821020430703,3.2873048208014684,2.0025079122955303,0.04636118411317431,-1.222546308631376,-0.16895922913499284,-0.030474330789967086,0.8039034804295526,-0.5717685379118845,2.369335529857133,3.6566890142965254,0.8838805066029092,0
-1.0351084079407797,2.8931352378251147,1.5062173601466462,5.433039112208385,-0.13065778417648133,-1.239190527991231,-2.829651575038092,-0.18863256292792188,0.3946341080704549,-1.250367896390613,-0.5551578287078243,1.0811640140093253,0
-1.28180351301372,-0.11172295959284217,2.4543391776859513,-6.707394273768763,0.9562320193573657,1.2167854133530063,2.880646885700031,-0.7862075026096904,-1.7367119213762077,5.421322159380406,2.3674477584245963,-1.4464663499137742,0
-1.1390686763875517,-1.7584766605811404,1.0437685151400338,-3.4248254752755436,-1.3108444620389295,0.4866975386016217,0.7111794585021973,-0.8621096398460149,-1.540334887169793,1.4920192612516783,1.903882715355918,-0.2592268360185044,0
-0.04285645103387803,1.0507753781222278,1.7064796631119674,4.717755425600495,-2.0643843158374495,1.626490401003374,-1.6264316168905166,1.7865398225537081,-3.3820841228066993,-1.28769851589945,-0.20875554122415485,1.0435635677994328,0
0.7128679515273836,-3.4424098215037215,1.0814019614731027,-1.9780041507271453,-3.278314057064183,0.6989493200912718,-0.8372992331139164,-0.98034190391021,-2.2616059314664656,0.1544103151788253,0.30513807850335517,-1.2632976864996484,0
-0.18268352717225522,1.1476504660361306,-2.817585356094563,0.5370770566712979,1.6819542892696542,-0.27130673239821534,0.6611457958561537,-0.17231807890120676,4.529741878489003,-2.119063340703518,0.5323402908740618,-1.5474669448891278,1
0.7820898650145969,0.3614820225599905,1.381522973095686,4.486380548064408,1.7616055153355008,1.3777835134867968,-3.442498138667349,-0.5837881713076932,-2.1029363985868343,-0.33179904294212503,-0.8536777981294787,2.6722549135755678,0
1.288662284718774,3.0711236379549196,2.083706329367605,6.9171539608222306,-0.15532043109442395,-0.37680956321727277,-4.839254028251911,-0.7775920738865346,0.42710200038311474,-0.7298971356763271,-0.8695955880113426,0.42071184398069816,0
0.82370135752044,-1.5681150390662666,1.843264257260221,-2.3975411981751877,-1.0232652570711231,-0.9314311790472837,-0.07691012396571728,-0.9014686509231656,-0.5882477367559339,0.7933106291565387,0.28738315385401725,-1.2665548026385693,0
-0.3174241075853091,1.6798996556352013,1.3651231703312874,-0.30193225168370474,-1.8827538336064034,1.7417200890672655,2.8167526152444973,1.1035446372834803,-3.02112865362234,0.5650328538149101,1.8417851297331573,-0.23943013661067125,1
-0.9463748037966639,-1.9108470477132866,3.019437488543571,0.691212154996078,-2.7991085175395582,3.9372184284899827,1.2471833396140095,-0.6201434680556496,-8.570240382821648,-0.04195162848969991,1.0187108549174397,2.292535352187534,0
-0.388739394338079,1.6432464531429054,0.6621120165554844,0.715510203305434,0.4279648542570045,-2.3841970941538557,0.4763251048556686,0.4162112914422908,2.5197250230655968,-1.3354183529780639,-0.4913058536734449,-1.5995295036536514,1
1.0146751175544912,0.4570292092793625,4.155127988139206,3.277959048954924,-3.4700922768485545,2.7713465795471155,0.01898273192355515,-1.3832563170298626,-6.540660357673114,-1.087475696576811,1.3691265979574523,0.4938098055800816,0
-0.652422656017602,-0.7529266815155591,2.292888228636679,2.7609776167183386,-3.671206823046028,2.877700393546934,-2.954453600406776,-1.4800492597356976,-2.7839274621382812,0.22796541793479896,-0.332829417293769,-2.7708360106667502,1
-0.661536593460832,2.0650564347462828,-0.09773684987725151,2.343531241165875,-4.1705947945955595,1.8205752745641122,2.0332656341270785,0.7108360816016096,-2.9328891301030717,-1.3584181883964623,1.919285967195359,0.4080455921264927,0
1.3053946137119752,0.6037236895142675,2.203543319077453,1.2255615521700856,0.2947244482252336,0.08571567008785297,-1.5194976665289435,-1.3292037020480976,-0.476212920012278,-0.46107751083378323,2.1815938321877297,0.5129181478942437,0
-0.7619771017026052,-1.8689183317803173,-0.27613004697791377,-1.9230930401360913,-0.4452940292604337,-2.5170588539442815,0.2937963949168012,0.2569842624231076,0.8150852095945805,-1.084134558940622,-0.03536605301781259,0.7425093480646583,1
-0.35032896509131733,-0.7110937879061667,1.206419466486353,-3.8813708084067415,0.39940189383500235,-1.4827934381164891,1.5646691996425397,1.5572240835958806,1.1037081140075677,1.4042033691962794,-0.18160171555084115,-2.3920431011391283,0
1.0262313512617705,-1.2182193529938623,0.05496121706900148,-6.160725767939272,2.1915955698980873,-3.454857069430442,2.342972740222044,0.029816907408163715,2.5452031787772182,1.8663314372867656,0.19298477890299393,-0.3535186374068954,0
1.0134298802030302,0.49059788029999196,-0.7684785345431013,-4.545293543605639,-0.334882340960613,-1.6027204739267573,1.7837570456114076,1.9423972628329085,1.931855536919592,1.812778937169009,4.046712167463545,0.8901930042651487,0
-0.8574486126973176,-1.35606429275238,1.9012893971615636,-4.57646301299183,-1.0928489681592046,0.10954017594499588,1.7178439680802853,1.2276403301537906,-1.5323261941351634,2.6113522577925137,0.8428203889466547,-1.7703049208849133,0
-0.5810297440945622,0.7315401739964377,2.98088410482295,4.455985629479285,-1.7321008304975367,1.214829890640236,-2.0912671973886567,0.9143612118779725,-4.127873543661122,-0.740576376156536,-0.4514059885922168,1.2976891607593914,0
-0.029188273547395394,1.8312991265665353,0.41482349549281017,2.2575271822707044,-2.81821224806628,-0.16612414877024384,1.2115779489871374,1.4862270707599745,1.1012369380653997,-3.536268191107075,1.771991288339937,-2.656336994433552,1
-0.8984487303961283,1.818828378587027,0.5789645659342342,2.789914644906088,-0.5596555011987655,-1.5604014905063501,-0.26035806472883005,0.19412122429435327,0.5084718603953401,-1.5629407512396847,-0.8910618797459394,0.1332087744635173,1
-0.5550990779047431,0.3578933521072133,-1.6502748752539236,0.5066394722444383,-2.4963315267439787,-1.0309594918050209,1.9116877616756787,-1.2277845123218238,0.1973460481268602,-2.0096189735634056,-0.41120545923811813,-0.020000418301513667,1
0.273108231287688,-0.7545754564595961,1.4875100504723675,-1.1983490122356737,-0.4724895773087626,-1.7038115900084942,0.6849619600039134,0.16825333003657864,-0.15523337064798973,0.1807471913223706,-2.2775140636233204,-1.8875592933458596,1
1.5687672578773442,-1.7847226305437296,0.8570479895162443,-1.2968450097364153,-0.13704869676365306,-4.597249777330638,0.5098639858991647,-1.4681188880886318,1.6685105225445875,-2.211211387210796,-2.6272081949052115,-0.9051276173235719,0
1.283438683342692,2.395200297716746,2.496359516616935,2.8123260598374356,-0.475179823886395,-2.1875140943595444,-3.039743260820032,0.6750986928114304,2.016157860730828,-0.20651628395430788,0.8945357484041645,-0.8932835347679755,1
0.079716195816949,0.8561470971997134,1.3017984318717386,5.675902386826271,-1.422370056817337,0.49643032382227403,-1.6971396371375718,-2.1895883955075486,-4.200378755251717,-1.3869650136305132,-2.6061599624377014,2.909044418933963,0
0.6258626081026633,0.6482686103890659,1.404808955248727,1.3036723607875962,0.5373776172778462,-0.5776415786728064,-0.24598625310793198,-1.4670442632434832,0.575305228241626,-1.582569043941708,0.23348619254087444,-0.9526179995081518,1
-1.8169597719465045,-0.24275575411336225,-1.0370083520679199,-3.1609895904048244,-0.9403835054906651,1.4265186530655969,2.4005679594946887,-0.4697744728126423,0.19648854823073164,-0.2646369093891904,5.000323263979746,0.2262615500106796,0
-0.18956099480137517,2.1670701160724084,-0.1614770869268587,0.3261299352303751,-0.07839770186370099,0.17902755025381678,1.0061141338981583,0.3504759603472705,0.8226529029278061,0.873581351170015,-0.023786662935904923,-1.1559591494546357,1
0.08976222511866361,-2.1255378729395416,1.2839165098099894,-1.395420822183919,-2.859390004887177,0.2338544561660063,-0.6289753963127456,0.07923109543294003,-2.1954121029096436,0.21251402872662806,1.3337749363510225,0.01966228351396504,0
-2.3145781435223514,-0.9873052590388806,0.7585182257041402,-1.7443530310200075,-1.0020594405706353,-1.460058889990973,-0.20952675572932744,-0.8646190600860103,0.6071671039060361,-0.0701169766900025,1.0997169156852866,-0.45267078733474164,0
0.5056575538005638,1.8069258707889106,1.9427847014422772,4.188723233551575,-2.6983966984162624,1.086432664078661,-0.7390401542262062,0.8323494341839597,-3.243079274734996,-1.1061792930680354,0.44964939202108656,0.8335804662329019,0
0.9468040991319993,0.9776893891134166,1.6138540934985803,2.431341033083924,2.410323083127304,-2.5329938906247964,-1.8081938649495286,-0.2127066030767179,1.9401280705081274,-2.223487270392326,0.09331806181212132,0.9688968813707406,1
-0.014443160879522778,-4.547210563267047,-0.40214614416041106,-6.813774849508623,-0.6566406901478801,-0.2799502533410716,2.2795465886590227,0.6313903237119314,0.3357874586256428,0.7273067443736199,-0.0006095707091842151,-2.8220708900746994,0
-1.28812036002889,1.022106638867182,0.14913684529245508,3.526683347178499,-2.0181041122673196,1.996481201011615,-1.0165949173482467,-1.0287582598365008,-0.7641192153963853,-2.296160634206382,1.8819775620608437,-0.4288546277273739,0
0.4611702766809306,1.5429455629806323,3.681393773775685,5.506693631400264,-0.7995250605633183,0.959354932677915,-2.7834385172499827,0.346906248003247,-3.6677261817360303,-0.8766511327960198,-0.45118207036033,1.3356362297994393,0
0.5539472658685294,1.314876941134775,2.0031566128516984,-1.7305397461752718,-3.336294539475915,-0.87443838613228,0.09130993436457757,0.9790054310398079,-0.5768812721392789,2.204658214994326,2.9611122332995663,-0.7944545684341254,0
-1.0905785200510278,0.8542175420980801,4.701603556133315,5.090953258480047,-0.9105869767957779,-1.1768432097608263,-4.801305449372018,0.9683540629351745,-1.440498384146739,0.28630916360359615,-3.8054974912186683,-1.9101654358028988,1
3.1432614481483983,2.011920947568938,-1.591994433038726,2.0501330675304046,0.024117735064215884,-2.279666526662276,-0.14650722831517615,0.005633188382147893,4.722716771313946,-2.889977023206173,0.04539643180413133,-1.7497501588941073,1
-0.05913945708394985,-1.7961945192819035,2.1347792380132327,-6.077903282453835,-1.0289614340197222,-4.4344325153642705,1.5450595369305122,-0.6142647277841328,1.0028196006851178,2.9209313434808233,-2.121321814249675,-2.641319200928536,1
2.735454273670958,0.6392456924677453,1.2681851824337653,-0.3210370945543542,2.365913380639617,2.5884018891986074,0.7368804600111383,1.3477847308224096,-2.473983351024235,1.6642821704573083,1.2529164392318723,1.3823009593302098,1
-0.8895265087096924,0.24602754861808895,-0.6858554925153457,-0.012648054761023228,-1.1287983057173416,-1.3729636091704625,1.3618251953020786,0.7627328077746415,1.38866591822967,-1.5647457390549953,-1.1831472235651463,-1.7728689307206134,1
0.7773919823471526,0.9969536766676885,1.7820903434025677,-3.393694410367167,1.1531400986450442,-0.8289044225438789,1.8279432886492812,0.7256426241419998,0.6115795025964949,2.315934361608604,1.3140147989948345,-1.3564995445312629,0
-0.6948863524943801,-3.213280823760616,1.4294162542630067,-3.6991892505760213,-3.0362891924653934,1.0240215119490137,0.35428478270552166,0.768423997734132,-2.5321784958034512,1.421660744401485,0.7933171078721245,-1.806592007346155,0
-0.022284335568444388,-2.1006010661673056,0.036750637198151526,-4.642423489616056,0.9826340956316042,-3.521356784965229,1.5603012481658647,0.017214930452967528,1.6743244413153322,0.11344366098200065,-0.016271372762989955,0.31372100001925896,0
1.3837337186958627,-3.759157658121559,1.924064053911973,-5.954698186360486,-3.270378444332499,-1.6148924078341063,1.8122338986854252,0.52267721371861,-1.1680107704383087,2.211920982850548,-2.8675206699206495,-4.770280226614159,1
-0.6488557375838687,-1.915191929003756,2.34110379611145,-3.3385583175798046,-2.20545449142626,1.4435754577613906,0.6109290128892957,0.7369310920134792,-2.387837494396452,2.0385915962865804,0.9465934610362405,-2.6266711356769843,0
0.775306135804241,1.1223556397975365,0.6915801851830443,-4.20373010675483,1.8944619205029505,-3.688496490186692,2.142170914245125,-0.9170599839875586,2.482112550264934,1.6210151986523027,1.71612629296071,0.7447966583829864,0
0.3728592473118383,-3.4755831353422217,-1.6794130924085109,-4.548503157405098,-1.8758050703063045,-1.5630744558520921,2.4807350763677243,1.8854776770527337,0.9824896153482057,-1.6510038738525834,0.3917101411912317,-1.2235007633608592,0
-0.5436229285089649,1.4664519756163306,4.327082946544747,4.035477608544599,-1.297378487703348,0.761282562586955,-2.6737657269673267,-0.34755741451327277,-4.425830782435938,1.0043505333233056,-0.23760656830613125,1.5288593586311139,0
1.3636296323685533,4.786460031053452,0.7707098378023995,5.032851107540488,-3.9111955778014713,0.6106251762800324,-0.8360737971975998,-0.14696243084639177,0.7877835980285659,-1.414249895685532,2.6024409145260194,-1.7259302292952108,0
0.0308690996818897,0.5484418462533476,2.2123223402051577,0.6489085616090612,-2.2515404766564213,2.812552744544929,2.293401075330195,0.27954946784941453,-4.133946967774869,-1.50272456149961,3.2002518758525316,-0.17646772242296638,1
-0.7009340983808914,-1.432361222551697,-0.9801612449729933,-1.9365536846851545,-0.8695467538927739,-4.300002025059165,1.1631539968328397,1.2859115177846179,2.265316784921055,-2.050965526451129,-1.0916120033154462,0.14814494640111975,0
1.9145970177737583,-3.322053050532457,0.20216975528735304,-2.4334698081944066,0.5360072982295736,2.525116771243228,0.6945831006585934,0.5844302850087351,-2.924459993876213,-0.639277428455604,2.7384241862628693,1.8466667378684194,0
-0.028634177551096495,-0.5251913763339446,2.2282981579803733,-1.4360900097070928,-2.9169153386075775,2.8141026979178947,1.9944427163161391,0.7729811326885178,-4.472758576153316,-0.00573722738490412,4.191620849181593,0.17836688271318557,0
0.10687230621064683,-0.544190694012505,2.3364239786208163,-2.239038206428964,-1.6350970096278408,1.1121774098127997,0.2441464313734768,-0.37215071529168153,-2.0720150896614427,2.001464605272318,2.0285929709097807,-1.144906253114848,0
-0.5279047091530004,1.3746084654837016,1.154225247016137,2.815802214234124,-2.659425765016011,1.9290412227332907,0.11551095820579715,1.0736243118496336,-3.2654449647555617,-0.7122239043429777,1.3904822337259253,0.8278380829860656,0
1.2560895479435663,2.631143067316243,-1.0563945617365547,3.004495170922009,1.1596159762815539,-2.584625439728789,-2.3383625474794063,0.3214907175642101,5.744611825864273,-2.5501623392812944,1.7038563691278763,-0.49819877848067273,0
1.3684342308683364,6.033517168205857,-1.1263792748415362,5.809462634692736,-1.1890112290820554,-2.48977577999753,-2.643720415242359,0.49353632987741713,6.696067767453024,-2.3728283220797257,2.1459610720347224,-1.940604160004996,0
-1.8448914398586262,0.3247178496473162,-2.0526902762578696,2.844601823328841,-0.44708169508923656,1.2841797482519974,-0.49355465147072763,1.4602705104680225,-0.6613578978054148,-1.6006838324951551,-0.11145411262356664,2.04164208322081,0
-1.6026739065019227,-2.639321328655455,-0.1629851791281569,-4.561037090368507,-1.0581024094011817,-1.8156759964592672,1.3604130753765722,1.8774024482029443,1.5853525204945382,-0.3137064773166267,0.694972698622405,-2.048299293563259,0
-0.44337495740910926,2.0811572295754397,2.9276603303850024,2.8664827132577657,-0.6275012616779974,1.545168053492832,-1.9733380134702476,-0.9889599802471055,-1.2644930182155203,0.03627518478373237,2.7936886995687606,-0.25870734276869833,0
-1.1007321274327602,4.051795161257003,2.4773417263587882,5.027768912198745,-1.9514727957633817,-1.1305850208606172,-1.537542966595092,0.9989249825921714,-1.0003275912274898,-0.3795490952148719,0.25234057862055936,0.7609047104355866,0
0.4269704093272592,1.5881501899474317,0.004938526364315465,-0.25998403392925906,-4.037909362035893,3.3965108714406886,3.544118520488097,0.7549368811914307,-2.4428519772061263,-0.46089845408847163,2.8999151095615145,-2.4070113043918266,1
-1.3484945983140653,1.3541951550027247,3.647480696265873,3.981423138852001,-2.406740374948627,1.4580483712116963,-1.7585611420829288,-2.215537378886599,-3.5286664975682625,-0.9253221220015537,1.3946762820171594,0.037632676137620114,0
-1.0010203650894056,-5.395825750117778,-0.6850305736415754,-4.890049474622075,-0.8521543749852041,0.5092562822608604,1.1645479329032467,0.3175992790739987,-1.1806033061676644,-0.40814686023885627,-0.471267025814329,-1.13833843656691,0
0.9753127649023606,1.6368892430968458,1.7032297385896726,-0.05629556166937772,-0.6151581656092886,-0.11476107491577658,-0.012000829989182282,-1.7071033554955013,-0.09546801030842966,0.38910483245541116,3.219267907037754,0.19850708983604137,0
-0.32155491820913423,-1.519161841326712,1.7451573804196818,-1.9685841733588094,-1.2226558529559008,-1.7559219803316788,0.4639481990865132,0.1431818405893868,-0.4777170848755816,0.11552836252635146,-1.2078839654168552,-1.669070012014654,0
0.2457571019096048,-2.0151398533658647,0.23445613206881388,-1.778712975062896,-2.0793708103089026,-2.9496706009419484,-0.052926784512383085,0.42737731726427214,0.0798959229728287,-0.9558167415491714,0.044466035777054214,0.7907825690192467,0
-0.6022692200695309,0.8985767597821623,1.302645098860651,2.0054087577574364,1.2197379953769265,-1.1255611243478092,-2.3761180255778407,0.16153122076651974,0.7825448527293319,0.44630769729825714,-1.203203397240264,0.22053062595115525,1
-1.8584322422529604,-0.5766850270504207,0.40065111695112665,-2.2777490526738084,-3.3381201664191122,2.8064735238214076,0.14567640033538642,-1.0633227222370263,-2.2227460549957567,1.5456296931903226,5.6556440268557315,0.4984287832512213,0
0.8168143784342545,-1.9711318146432544,7.685558656302233,0.2780358463067875,0.7145592933120748,1.0639764691830238,1.5731843021251977,2.4247397933260695,-7.438476861269529,-2.7178926630315976,1.767975004102774,0.9187298926700629,1
-0.6070892163958032,-2.272638560747036,0.7532306707505929,-3.564247554179758,-1.8862734391642726,-1.78501543828955,0.09199935995945063,1.4142278998742643,0.6177835664089542,0.6803828494034327,0.22176290396432197,-1.7718233129211767,0
-0.5979420666697425,1.3973082569020363,-0.9435200044001331,2.41177367594376,-2.4422654916804314,1.5111004153289036,0.34258890301454603,0.30574022026928693,2.172404843701461,-3.1424507377951434,1.4802301090041246,-3.973805525933369,1
-0.16261655021086358,0.6785134494179161,-1.82914038643159,1.5530942473655123,-1.53606803582252,-0.5933105272557433,0.7186707783325237,0.23259779227631142,1.300071375516301,-2.3476167273660455,-0.11893853451978564,-0.3095709806150818,1
-0.12221014851389851,1.7163647837621403,2.0818989791156493,-0.6935118901205993,1.6752921232715834,-1.0875697448059718,1.5502980758902294,0.7635617916031023,1.236478538963124,0.591358832240759,-1.4531187357122604,-3.0773889578717704,1
-0.00433745317733662,2.813354069262963,-2.514294173991229,0.8598170657516644,-2.441248053203709,2.6273392453096456,1.6584014424948756,0.35645968513087306,1.0374996630335374,0.8087857055714311,1.1603644517966774,-2.3278609111127286,1
1.1996988054971838,-2.368843085652042,0.6998113235169059,-1.5814333928240434,-2.9962518288986466,0.3337289638360592,0.46821251672276876,0.12048798963325003,-1.5705520243802475,-0.7299715711663683,0.21949227211943934,-1.6482695979761324,0
-0.371054330666777,2.4500283916409664,-1.186945979044022,2.6650895354862887,-2.8366693445474764,-2.7859417970039573,0.4646928181890484,-0.4440421958526041,4.1138392484686355,-3.9218475602666962,0.5658019548125444,-2.522478089319472,1
1.306183534271004,-1.0096988761967045,-0.07208298028707683,-7.289335542086733,0.8155158385516872,-3.1417855433708457,3.698186014442661,0.6029827787796722,3.0305415887490157,2.057669037608189,0.06985813750187875,-2.8571604103528476,0
-0.9193747799443072,3.791897720532062,-0.5792710107671244,5.98449324467565,-0.22129289325836654,-2.5573666149232244,-2.107489240222038,-0.6322317056840253,4.8458672933366085,-4.028970711282638,-0.37764591660450464,-1.527019658548701,1
1.76040273815027,2.7611011466175004,1.6458318878833562,2.6286112536527226,0.7196208958798456,-1.2585870370726955,-2.553086302259905,1.2175722908172386,2.4549756127267863,-0.3737764267916772,2.2221949605156457,-0.15239157605827325,0
-0.05822930862409449,0.4441077720461739,1.7816617485770299,-0.8945148886210335,-1.7945913303732182,-0.13068693058443503,-0.07273668839021541,1.107998346807953,-1.3516225543891103,1.1027880779200032,2.371041056823051,0.3331599979902413,0
-0.2896407537371498,-1.2014051062051585,-1.1154862381078643,-6.478124093796603,1.3071752680437867,-2.3746456305817722,2.8558414917895387,-0.6680048287524968,2.306144974305566,1.7352632160436408,1.8893553748944565,0.30901044137967326,0
-1.7367956319852613,-4.014794364930861,-1.360249327896177,-3.5458629590908752,-1.8965948884592634,-1.9987308957316658,0.38772120737917837,-0.6842447300880399,1.4342624471578054,-1.5573966923201064,-0.45444022240464377,-1.3040273788130083,0
-2.173326307378211,-0.9224616005654003,1.0765977082015379,-0.7038110395276367,-0.1672733161695119,1.9533226762613376,0.5516170321192932,1.364284947660317,-2.2828230588430403,-0.6113794946305446,3.0405856830293563,1.0522821511366485,0
-0.26922186776817864,1.5497983709777268,1.0747736217016017,5.207362658340793,-1.7475906910131607,0.5171536931869478,-3.93426701008307,-1.5365489202714735,0.319745716813701,-1.1934492714952032,-0.019558235716146344,-0.6928039620027538,1
-0.8278782093201327,-0.25813287900741055,0.385504911568437,-3.9443603465869344,-1.2370399719647318,0.3162236622654362,2.371166684381036,0.3527614710653368,1.0478932535966667,1.1584563589027592,1.4442207943073426,-3.672176970751919,0
-0.7466401536420033,-0.9675801547582856,4.596136344322886,3.215703434934249,1.9622350156575128,-1.0710482819785523,-2.0578210537564585,0.8601915984653326,-1.2806295010200288,-3.9404552981492174,-0.21159277721359904,-0.16172224982324246,1
-1.640922057618132,-0.36259648655341103,0.9538925100416284,-5.91041652662534,-0.031866785512369544,2.3658677899281755,2.7370296467813846,-1.7337482292276398,-0.6188905451088714,3.8477577903236857,3.1458047989601305,-2.6657741389107676,0
0.1828276158297349,1.1305426444847788,0.13126921346038622,5.754269249772262,-0.9758790470350428,1.3120883078634908,-2.0916304722010017,-0.510424669863095,-2.129241904719433,-2.0117894969536803,-1.2466491797469006,1.7952351584739752,0
-0.6001620317936573,0.8063538070446328,-0.17482104141621724,1.8189598642865632,-2.3870228256007247,1.4508788910490955,0.950017314693598,-0.6424925362541766,-1.6070705746193144,-2.002284677119081,2.0867729378174857,0.44232688365850026,0
-0.18448757271030258,0.6874690733825866,-0.16919667767279356,7.777930569259714,-3.906942139308211,2.336867882427485,-1.0046389563449896,-0.11843987493023649,-5.728904430895607,-3.138476017038122,-3.409993251110902,2.4777791056502316,0
-0.5747568181418433,-1.2762119241355088,1.927151202155378,-4.080167655367763,-1.2704437723272983,2.1409938374780655,0.8399318532349702,0.7397767282787933,-1.8217061413324669,2.479771365504315,3.486507013424162,-1.62432694211549,0
0.009155611092557733,-1.0258113255946935,0.6587664188095763,3.4900184842227002,-2.714222595583685,0.3649162705377299,-1.1468355193730488,2.5352675552562323,-0.6758796326994103,-5.234857661875995,1.7732689314328134,-0.400872824559351,1
-0.19896325555828626,-1.6898231020910197,0.14546460722657573,-3.4531489059928577,-0.5332683575965808,-3.7362119886364535,1.041446993022233,0.5074802211868743,2.440223070229093,-1.0281340977160665,0.16966112765666086,-1.1040319718194558,0
0.5279125501253212,-5.5471232055858035,-0.949608867638587,-8.160672850602102,-1.1277787681801217,0.6782906456489435,2.720101669339353,-0.48535962685070005,-0.5109775615526007,1.4105906752799497,0.5294913848867397,-2.5581536507469695,0
0.9319618319132179,-0.2870561300793213,-0.12286886705479061,0.2845874741437106,3.2208769330162985,-0.8038539441380659,-1.6253146725071477,0.18232035161768478,2.2912749273592397,-1.2151647020009877,1.767133819199357,1.5760625487279936,0
-1.5112724776665665,0.2367979885267093,1.8979087661356053,-1.4355535331890923,-1.134948679489976,-0.6290143765939831,0.7050238452118909,-1.6619046070584462,-1.4665425683111633,0.9462179226813183,1.724482695032756,0.46771380428016185,0
-0.6320365748757505,3.74410206632031,-0.21482690270628968,1.1525859223558221,-3.288920017209496,-0.6043442820904787,1.8542707875243374,0.746575698605607,0.6289778135172007,-0.5070842248546974,3.062536657803174,-0.28604940792992095,0
0.3092746430832859,0.5205086958114162,0.708548773962921,-3.7609846866193872,-1.630992075887796,-1.3023292230383867,1.3817312550549834,-0.616783124220942,0.43158422116038997,2.5652120485137333,2.1423251478561083,-0.6402932576699341,0
0.1620340962505183,0.6676627470082965,3.03227483999678,-4.326120801777615,0.21374753796218604,0.19947356413958772,2.527492023784614,-0.026898567193091878,-0.9090835033079812,3.6358723527275134,0.22296713153135594,-3.400193479730799,0
-0.7027542218713088,-1.6622046311397298,1.8196445052016306,5.7505131996991015,1.2469730595191888,3.546847767393557,-3.778750810845877,-0.8703517101431126,-4.716371867909493,-2.0217007718171724,-1.6332379364429266,2.5509131021141096,0
1.0147462094859059,2.5999904899719075,3.6831156035477006,5.877847755908066,-2.2591308609226592,0.33835931124229934,-2.0318257015126555,0.20523936752165606,-3.873627435143993,-0.7546859057461824,-0.6974123272865351,1.1066432408903013,0
2.3959243932724488,-3.028238517932007,-1.0376644757046662,-4.9061681253559,-1.9674790094683288,-3.193420735910803,1.4245892418931312,1.405519247201609,2.3475643141340234,-0.8285292006699976,0.40080646149885635,-1.6084745272320062,0
-0.5679761659570512,0.9482647964774673,2.2426682120608152,-0.6181117726687207,-1.6135892914655692,-0.6962793362581203,-0.0009824198027799103,-0.8244742392407942,-1.1499268118435957,1.5647679010778872,0.8770833196326617,-0.5097410222267956,0
1.2542372880918544,0.7453683077524798,0.8610208936012189,-1.5145649078017385,0.6945889660162685,-3.6896232598482683,0.9984817182892604,-0.8192878634402244,1.4713823684175198,-0.08199240537576324,0.22304313610927406,0.9764275873884272,0
-0.5637499640439521,-4.0070032904849855,-0.4089020700043746,-9.004569177231057,1.4261255844899745,0.6067483187346483,4.262600319550962,-0.5821861003739909,0.09935640949148691,2.339982866250991,0.6504887777614536,-2.6614072277934167,0
1.700841058936981,-2.4287701462093634,2.8430406410635,4.122939948177407,-1.3254277576068252,3.368433921540578,-1.3549201183435042,0.2570759955194645,-8.06451244652194,-1.7275664380381268,-1.7406364977060758,3.094104086980013,0
-0.4113221569691244,2.4150922800187766,0.20199062633361753,-0.37602026099839264,-1.5873616104197596,0.33015229230850207,2.799359954919872,-0.0033796138185747692,-0.07213242128068341,-0.48103582352679863,2.720295491510937,-0.7335375997707546,1
-0.2894161579195794,3.6686810424799363,1.081429523390227,3.0434540539068777,-1.6346429641989464,-1.2554301688484863,-0.7813454105144488,-0.3288475184173983,0.6419408556280767,-0.05508067918657933,1.2530799910757524,0.3400996441216618,0
-1.3544625819722702,0.8752000605068928,0.766699278939952,-2.388491964216345,-0.8751938848374186,-0.7529752478545493,1.3379440120650374,-0.25163477084207087,-0.2670661349157681,1.6320987038832118,2.447213744408235,0.5553259054409649,0
0.7091901638987437,2.310491898824254,2.401510929302435,3.5917625469300454,-0.8243920127979477,-2.8490021099838034,-1.305451633670219,-0.6584480225899334,1.5375196737312964,-1.908359552592786,-1.7777532954624886,-2.0149936634352716,1
0.5498588715425264,-2.0186199120372037,0.7724929788838263,-3.853174555223024,-1.808882262055152,-1.2952624604894225,0.8118858385643084,0.26247501474162066,-0.4403719483146664,1.1095890364240897,0.8056491291991356,-0.7383322323084243,0
-0.14529579471426537,0.295873297199,1.7490817679420452,0.05481203024632595,0.9889552455177437,1.756335428428743,1.2420023775874716,-1.537993981744689,-2.065674729456715,-1.231656883453817,3.276511907761896,1.0818341086098733,1
0.7905426070054544,-0.43424878256711796,1.1671513631584853,0.8090838323269721,0.7774719739122371,3.735168120278755,0.4854993491422884,-1.10952355553969,-2.659637654616199,-2.0806663631610105,4.827749115568617,1.4976254328708936,1
-1.1052605331426932,0.6927179346176549,2.9198952632591455,5.870505329587246,-1.7619586784459687,0.13950664364893828,-2.032000787908397,-0.1720614062324594,-4.747169199439615,-1.775118153528696,-2.415252357812418,2.2549884584930715,0
0.1792997629574155,0.59502647321741,0.09637266738317873,8.137800202491363,0.6645626157846367,-0.6758802151569354,-4.932079065149617,1.0382986154515021,0.745344734816122,-4.252753635944179,-2.9537022561195982,1.339704868029549,0
0.23482207761999832,-0.8279112530781383,0.39588132132164655,-5.794371397863132,0.5981112848593786,-0.8886718740014384,2.814463498633967,-0.4741063729566527,1.2232391921599772,2.154347100236214,1.2790653038178579,-2.0612502446322605,0
0.010885770568138116,1.1299810838238349,1.2388606995797498,0.6243895709988928,-1.3279055037136127,-2.800308498620338,-0.3314627236540788,-1.5877647950515397,-0.23278930114249935,-0.15765475047531297,0.6597298879038489,1.853533462210466,0
0.05532065440894206,2.1408510687189968,-0.30526126855641644,0.870096325772983,0.24495457140919874,0.3517978554503033,-0.6866784603330041,1.7453035234209813,2.8472457863073766,-0.9288710108542632,4.078924708798331,-0.6114664076286569,0
-0.4709687441294102,1.040939059132087,2.2871914134958224,4.190439455344564,-1.1006704203562576,-0.8255929528556851,-1.3238731996354427,0.9748171925189062,-3.3680640371608845,-0.9894227683457334,-1.688683459589952,2.5112905671162897,0
-0.7731670689549688,3.576056700836663,-0.8166614825529488,1.5362849829085965,-3.026872705065972,-0.7364513962446049,1.7022072897222777,0.02794056119997741,2.0816515455017166,-0.20199272602071772,-0.7137496227830327,-3.449279580420924,1
-0.36984246584347535,-1.4693835924332583,1.016084298376034,-1.1474049275350078,-2.8194594160023145,0.7785599061669841,-0.5499974806969017,-0.3938754140712722,-1.726125212478173,0.16862412952197559,2.246795091662526,-0.21734316851825586,0
-1.9675645769732952,-0.3201954488350247,2.1548433182731257,0.4434925067364731,-0.1582176568741318,-2.069928677879286,-0.4761254249845851,0.144469590393275,-2.630603087047908,1.4333114322624554,-3.3880832681082667,1.5751606340271356,1
-0.6504907803159283,-3.686527395528919,-1.0761366905602565,-4.550809642996902,-1.1261105871674006,-1.7775758447710006,0.9658087110811102,1.4004311017996844,0.35548088615251927,-0.34793495646258776,0.8696306788139535,0.6572829822968631,0
2.249782414981946,-2.7225481434292047,2.254323433333098,-5.4085369191626755,-1.3047452012979202,0.22370380214080066,1.6995777084210677,0.31104646450552553,-1.030800735298093,2.017935545108412,-0.06964595139040863,-4.034956968024902,0
-0.9343132980025886,-0.33552464226048173,1.0987420409670574,-3.5760562956644852,1.2725452206651404,-3.2286486628777316,1.4226841452717807,-1.0624653659987344,1.5237751325907989,0.8226972622785214,0.31325235351554437,-0.02145936212828181,0
1.093825224937795,-3.9830982516054045,-1.057000336702489,-7.26394945532518,-0.23531511877993816,-1.6002564386922593,2.9761881668090013,-1.3259448440296013,1.7767852977500438,0.3436278390487736,0.018913849369243563,-2.6878273925970158,0
0.6664617075854008,-2.4640169000869863,-0.1675206169446033,-8.421691439263643,0.8651990951108453,-0.12687685096876067,3.681528691328983,1.2833343994046935,2.094536366664141,2.6028845441052404,0.967895972445378,-4.445323141439353,0
-0.07077392926435999,0.6347465349101069,-0.5897097907269924,-4.368485836674437,0.3397894550908642,-5.672514140540102,1.822195289612262,1.2672315436081552,3.4843303064558975,0.8343523679474659,1.7390845456837056,1.8760038443367595,0
0.9713306754005672,0.8439349064171224,-0.0026704330379225816,-6.228213349148437,2.747127535748102,-3.9341747471851534,3.36334671102942,0.4825724380669887,4.013206823023199,1.838687946240285,1.915065182104383,-0.503183940450355,0
0.5402499803597531,1.763839815307667,-0.16663366878251074,0.9444553568069698,-3.702724309526159,-5.508050538515557,1.3960781432710738,-1.7619562181178394,5.263940548998567,-4.040834174970681,-1.8324464725724618,-5.120310127812833,1
0.08814195861744802,0.8406171898651932,2.1615262165712297,-0.21610561231008352,0.436693782170684,0.10127631334030407,-0.5746787023843223,1.4422245779605636,-0.5117924693364676,0.4470583568728941,3.030781233968765,0.6809716253821797,0
0.4990201452761796,-2.7288718812057065,0.18154192267901703,-3.5197210757946653,-0.6954240443521728,-0.6526001730523323,0.7630321829241788,1.706505859050452,-0.45033436286390305,0.08348635112060943,0.9254447423654185,-0.08133182793821025,0
0.22454012312986982,2.0775438736316394,-1.1054133635481125,2.9481897928709024,0.8189054184268652,-0.17005175452637045,-2.097267650131094,-0.055911208844816505,2.9853440914517404,-1.248549163577968,1.6512887934387792,0.4207482969618265,0
-0.6030365964111661,0.2787843949028135,3.1467329305532257,0.0722054271789712,-1.4677142246233503,-0.5209141745060041,-0.6468649506028255,0.10799254716128256,-1.767705850016053,0.6664447546525488,0.8051012610084195,-0.5982960869793743,0
0.8513025253546843,2.0404700476488253,-2.3980858658717756,3.7225373195648332,0.7179507416463811,-1.4184644324103735,-1.177147183889524,-0.09259408706076165,7.029752023614448,-4.36998321900282,-1.292183318775685,-4.691357795691376,1
0.042892434425378524,-0.0021889468790767808,3.5796775017509534,3.7080036958415787,-1.2303332629332404,1.13156271182145,-1.4428121753292773,-0.7405313821302191,-7.1392746628013,0.9835950477419828,-2.2370478925158848,3.7042113064158166,0
0.6503349427130668,2.634378462469452,0.7443094980696622,2.3632593729519766,-2.2724242923262805,-1.4559517843009901,-0.04218322484861203,0.7013740116825048,-0.12321559540986578,-0.5963972858021366,0.8590581426082775,0.7016086968559845,0
-0.9551511387339671,-1.6781193326145707,1.132125030511471,-3.1148798362793353,-0.44436917590185787,-2.2325638399938357,0.6069651613698726,0.4731424903090981,0.200229400060648,0.8936191512251974,-1.0464264028372732,-1.0211602352684384,0
-0.23939014224518387,-1.2145040879002769,1.0496361886541288,-3.7301201306608958,-1.1414542734411974,0.16739849492525094,0.7004884337103814,1.568476463402887,-1.0381478471554717,1.9201234953129112,2.662188215739209,0.027488665061924378,0
0.5372155980424375,0.30098906438183404,3.3185574842168446,4.089397604434011,1.9368985697806096,1.627702547775582,-2.8748268939553387,-0.05298569020612347,-5.500872921495126,1.8602196295520605,-2.7628101884502305,3.7218435744908334,1
1.3173322478918448,-1.5804907470479568,1.2039731981988728,-3.2458732124375382,-1.9039224573683273,0.28754986472530697,0.9950036934158616,-1.3034615572294237,-0.6996273214687414,1.1829599861206952,0.49858772607296165,-2.6854028898400886,0
-0.26803067791692237,0.12645012701407887,1.717306885819815,3.0307287569090544,-0.45661057878869604,2.639604769561905,-1.4322472432823532,0.12939484988360742,-3.3167250529988195,-0.7927415179927573,1.1740356616646768,1.2835689390620963,0
0.24456224122253695,-1.3302435057417723,0.9862971430854949,-5.387777058181017,-0.057457250232002655,-1.3925453604299012,2.390709010750623,0.36289398047000493,0.9477340330777343,1.7118291245464787,0.30420712664434113,-2.6868748405133616,0
1.1973324671624248,-0.8615518830489539,4.939735812840132,-0.9039296080778064,0.6006080228718327,-3.6237140243488835,-1.3957611783459627,1.1937121835321165,-3.197203923835134,3.4139398217296746,-4.921325914211373,0.7110633490937956,1
-0.48850833777248465,1.9253981402086744,3.6683854306980916,0.820109921330445,-1.0416088231529586,0.3016852373274548,-0.4229838314740877,1.8594035669694742,-1.4692134197749318,1.0100560866289443,1.7491676506772105,-1.2977135396550172,0
0.23622321691481374,3.4289474349756426,-1.7494434472255072,6.321872941733285,-0.7422267365755874,-0.2715148413110611,-1.68097085987333,-0.9720269451652213,2.462813005461374,-3.7739284250689353,1.0303543031442595,0.953259032311748,1
0.3002238167842225,-4.256914973166223,-0.23303817207411015,-6.35865713699533,0.21972152124495947,-1.2894324441179434,2.100021625041877,-0.605239413195891,0.26673937394626035,0.5717001995139694,-0.2598177878728789,-1.2622415520236052,0
1.0424018918579734,0.4478743979937332,-0.2261867564310185,3.8991093697915975,-2.614053507914278,4.258321668068723,-0.750075082191116,0.34732155716688173,-1.5553088513421598,-3.935303184693719,4.709175457231902,-0.2710389040820631,1
1.9653173743971566,-1.388938532336541,-1.7223958855032748,-10.5559809398501,2.336183448504074,-0.9761561735709349,4.969446255691141,-0.15492840669321026,3.092773093890973,4.331611708168828,2.8423380812047645,-1.6875506787686385,0
-1.2049414510125211,0.22768165152235798,-1.493976670924427,1.8381644524233829,-1.6295525414729632,1.0188876698113694,-1.032259006197714,1.5840432357102392,0.998950693218917,-1.3209135503721685,0.6253806424338468,-0.8021282146400563,1
-0.42376400812905457,0.6021374054523551,0.9803119930471802,4.625152447055978,-1.9641220647372895,-2.248332942677165,-3.3675423053961326,1.9510558551086932,3.8024303764071767,-3.0614607562222607,-4.294931304855828,-5.7518278225678605,1
-0.4004625294463759,1.2405743519219703,-0.021226128765428953,1.471541494591098,-2.3659619762561572,-3.789834258079636,-1.3873238598716955,0.016409436719838952,0.3235028228585084,-0.9176311259389172,2.2232715309839985,4.341016308366882,0
-1.195395254975494,4.386687114767222,-1.1618960102227947,5.079344738958409,-1.600262769192473,-3.6997595692695007,-0.8841831192688445,-2.6752489674443294,3.7855204319713733,-3.6467735287114724,1.5070587399436883,1.4912920426219225,1
0.6461718603268568,-0.27687731658888337,1.6524046514182393,1.4549973846836766,-1.8754963592587766,1.462604888781655,0.6231018956727408,-0.0787368558672467,-4.456612750482326,-0.8103412884203327,0.7881418830517195,1.840716008537994,0
0.24560388631909505,0.6711664983175281,1.5659140735018777,-3.945825097487287,-0.3691664417362204,-0.7223670685289314,0.8689704801620141,-0.2294855604685414,0.8504112335781716,2.8501145459758277,3.0222342612697233,-1.2012751326373432,0
0.7418639163886679,3.1974432052229442,-1.4715151643714295,-1.374548160192004,0.748202101866823,-1.2490349323864685,2.0562685915851615,-0.9306771537305006,4.394358554738461,1.5249682107868003,-0.5727941231730254,-3.362722862898351,1
-1.4712644501027845,0.3595057158385232,1.071815150071285,3.503381488433,-2.80001404186528,2.130820575082674,0.2178947214868645,0.8914970345208192,-4.810485953353311,-1.4400241569025605,-0.08515317133207567,1.6826170486077894,0
0.16112001191742303,0.4813338867761132,1.2143850611725395,-3.051316008334912,0.00186933519457666,-2.8145058061482695,1.9370098206261122,1.5497794686313469,1.181260108518097,0.9109848246777795,0.2024896040049191,-0.9979179818599361,0
-0.26556468389205645,4.262933147803283,0.7922398338277337,2.0309891251696226,0.06686906882864485,-1.5139632287143692,-0.29977153832947767,1.192828359824803,2.136567386415712,0.21813926094452274,2.4285018180480993,0.4500843154321492,0
-0.6498541852787443,1.1974692222669503,2.464626554019614,1.5642318795713672,-0.6639640469427494,-0.351195982801491,-0.9111456990793629,-0.11080565425677882,-1.4360353654627531,-0.2068960633790563,1.6822284391698368,0.9913349550484418,0
-0.43726229135973227,-0.1415335070019932,2.72739180059283,0.6763099567453296,0.061463870473641435,-0.00606273107240396,0.6205389629832826,1.7328958854232501,-2.373735495540696,-1.2903170597866302,0.5229982507116561,0.31034950738364864,1
1.318401165281032,-4.139485659446263,0.1232315788073085,-1.1117849798621802,-2.480738640342918,-1.1196255351146926,-0.7308730361426918,0.8057875295983076,-1.3169968898904398,-2.169909405950402,-0.944363560349615,-0.008689728256000229,0
0.6898129281918203,0.5805460084499305,-0.09761401467471464,-4.986758757510551,0.2930186791701104,-1.9673882462945773,2.9422851135062684,-0.17131867956031815,2.271795366896776,1.5232360582698883,2.4312560471839415,-1.0600195093431302,0
0.34941159053956516,-1.7388701509105426,0.6308617082440271,-3.4710892228346886,-1.5803010469630914,-1.7310488312919738,0.7776704293684018,0.3512132816188533,-0.05716124762810854,0.8300770473304849,0.5236701631732688,-0.5702186311700952,0
-0.34840762646266993,-0.8122897105174085,0.6069245045279099,3.4367817983148274,0.03152741548743787,1.3250739684379318,-0.6599014069796427,-0.669473083358924,-3.783451844059336,-2.0917395692799126,-1.1379729545112944,2.950097469684315,0
1.6449313616493815,-2.827835945131003,1.9955026075614077,-6.014787519611831,-2.1942276460636894,2.5014786045114965,1.666791732956419,-1.5541336002782662,-2.9535779556826824,3.7338573877813865,1.5577460881484737,-3.0899789096859456,0
-0.4621804011538988,0.8080477708969154,2.8025605636268613,-1.3895106583294554,0.10314515511200906,2.7558814228598507,3.2371947984846203,-0.35312806191634444,-3.1521978677153344,0.5045622896490312,1.6221983809171938,-2.0665026423658217,1
1.633885679602175,0.14532913518579438,1.5616843505472664,-1.785066022194296,-0.37485222125167517,-1.2270665867855604,0.13626642647421416,1.1925703698037655,-0.1211035173904957,1.026436493676447,1.8390413336477436,0.3668568692917402,0
0.035662035036927796,-0.5787937175536191,1.0103526519759674,2.021058913089566,-0.022434900867579488,0.3523047289827618,-1.3780074258084212,-0.1599283671448639,-2.3081630326789866,-0.6464761687919971,-0.4027594597592765,2.1522882921642017,0
-1.4636208794432464,-0.8714991632267228,2.297902284919403,0.2703040519527283,-3.743415211781509,-1.2507789324898226,-1.7002096226608927,0.14906974108890403,-1.6763765795614214,0.29664586471555243,0.15600212009449066,-0.6055333844851423,0
-0.8778411072249384,-0.5870810337481291,1.4738040877400809,0.29792801703402677,-0.8118064385768017,1.6898218170946726,0.8879068434616886,1.2306273737670228,-3.562799789933783,-0.8668621663447411,2.013264246973531,1.6549179775059502,0
0.5457935054826614,2.1311968040075406,3.732442949721253,2.962235323927869,-1.5982164859013523,-3.7137945002561428,-2.9117571357262086,1.324765972594141,1.1845968780092608,-0.307745931582878,-0.932086590448849,-1.414279063058176,1
0.8048114802650148,1.671138245435307,-0.4121599765124304,0.7749442604705853,-2.7120448946653037,3.697906618219989,2.182910345361706,-0.2697997808987396,-3.5351760299445316,0.1881775598641222,3.733834581486422,1.3708269938828161,1
0.2898079659769475,-1.7293274445615148,4.987012301348074,-2.7255372048116304,1.0895968406471384,-2.119056012790228,-1.9207967380819513,0.6995783100805817,-3.6635569671110844,5.182773019966987,-3.22424881505227,0.9727263344680246,1
1.2739184261695093,1.4000249331935548,3.990759975630386,3.5932138506498474,-1.2516051470804375,1.3076757412930389,-1.877065787492519,0.3280790029786505,-4.300107831754005,0.46283844725558443,0.5806065531220616,1.221339627553651,0
-0.3719108620536323,3.838463238181442,-1.5479311649267204,1.8610688119333803,-0.5077333733959706,-2.345887602330878,0.5005442306522487,-1.905597320554903,3.186164227047102,-0.686298571009153,1.3749751065632347,0.9840165874303537,0
0.32990842734818565,2.606790580422017,4.113781824542766,5.700882005766789,-5.229288610848541,0.5054751303730016,-2.920930740620997,1.6644493093747845,-3.3274556191233153,-0.6569519474012573,0.8359129910880329,-0.9216335902100337,0
0.09983929706790068,-0.12094944192598422,-1.7134502561601477,0.3009637438542489,-0.5206216121257545,0.23360141310544358,0.843075790375654,-1.0491982684123593,0.26775560955062006,-1.7990216935445227,1.6543721204053292,1.4843254460145359,0
0.14597590767005064,-0.08539866731935897,1.1434089386863895,0.3869754260396208,0.41748459025602314,3.7429130918986075,0.8008309005002059,-1.2075979346462065,-1.9359662326538671,-1.1794199537811827,3.2868281182306,-0.7044589650858526,1
1.7964144998092373,-1.3253995946530226,1.3424065442764435,-5.668064541908279,-0.7076884843527401,-0.028662895156355672,2.3031626787199944,0.28316854459851454,0.024345853023342905,2.8432584967279224,0.500866741633136,-3.480934369399108,0
-0.8821642137460051,4.246691485933473,1.1315466696581222,1.879897473718696,-0.7846792328641974,-0.7936380616548839,-1.1294272416862121,1.6580291469678121,2.6616740436495188,0.5069124315791891,3.6612385948223034,-0.8639513822461979,0
-0.1603135085065446,-2.806033548320523,-0.7256718293761346,-0.8704286707378649,0.8229136524636385,2.8533934410784676,0.5268849492142853,-0.35803314546569753,-2.2987421739923906,-1.7069275691139019,2.2010640423322885,1.847893563743956,0
-0.7316091863409093,3.0807179106707396,2.4609548256455187,-0.8279671021714817,-0.0664286674289053,-3.6818086143071413,0.729155483202184,1.0124981671724336,1.906523748680737,1.2170783730185912,1.0694920544203868,-0.6836984496536682,0
1.9203232622188173,0.38883286866445865,0.45919248569009063,-1.4684620154991257,0.1551353752214275,-4.0047719721478146,0.209996542106463,-0.8444617465517271,1.620422207413216,0.03999178727319219,0.5453361511942671,1.6868402535519618,0
0.48990211628702773,-0.18225265556570158,2.2039360514853445,1.9415518545416741,-1.317577668054866,1.2426960140479513,-0.7281306867387831,-0.24606996791074298,-3.357709797241867,-0.9135999637501817,1.192048466479107,1.212815319543966,0
0.6267028847780233,0.19020081782353615,1.133692528089033,3.0481196307493517,-1.54155990225526,1.2166315275308475,-0.19890455656049855,0.7585721117009705,-1.7865963523667774,-1.8245928788812216,-1.8881970581880294,-1.7764466796896847,1
-1.058818789827249,3.2715859767369215,1.6897150948813366,2.8781830950063085,-2.082036081938009,0.8175605935453023,-0.8220406378205802,-0.0838815487622381,-0.9153825044660742,0.4734331539123182,2.291211294847435,-0.0908314327645432,0
-0.6552772800276692,4.0531679348080765,-0.35722534875232825,-0.36078584493699195,-4.703645872128982,-0.3849358413194568,4.298149243482824,-0.4889019125292689,0.2952624954073343,0.9177385173425014,-0.10142508111189819,-3.8181003504789444,1
-0.42981970479050485,0.6458050008926522,1.2084845127814536,1.7904654102398414,-3.284540222820465,1.51087376817173,1.4148678754172197,0.5256290011298465,-4.379895160457317,-0.9681968086489208,1.057006832629246,1.2900051701692958,0
-1.3927004657867954,-1.1003055887825202,1.0172488497031271,4.397424215809117,1.3668653998223177,-0.7328584742393556,-3.333469879102908,0.6192541154335517,-0.5130284683761783,-3.188822232165507,-1.6008106315330894,1.9240006864901409,0
-0.6301626530611604,-0.2843614469811657,-0.8447692246523382,1.2993863608323373,-1.0979292383941432,2.6823200642148946,0.6991912354207299,-0.9511839754506622,-2.329997164664418,-1.4012819442915205,1.7597499550460978,1.394744546367812,0
-0.17742754832306398,-0.6208056657398637,3.1567863342791935,-3.184803468295886,0.5868223477920311,0.6186067157067454,0.5339048138462776,-0.17276396611878117,-2.1113406010784597,1.6617993098431239,4.230067630290387,0.9686182751853698,0
-0.7824497773220763,1.7643816081770174,-1.8767629481730665,-2.4229197269832294,-1.7665636132525466,4.41030764827099,4.0967988690131865,-0.2821513001205165,-0.25248518145677673,2.498432516729857,0.6225269639478916,-4.615648230667018,1
1.0742623742490065,1.5366403262234816,3.72938775067004,-0.9731956186424665,-2.9327352563947207,0.055546750521660915,4.272175150434933,0.27762562978422445,-3.5819981129524474,-0.4302595813497996,0.6084897770781472,-2.5342517060387655,1
1.438600116800554,-1.9053310958022671,0.7888689849826511,-3.759836491612843,-0.34713426169880124,-2.4042172632317955,1.2382446832139644,0.2787291273955487,0.8426948661443217,0.1281252973969702,-0.21977128111505984,-1.2346177236471656,0
-0.4563940822053856,-0.5430221427764523,1.7283173608641746,8.194361171358143,-2.1580038375900608,1.1794616681088055,-3.4524705834322442,-0.18825025656561936,-7.41881152464934,-1.262392512257557,-6.171378235069198,4.399705305544725,0
0.6509778123680879,3.9484115258325616,2.921485844893042,2.994573197563014,-1.3837364953895257,-4.275848472129537,-1.5653703877003147,1.7455748334095633,1.143525992195599,-0.08548088604042658,0.8412527190158751,1.0860065598123345,0
0.2710329718360609,-0.7417687917180219,3.720461749389449,0.4860081638798802,-2.5741915160152287,-0.8054277609924436,-0.8326998280444595,-0.6252994800790119,-2.053215763792035,0.1273885768610733,-2.0054307818975907,-3.0062621711783293,0
0.5346040584827103,-0.09318465486006111,2.0880037888111445,-4.3377451713428234,1.2357812091019484,0.20314125660167148,2.2720883485152696,-0.04730664599562313,-0.009184083774868654,2.5005734359988105,0.6746568342024823,-2.7616925305752176,0
-0.8761064531072975,-0.4220475602625431,1.473899748969449,-0.03782342624036559,-3.4142236320359522,0.6920631404484334,-0.49126172584293126,-0.01781731787201687,-2.117789827272615,0.39069187683829765,1.4150611298371758,-0.6486398183016555,0
1.3072160777014903,2.558290999657228,-1.121118129111248,4.000516901229201,-0.6776369075831056,0.11782571888472648,-2.038825573818661,-0.11939987266018177,2.9929607109655385,-2.1221206199669043,1.8001267056727097,-0.5968750347403697,0
-1.5960115309724703,-0.3421575708952578,-0.1111085268469294,-2.7891818675452966,-1.9281787948208944,-0.6230531066250811,0.2949807720575097,-0.8712335122588251,1.196345319572717,0.7502532337806405,3.2912346130490686,-0.662416125267056,0
-0.26338034867081733,1.1208506273526293,1.0025184958147844,1.4727262470586766,-1.465479889328946,0.8601406333437576,-0.07744596320455588,0.14691782944701426,-1.3309655620630336,-0.6979565391942878,2.2064609766063974,0.5749463959285831,0
-0.39649065444505627,0.9708548301408275,2.6811378544020616,-0.5066484347973947,-2.6397817941699553,-0.5929721487163799,-0.581335818690879,-0.5009939962405571,-1.0706841607918611,1.5036334158435543,1.826031847501339,-1.040064770282955,0
1.4319626185696364,1.381288059234472,1.6545087759070487,-2.380658991958669,-1.9182989177736998,3.7986792845987054,4.70206570883083,-0.03412369488711787,-3.9644856331542884,1.4163004104610022,2.997399957616288,-1.8657578906121914,1
-1.6774283051198353,-0.15146082620365897,1.2580941273463289,-1.1393605717808921,1.0115775023644575,1.006435668404032,-0.4012938364278733,-1.1245742171554158,-0.03290310099189941,0.07703806582081274,3.8015454963895583,0.5017479734067738,0
-0.5598862753181493,-0.35730115198068035,1.6596622836747612,2.032368428736287,-2.1318621193928955,-3.139880738396335,-0.8130170198802433,0.3421110379500013,-0.24081943572179368,-2.6393032422999454,-1.6657677781477527,-0.16185503651484967,0
-1.2186342117198192,0.34839797245957993,-0.876503267273109,1.8549082192835058,-0.24175745264847448,0.8032764360598835,-0.21007211462078157,-0.40379741574053857,0.5543792009184155,-2.535732352127095,1.9272186181471933,0.6109574112719571,0
0.07457027852998296,-1.2678005596752064,1.6231982306873058,-2.0562387896808576,-3.7095324857947847,1.2912152593675157,-0.7484988653460825,0.7028108883228197,-2.0253476099347476,1.9117101427568564,2.3688364145216814,-1.4145693858598682,0
1.6393834859020309,-0.4673528997521953,-0.03853719570668823,-1.949003037517455,-2.5481340566764974,-2.3232419218004856,0.20291148683295968,0.47118473282062806,0.7799519119847373,-0.25777919143404415,2.485078241439792,0.8106432112164454,0
-0.4809134069725502,-2.8026745787938987,-1.7079485191575228,-8.749736873088214,2.67182780924325,-1.776665437722695,3.583550320704553,-0.33311340158228414,2.1435036282155844,2.012634574508721,2.723112055928657,1.0405989733238918,0
0.0061960081083574595,0.05380159003573215,2.631727047874346,-0.7057858203962457,-1.8322938517462468,2.5040376210469084,3.020772044910235,0.15271836998455843,-4.528095703994853,-1.4095549150928806,4.087151141130185,0.439987997985676,1
0.10321931167876366,-4.830484066488278,-0.8616366919956953,-7.749365639373732,-0.7574528293213134,-0.6837063500301355,3.075896587062518,-0.18761039230635115,0.6431781140818538,0.9275115797514552,-0.7225574907653618,-3.314895936449968,0
0.6751818700082552,1.2082858792642563,-1.8254763358387245,2.453499081199034,1.976389122989226,0.25672560709987136,-2.008201889117936,1.9358343612641147,4.713747571637821,-2.864322956027757,2.517966240167267,-0.7012833801785656,1
-0.2780556169657135,0.6080196962445295,-0.3017657510162286,-3.8297139254743366,0.45263736236166197,-2.913738729837132,2.006779753268964,-0.9881597113125776,1.8154149599293226,1.2599359941039754,2.086595042357402,1.2377829215288565,0
0.3938658563285947,-2.6376209807120894,2.555533589839328,-6.547478432081605,-0.3577484082428005,0.3658924317234713,1.5937051350543614,0.03774252895020267,-1.0702936299759298,3.4097336106307967,0.7303931117251028,-3.3894303212543955,0
-1.9233998277040285,-3.1332687793145277,-0.044158828929676375,-3.12305870262903,-1.7953750205562442,-2.0188899655753625,-0.05471590841883067,-0.08561119259585134,0.25060623666092924,-0.4785744373766192,0.23271934766496705,-0.1719264673410823,0
-0.39194443506388793,0.6448015117694706,1.7414596005834682,2.3142144835169582,-2.3546823057630952,-3.867798508183731,-1.9156948415007173,-0.4427590331297623,1.7881059850812437,-1.0877356581866586,-3.719000533988373,-2.8500547421876994,1
0.9318548180830076,1.752724813448479,2.387643772013084,2.6244743616331943,-4.6090139253845015,0.4852856060716704,-1.7608158024992608,0.7853416769335766,-2.6460630391801296,0.7140503806826923,1.9852396277858926,0.17221382110509476,0
0.5303963526135608,3.742586152017807,-0.6927721165229208,1.4263625787681586,-2.456949551388326,-1.5323174232837582,1.3928399362824255,0.5991643408678261,2.3725878119343258,0.9930454744650401,-2.812062682070315,-3.8119613305454396,1
-1.8213314335534796,0.9160628546309273,1.0819314529387778,5.567034181213336,-0.4484033747098739,2.4553937214724724,-4.076357269564195,-0.2281565399402079,-0.3244976163885966,-1.9731587512873707,1.0980702197113636,-0.40583756706603635,0
0.8948080638983446,2.0323257432227315,1.1723184040786765,-0.13189151969850796,-0.6926844745337143,-1.6119523025403297,1.986578072394811,-0.006017222195938134,0.38461612035399595,-0.25009601965296757,0.028467811986711,-1.0915253447301798,1
-0.48163693143305536,-2.4222524049674465,1.2807524025109853,-1.7191092543574475,-1.7948266943760456,-1.2501742305460988,0.3478418479027302,0.835776553508927,-0.19308664217548685,-1.1470220844193761,-1.2970160761303395,-2.6504137429219568,0
-0.5841741516051744,-1.9669240477531136,0.21701532002404467,-3.956346521519128,-1.4527912849975704,0.012787890517946376,1.170630263213295,-1.6711388990807998,-0.09743930990912505,0.8301761140659267,1.6329454977625413,-1.4252033667133281,0
0.8657905462247889,2.1785787312334337,1.5700543534223155,5.175765190508026,1.1861069372269974,1.4641943462494664,-3.3636075388926914,-0.37662986453575564,0.675468463742739,-1.2235820370996562,0.4222200748112408,-0.722077548731453,1
1.8201489973202483,-2.3921072764620486,-0.4356427157532492,-5.5919606407295595,-0.43949526211052337,-1.608506346381838,1.9490815239209267,-0.8443016195075921,0.8578093235370757,1.0660363785908187,1.273334720995754,-0.49094856157784783,0
-0.8405082905018508,2.4647284564089778,-0.8685508129252726,2.0132840321207017,1.2160588244556387,-1.186366358798463,-1.9867276573791242,-1.208766965374601,5.356302708316418,-1.942410220910115,3.1831364969481886,-1.0074199868987361,0
-0.9843067524714437,0.5271403534418078,3.081763622841565,2.1612677646144824,-2.9764361767022143,0.5602455951643086,-2.1175120434943473,-0.7638182024601404,-2.8453606204306126,0.1504371597183043,1.9135872149443829,0.4414933011640878,0
-0.5942413132114125,1.7022633029266407,2.2654867556623035,2.809535363165,-4.7664418301526466,-0.42355500260967716,-1.6889842406401612,0.14532142278964275,-1.3319390915840363,-0.7513992127747885,2.3073329711359007,-0.5524989563172036,1
-0.04632710118598707,2.3687708058159562,-0.1518716179263928,2.6064378986835037,-3.8514318828191687,1.3160478348534008,1.2628701525754678,0.06550377334655459,-0.9137422397101191,-0.6455791132336552,-0.7926320628998413,-2.717324666904327,1
-0.7159920288203202,-1.9955667420820435,0.29346553978013445,-4.285286993486158,-1.634067933783725,-2.6588563994965106,1.308991563739283,0.17488773676282834,1.5022328373190623,0.2061306363447455,0.023698296314131673,-2.1170208560644888,0
0.5982977466915743,-2.938986726981368,0.47961536793696735,-7.2432151843157495,-0.4970006796061327,-2.222658505908494,2.632646878389028,0.019785363682177582,2.252992467982568,1.2355864339018128,-0.11479647696028428,-4.2472758505355745,0
-0.2670553283441186,0.3410694619216019,1.3426357600681738,3.6285831181401735,-2.7879011482553198,2.5163732846892914,-0.8529745655737911,-0.6677463095081225,-3.4781000188768934,-1.7428010672027783,1.0472283769844861,0.28922107648283835,0
-1.1556608545570766,-1.077946090956631,-0.5144207933305405,-5.296704758566307,-1.7366720851926143,-0.6331248675767772,1.27586440472712,-0.18749490500634652,0.8536581620865072,2.215272635002115,3.803667127609941,-0.1139166229921279,0
-0.668394054632059,-1.0412488269853273,2.6382067491174506,-3.1718237574072448,-3.7519057841011594,-1.83957355928866,1.452626547145949,0.5334660871834928,-0.26185091131002225,0.7009733798882669,-0.814112587353893,-4.7286881469398105,1
0.7078913823566884,1.1928796599498233,-1.3794799438596428,3.716674374204676,-1.8187242154041583,1.9385717859305158,-0.6855379499239709,-0.0722860801416089,-0.8819716925122789,-1.6828445456620127,0.612105023773565,0.8108679077383444,0
0.45499062133782886,-1.3746034831043428,1.686117849256061,-2.508147264140804,-1.1826694578573598,-1.7283797704470631,0.05820859572016002,-0.3486320805156954,-0.3877813068703654,0.7627433046571633,0.34916772548859243,-0.6350836041367083,0
-0.4781117058936014,0.8435802633065124,2.4208455399677753,-1.271172222489803,-0.49322411151833934,1.9411379408028133,-0.06457692384853342,-0.35169849705875383,-2.7120438792669934,2.7365322699626353,3.5090801997142576,0.9399630357885249,0
-0.24596688624379578,1.5847474082470767,0.21344209056435615,-0.0323429814184065,-1.3422803756128718,0.05884388802353557,1.3456038621740438,0.4760854419935637,-0.4651379030523452,-0.3100312130333229,2.7618445353458783,0.8000504490368652,0
-0.9401247491875919,0.8301455891050629,1.7836704640007217,1.3709149304487658,-1.6954910279974245,0.09435394131477515,0.7864507002337329,0.3102943156240523,-1.370439939047357,-0.7481477272372206,-1.2532630812847252,-2.0838916037302186,1
0.9218185816446404,-0.5128897581022551,1.794475955248993,2.815490871380961,0.672314320958374,1.0751690540882686,-1.6027360115333384,0.04265092670379526,-0.17697285480162267,-2.8458694482001157,0.014104154680988024,-1.625765451711504,1
0.1514760167344252,-0.7770906224110918,1.2766356467204563,2.796721173246532,-2.6121108862270743,3.389522460845903,0.13431146904241587,-0.5582404528964788,-5.75851660933597,-1.268988396803123,0.3827280248796644,1.579569679251615,0
1.0414906937751773,1.7056873646818977,2.3366123186967878,4.093702597187083,-1.9676073705060952,1.1846243030779067,-1.4660253138690857,1.6553804598515887,-3.0700972854270336,-0.5484707216696032,0.5311235684763118,0.8913606185852845,0
-0.9394177987855776,0.2826893365530403,0.82697715698334,-2.7083680500026768,-0.21345639886700274,-3.227477772398507,1.3700931209626286,0.04467086965583097,2.0491797001345056,0.1021781876712462,0.6671393500065618,-0.9783661215093246,0
-0.42713097970909414,-1.8861425997635477,-1.647625047714795,-5.010994540500709,0.5926649347716337,-4.813434032298229,1.951403436951508,1.0303157290872944,4.172515902769118,-1.213606473943198,0.8580040080872974,0.12168112283487931,0
2.6709603257763606,-1.254719747643076,2.3361736187286604,-0.5604007171156382,-1.890200900541266,2.046398046782724,-3.484784432045281,1.2766570727537214,-3.123376034049816,3.6931158708127176,1.8409428055585573,0.859544357544767,1
-2.0289460137052475,-1.9219455110923596,-1.1371079549429939,-2.0268824130424887,-1.8305723716726665,-2.796194488916411,-0.3865241554204637,0.786747631524257,0.66454056095547,-0.7834303591272938,1.6823638261560707,2.6218812373007356,0
0.9908531926650287,4.208533594605963,-2.2517174256330876,0.06875593668740608,0.583184923610504,-2.4428554582099675,-0.019347156437680146,-1.7550079677159507,7.786951864649445,-1.3465437945156826,5.075576673933349,-1.5360409308341656,0
0.15680853209710224,-4.228589132394815,-0.13147675265178305,-6.109427033953567,-0.7988812260884504,0.3205600357689713,2.597974949233951,0.959318345976835,-0.3369597767254001,0.3652250410168295,-0.12715035257743312,-3.004940948656117,0
0.5626410917299494,0.07536684284110406,1.2592421785296752,-3.679609710929459,-1.2372031541878883,-1.5728318538734347,1.0586658753463052,1.1573089261434368,0.35641490203136683,2.3823165729491595,1.4087621511712323,-0.9869661568195408,0
-0.6343215939672132,-4.220619507834528,-0.8011012968057423,-7.785704218125784,0.4585156234534471,-0.2618055798101775,2.961991254281367,-1.1136355761404764,0.3874288658838126,1.3279559922011988,1.159158393215148,-1.3956884503963827,0
2.46196318267371,-1.1547418313312996,2.0809160350697944,-1.9220599436861916,-2.02013557693727,-2.306040618802852,0.09610595055821514,-0.7355825145227715,-0.8133077238536062,0.6831868646382151,-0.7418726156219,-0.9711265941410938,0
-1.1541003251332027,-0.9831884157316106,1.9222584508023373,2.4735744027418973,-2.574710715065078,1.7713644437189204,-3.337660375487252,-0.02051583313369194,-1.6817735535664369,0.4670795537010137,-1.5768239185049877,-2.645246717022834,1
-0.2841453311795772,-1.5524038007707306,1.6932838082426196,0.6548128132470005,-3.458262144882452,4.036279452706974,1.5958940022132686,0.6178664988387907,-6.837992280661626,-0.9248526426755352,1.8964073849016652,1.2356312761382489,0
0.1442233876702014,-1.5841383890563638,0.7588517335402717,-3.9503708679495695,-1.5322749543802956,-2.046335309237203,1.5539555809894723,-1.2831677413571239,0.7170223273855721,0.6538948150882886,-0.3423326622230287,-2.313071278007181,0
-1.161826939376551,1.5740945807135094,2.6654796347595595,0.8152420828889004,-5.102669662500031,-0.6924858436684163,3.2863005877306115,-1.9320960041577222,-3.683451294325803,-0.7882736180291471,-1.28574438184434,-2.293994474598128,1
-0.21600030300127637,2.3398071846000716,-0.6915673593225602,4.913230276462935,-1.8605209038190678,0.5493478297652765,-0.8035834851075312,0.9719734621761206,-1.0113567783339712,-1.6365035359524525,-0.5151444225532824,1.4098491565922986,0
0.8970336665345526,-0.27000096541241225,0.2561160189941889,0.44601742486773416,-1.8548848039707235,3.432901770387591,-0.2101265932594547,0.703194890268005,-2.662164307660488,0.31585069601264215,2.8500013594882185,0.38761020835977744,0
0.24258180417938613,-0.8193395280196552,1.4087488810145792,1.2466995216911267,-0.696698913230788,2.58884806593515,-0.584010853606924,0.7133226322336635,-3.3898434507324864,-0.634983661093703,1.724539552706449,1.1846317539047742,0
-0.3306065667940824,-1.5961761462875366,0.08923471986472009,-3.958577371695809,-3.828349665202872,-1.276843333577362,1.1474794069544947,-1.434052473172841,0.04673735413623413,0.8433841246297532,1.9019652482890717,-1.4122269683567905,0
-0.42118649142207826,-2.288139336338145,-0.29287250230622575,-4.080318129823404,-2.7918089797754746,-1.2993198532602144,1.4725144158244703,-0.38762697256079004,0.5949609513667553,-0.06223305735570217,1.0304782916490178,-1.9066042282657696,0
1.3297317904993715,3.737246245784181,-0.5449912644704473,5.74712666881617,1.1738597291816797,-2.7362492904888445,-3.7161886507663855,0.7077664566219503,4.376993620174542,-1.7311134400697843,-0.6306654671758869,0.805909120096539,0
1.2290894358703492,-1.7437130401028211,0.2486173979175763,2.668705483755224,-2.4992665806666103,4.64529222978991,0.6652280536904731,-0.7004064453349106,-7.610611844432857,-0.8377602924858314,-0.5976121834699364,3.0356346231137126,0
1.0865795830529563,0.9913013172555579,1.802912147277518,2.056977522781904,-2.909528966106019,-0.7450210825305101,-3.979678708207946,-0.7812557188574479,2.1130093108923615,0.10114590794255984,1.647947238878562,-2.8159816069604586,1
0.06381773470466694,-1.3609177625815247,0.830300583950791,5.659547053483133,-0.8697980072582071,0.9942805732586556,-2.4751920199929485,-0.1029405871861155,-4.313609992804157,-2.765311165486502,-3.3021701280406113,2.860159038121618,0
-0.1965148036190444,-0.2624866186204633,2.310150603453105,0.5199803382277599,-3.227372268120292,2.829237339999864,2.4583573550244244,1.0013212679674701,-4.514090570349233,-1.5120254788176601,1.2028987646592018,-1.8314871979448493,1
0.19839342352165212,3.215014845164779,-0.15981093453516926,3.0389802051988473,-0.6578299956436569,-0.41208097352616546,-1.3035702971027745,-1.9535462254566156,1.9564734821536152,-0.5737762456202637,1.8700090915687593,0.13306154265851344,0
0.8849715441469561,1.2364524577943579,3.6170042081497553,2.340333676602934,-4.249375819115292,-1.6638273590953263,-2.528552123231261,1.0873514109164812,-2.241994501023153,0.7241611635277775,0.7581925321532409,0.21801855759192668,0
1.5763030544625896,2.1738022475912517,-1.1018378428568099,3.353973585038839,-3.909656117693931,-1.1157493539265855,-1.5650182977723424,0.211925426668732,4.475251667421504,-3.516755772471771,1.9670848629099535,-3.776381256080909,1
0.9604859147650203,0.5886403471536843,4.0476391201818345,1.9394736515794642,-3.6397739990352993,-1.5326227914374138,1.5276965183761515,-0.9392596350071725,-3.638646390413397,-1.855406296070683,-2.2151914121177634,-1.944531382965061,1
-0.5359213963822151,1.2834668318468987,2.5357039093101017,4.01915206121491,-2.0257954307072157,2.538314680393187,-1.095366078389964,-0.3852643187553805,-4.1110141716780735,-0.7685867807861428,1.1231461648483736,0.7308824858256778,0
1.4975738731936277,-2.7816424240299606,1.0425769328383496,-2.633921656397337,-3.3614509422905297,0.559424830891015,-0.258292068742366,1.4671026546229853,-1.643881650654022,0.3626218605710938,1.5260104671260848,-1.456980654793772,0
-0.17367610165063238,-1.2296015907643636,-0.3033632880381212,-2.2415260721508092,-0.7812174119114355,-3.245720005186562,0.9528988786325573,0.274678138114687,1.1118007607401474,-0.5829553936313119,-0.7294360009491234,0.3183486200058845,0
-0.6571293580319392,-0.03167849255286592,2.6596595797884124,1.5326184926649769,0.2493331509038883,-1.0998613971095885,-0.11639012299538187,0.7244329421115893,-1.4647864295407163,-1.583579829730585,-1.111647446378996,-0.12708194957890984,1
-0.6795393294294557,-0.08372019844994805,2.6179434310968506,3.7518223507594786,-1.2514367655184184,1.402109683301643,-1.1612376615291242,-0.1543524855025474,-4.051138200760515,-1.5409210191818032,-0.880935098598195,0.7581443316825562,1
-0.26850739449958455,-3.895778234286018,0.571927480460849,-7.527427975642198,-0.10312563144666964,1.9217216494491933,2.8547411025328833,0.9091590151586006,-1.040306786261929,2.5882123724358346,0.8596011083572462,-3.580534849844851,0
-0.7279143272722617,2.519705158961103,-1.5884136790479535,1.8037464315714344,1.2769302949844197,-1.9524307566574208,0.40161842223195454,-1.546323687317455,4.724136032475464,-2.610875894071332,0.5392964081502392,-1.1651147083449722,1
-1.0787444130331192,2.948171265437866,1.2433240932733567,-2.5774883643579147,-0.895702294855681,-1.9021604719109497,1.466545430541911,0.16143213529714595,1.1218205466024596,2.4203843778597656,4.283188866397517,0.7458698152450114,0
-2.7328005832330935,-0.17826462705555812,1.2266560816079826,-2.6795050628936616,-1.0316040285906996,-2.381068490540697,1.2545712206184436,-0.7025176577467532,0.8458075127464539,0.7626707130143778,-0.2560532951123209,-1.724197773167179,0
-0.06244022163623756,-0.6064860386275377,3.7052423647046164,1.1630017743051442,1.016342365760904,1.1141491758388045,-2.199798550041108,0.426073269397624,-2.061493853935887,-0.5461532571638201,2.4564669652797475,0.6334835301329016,0
0.7781509984659538,-3.050464449528251,0.4155883913209669,-8.045717766035182,-0.4158056218051951,1.1382439388987509,3.4771388651164328,-0.9641762689812359,-0.8546787300386306,3.314568569472139,1.188406935934448,-2.9877138191330097,0
0.13917950741069737,-0.06113320416029522,-1.4096197045750398,-0.16701416560889784,-0.16800743860820222,3.745131801924643,0.74490547818862,0.19926440524324956,0.10317083014604535,-0.9397572875551726,3.437636528924167,-0.9921934629458237,1
0.30625802661622925,-1.946314703415624,-1.4360854335908257,-6.255705268242802,-1.542476221778788,-0.7145713275671847,2.0153783442760607,-0.02671961260330751,0.8784413901267698,2.078821175172153,3.193346510943275,0.1075092660549326,0
1.6729714462990035,4.77682321612006,-0.5560437572535775,-3.7001336413224992,-3.738547773278149,2.7592629620173366,7.020235373966655,1.430720497635581,-1.6612441132322686,4.74725501059965,1.3001641651867883,-4.038960581282901,1
-0.09811823144074465,1.8744942188405527,-0.15762788094141889,1.0978565909492382,-0.13926516152671753,-1.3913319036072085,0.8729043528732601,0.11084622790885995,-0.2552483227734235,-0.5047218144761894,0.9177628976771584,2.521625334388809,1
-0.48669557959664,-1.2146253981996873,2.6007185381325835,3.197758414467649,0.38614883890598506,2.0232398375538754,-2.7243114818884804,0.47211275880833437,-3.154481064498749,-1.5655273847516455,0.5805683981818849,1.2138607420981267,0
-0.7681397104160155,-1.774002136227634,1.9407111238728532,1.0089518742539993,-0.6140586726650614,-3.5538787117549426,-1.5093581460093621,0.5496945819556466,-0.39126703143128555,-2.083310723905187,-2.420331774743574,0.6373129234004289,0
-0.3700246654696506,2.1399914222247665,0.4648610330281061,0.9340366749517657,-0.647684952230427,0.20761927900556665,0.47563708490312084,-0.07237056872496972,0.5045087066366358,-0.7378402151045655,3.1730130993570804,0.3056666017991829,0
2.0075733835174545,-1.0979326376054215,1.2701703585607138,-3.5255477653188327,0.49794901997172114,-0.9773767326594386,1.0331719469710592,2.255695389578865,-0.37599842599747724,1.536104095840039,0.8320247564519013,-0.07824130495339876,0
0.07514092875695823,-4.1213446751054255,-1.46583022371945,-6.957148420327792,0.05071495418604366,-1.3232573012132982,2.302238905220917,1.1410891811476667,2.009164660393363,0.2179551798556042,0.7085817543607797,-1.9487114231722091,0
0.27456007915597286,5.434736272027879,1.300189532160768,-1.6470021762559204,-1.0691336081179472,-2.3578755097294017,1.335836780982432,-0.46193814421672186,4.446282039844412,1.5358059375621878,6.380033972343876,-1.6907899851276,0
0.9108407875774837,0.8453228479871382,1.4967645766395872,-0.7966121173188744,-3.4605954701321253,3.7078310390264995,3.713460148901655,-0.0586292301207064,-6.330912176880567,1.629698906164263,1.618123070618727,0.40263444015428784,1
0.7607233560932616,2.473122467027024,-1.4868624496667096,6.22358492329812,0.8974466262594591,-1.624231430669567,-4.252087831812439,0.8972773534589306,4.481596311620036,-2.9401316521424707,-0.7228933406400464,0.30300710655988405,0
2.4264152319580132,3.9075672100168313,0.44201175395203696,3.120834421731757,0.14004161940861026,-1.3788474719975206,-2.0791647908589073,1.1675739215891499,3.1143861451116863,-0.06434874849568417,1.9653559597006804,-0.03624358162479724,0
-2.5169904069209954,-0.7340607769947309,0.7399661057249973,-2.63875967474223,-3.480304038147005,-2.9768818385641094,1.6358155255226094,0.14874839820022495,1.8091802760269404,-0.5865620852319733,-1.2555798325465815,-4.387744625854532,1
-0.9435484974433699,-0.32603525541358247,0.49939972560493984,0.525864549404061,-2.285727384956507,-0.9371478659083631,-0.9706646142670712,0.25785980672761327,-1.592255562194386,-0.4215342952326617,2.1096928689104306,2.8165995883973873,0
-0.756303523171378,1.304549651077187,0.689490790812147,-1.418616353865253,-2.005272886684866,2.2085919477030806,3.5523426471251014,-0.04079842583462903,-1.3552412304871027,-0.329489693062482,2.875620348810768,-2.3223769490612662,1
1.081652600865716,-1.657511177183725,1.014943392050973,-1.8719939224296689,-2.8791425805779682,-1.1021251631663143,-0.5323381859209337,0.6583469435982536,-1.2101447750506191,0.38380866750128917,1.7002937184835656,0.5644259400479705,0
0.1166417228671816,1.8623508461595943,1.029795564253452,2.4917002142336155,-1.995901336967572,0.21818485558718614,-0.5419145244991137,-0.5834763534464553,-0.15857240044223148,-1.4239227121006406,2.102404199534032,-0.3637673753133066,0
-0.5804655309814208,-0.2123002538076777,-0.18783703896387127,-1.945965522348801,0.7169768784200781,-3.1353534036309947,0.44780023390594426,0.7837137456926868,2.0372513946034303,-0.38008606682910195,0.9492225346311474,1.2182613043800194,0
0.7984785593502971,-0.08947054694330303,2.006774589342998,1.4506941600596155,-0.4547230208387878,2.0253656699593288,0.4642237975417305,-0.719256706417191,-3.8439589954065334,-1.3012426703904731,2.2069101364266315,1.8437573538275456,1
-0.43372107816966726,1.2115186151003825,-0.5820197693857976,-4.916609508617092,1.0363120897564517,-2.5565518236711875,2.1209841955603848,-0.3303040891995299,2.1851660068230183,2.567721006007779,3.8380861820128604,2.073008369034851,0
0.8456538262219707,3.4586318138731653,0.6687697629089309,4.357901289604494,1.0318138925871039,-1.470939267269407,-2.8476035418150727,-0.6719633984893528,3.8866175447012825,-1.9428495797002086,1.8398246544229875,-0.4457917677359726,0
1.3002609663662363,-1.892069098686755,-0.17776215009369456,-6.155585636112577,1.1032805209672225,-3.243091394923845,4.134064981375807,-0.21116034237554676,3.2330491872374014,-0.22236503087520987,-2.1318225343300012,-4.368474825857542,0
-0.2436748271706561,0.3523721500648094,0.12317020568006842,1.236760981684528,0.9986272821427153,2.5958351103737334,-0.167990433051052,0.28373575085432595,-0.5622246057545597,-1.4575138789355013,3.151206834189616,0.6375396645637637,1
0.0019392343175270957,0.3417150574657234,4.092501598478485,4.294356808160732,2.2298009697326195,-0.3730049498031085,-4.645011371823873,0.8367116087976905,-1.2510810537770667,-0.644702807186134,-0.35258402337639905,1.4097303185689938,0
0.6018362280516294,-1.6167179315651645,-0.6368264903622183,1.3597105532735403,0.966834615176692,0.25730381070087904,-0.7587822659010603,0.08058856724335724,-0.44806050264231106,-2.709248611335051,0.3321819831017303,1.9312287865286755,0
1.09641558461582,0.2371728032641094,2.321118493779539,-1.8359355013347938,1.1247146847310745,-0.6622041402633458,-0.23900688232410117,-0.3772478335426938,0.11967325612871142,0.7036882116762686,3.525932514753742,0.7198007284267633,0
0.6465566512682553,6.56790259590015,1.76205912023779,5.682497974052369,-3.288296217543287,0.2070398197460629,-2.4373033858689204,-0.6904750160365426,2.9052005436391295,-0.45329400393019437,3.904553721867574,-2.974381385124769,0
-0.6602600100000313,1.1815912201310357,3.5884089269991297,5.161334453401291,-3.5850582355599445,1.9692062538575437,-0.8561114242474004,0.45896027235140496,-6.814995348647026,-0.6178974894075785,-1.0200454691042684,1.6384961134528842,0
1.4616247422331257,1.6624776474189153,2.5962269187853058,-1.0000546455133628,-1.6645758715099328,2.7595739332730824,4.092624382657297,-0.03450494467585498,-2.576018646918046,-0.6391532024649373,2.8153740475455677,-3.2910435194005316,1
-1.9754565634223915,-1.8660142860873643,1.9929941786703098,4.026214531212305,2.9932108975003437,0.6073210345866102,-3.9995166118448386,-1.8051983101304647,0.5523426997158611,-4.322966897442739,0.29363687967073937,0.17455717885642286,1
-1.7352238222291811,-0.12387194587828709,-0.1975415465820889,-0.6926536059726769,-0.6408548555957839,-6.497216614082892,-0.9127948165057325,-0.5154861284336736,3.154791642067454,-1.6645890957922078,0.3275040595186568,2.6890529142465436,0
-1.9290883366804064,-2.2776121655289683,1.9537199728334398,4.426034211366215,-0.9242611500487791,2.0120779755758713,-1.7288016947011764,-1.7867438145725627,-6.470824201571875,-2.1513132071481973,-2.6641272466761015,3.2321421929776584,0
0.055991859820232304,1.6493618998412731,-0.8531181462700057,1.7469501496162039,-1.3961430828189674,0.9125209127171368,0.9589949904449038,-1.4767971156599062,-0.29948131349379026,-1.5619549720921584,2.1542078945872136,0.805801166763266,0
0.10092276373718738,-2.921426109851124,0.7737613694069426,-4.524709156881249,-0.38403411559977385,-1.3621123016687995,1.3411038715193617,-0.5449038783103648,-0.656566805694094,0.8795006300414909,-0.26602101144556056,-0.5917836692370328,0
0.08377654940188639,0.6779940188868581,3.3769226442915956,0.09819661847256946,-0.8746843878478028,0.9198837981950809,-0.11862933868495129,-0.44736111936709705,-2.9430927297150866,0.6307852936918887,2.9698139292521653,0.7578321073888163,0
-1.2281454328290704,-1.9513287208786623,-0.7456062873988347,0.40645169685967464,-0.649412339057079,1.787334582010708,-0.0277433590294055,-2.3057056861910663,-1.3991346137596312,-2.2858828071741657,1.6504422560212813,1.014784742967278,0
2.406073503209199,-1.9027333867546794,0.5234290473447532,-6.081072286272535,-1.1880155276448818,-0.9260032025550617,1.7894353068757254,0.2552320389442036,0.25244087949077654,2.435491829078337,2.026668500690156,-1.3011417924082809,0
-0.5914322608057916,-2.2651124595677974,-0.24473936231085958,-3.597490036351763,0.12185062990537188,-2.674186546039463,1.7097222169519544,-2.509993478539903,1.8333805222911894,-0.8841881329969143,-1.4567353685196491,-1.9074628253021852,0
-0.9849774120848869,0.4324755703387537,-0.7408456670981052,0.9117907633575316,-2.689341531080477,-0.25417264951618246,0.2906741527033043,-1.9679565205135396,0.07765565485407688,-1.12509220739613,0.4939584847189942,-0.44243685691919366,1
0.6879945031755488,2.7826358575940047,2.3587073615345457,1.5378763459213092,1.492933487736389,-2.522512470988228,-1.9972023794089906,-0.5123814797478052,1.9566245515109946,0.5823739675854342,1.6791929044202885,0.9166717741308598,0
0.26565272164244086,1.9755009615077956,1.6692925737318318,0.8211471362924446,-0.0658566309356785,0.4761914610036585,1.1869023523134223,-0.5889554774468706,-0.4175487634627204,0.003382087083107832,0.17263091494988292,-1.7698714956590458,1
1.5004273883863095,-3.07941859133813,-0.18201744091530125,-4.022259767629627,-1.5675628569961757,-1.0573310557824929,0.9656647494081935,0.9922710116129861,0.18900893440784364,-0.10104815356325303,0.48051504411193313,-1.184522761703887,0
-0.26323898433560167,0.0023207536868421474,0.9374711260653381,-0.18586888216005673,-0.5222752821712939,-3.0825040346748334,-0.3899106647586197,-0.29958690225622586,0.4811046971502467,-0.796435551665998,0.5525701257652397,1.6338846874461348,0
-1.368201058513946,2.396343529425104,3.148845732184702,2.210190074764977,-0.42713521376890906,-1.6981563441449001,-1.5582314853350332,1.0039245624617874,-0.8448017357887387,0.6849532426172729,0.8065463291485624,1.1042104527300436,0
-0.14958893822417318,2.6444855684395234,0.13451259655755043,4.3485610519472075,-0.2837105251437121,-0.05868651893902466,-2.040338716192541,-0.15640369161164272,0.9319706957081142,-1.1651904198598506,0.6857371200082603,0.7353702569467152,0
-1.0011776883876438,2.2074337162281696,-1.2891122180419825,7.523694643927999,-2.1039833451567955,1.3166561802062837,-2.645220047392945,0.5752589049232347,0.3660901323263939,-3.9132683189108084,-0.30408807968639184,0.33510869869676685,1
0.12007955300030405,1.2546146370290132,0.7880839481537962,1.7593413278178265,0.2952724134557412,1.0265759861812604,0.027710986595321008,-0.22729498465903925,0.47904559049808204,-1.8403478246522331,1.9177399552124612,-0.9407524314856737,1
0.0030642473861581558,1.980666142524285,1.1282579588705208,1.9788060361876028,-1.311667948533819,1.1370223307494376,0.9943608996548134,-1.2772110869941549,-0.7173472216990296,-0.6651015352362682,-0.3446832221488727,-2.3604602030455117,1
1.0166941516062575,-1.3829182502337471,1.1612417690753272,0.13262701399953358,-1.9914191830353836,-2.389443817894347,-1.1662862507997218,-1.0685344394660579,-0.22613324840136823,-1.5284020373030365,0.19555596169985234,0.5598065133126584,0
-0.09446053612721071,-4.2362429460580175,1.2710053890692874,-3.228946990169425,-2.416662797584004,0.7377280966235813,0.31553257150801317,-1.0883132407614906,-2.5351216820542595,0.046666658650434845,-0.4572342453061957,-1.8575955440065752,0
-0.20025587413024634,2.6032041812679676,1.9783522852751871,4.0669168440921775,-0.46075490411133724,-3.439557888852399,-3.2067428171720813,-1.3498200059059948,3.5574627554997886,-1.5168714440408384,-1.4055396611706745,-2.2775219801883058,1
-0.6230088068037712,0.6508437727449015,1.5263755530427456,1.0180988448507986,-2.3344570776824822,-4.27783272127164,-2.4342185176243065,1.1628104420230618,1.2321396087400314,-0.43485285106695004,0.8538078379609937,1.4105751337031363,0
-0.4202993458276141,-4.098357557702396,-1.1036817138442223,-4.7991472023912065,-1.1739832433784287,-0.6748176403754268,1.1080348822216632,1.15448705342534,-0.050077565216939825,-0.1453420912772312,0.737198103973971,-0.18223581026933688,0
-1.0402699734591168,-0.0197789845807681,1.1180315257213727,-0.17282744046017345,-1.0024978988869013,3.170309617697769,0.2914615084338341,0.9733623809150882,-2.708848346350638,0.34080970763164586,3.6645448576733695,0.5491635230535432,0
0.1397068562700149,-0.5925546394079373,1.4593307672684288,2.5430784075844635,-1.1380530768269246,3.0228256235661153,-0.11153164272597793,-2.3944662411101576,-5.522439791293679,-0.6119345702915859,0.21371590719146039,2.42905808672156,0
0.6649249229081393,3.3431098523283853,1.000404986740704,-0.0024529231363494496,0.33432460669466857,-1.6879507694274007,-1.1937190036873595,-1.8929684329169791,4.70037260511773,0.038014494352232475,4.976835341585051,-1.4909039472394365,0
0.25768265738861895,0.1504447143670703,1.0040637930129594,0.8007478612854472,1.332664874375026,-0.8416741068751343,-1.6319666729879487,-0.2645853643407908,2.1366367424458237,-1.9730148674109484,2.692627256815958,0.0223690285900372,0
1.33206401007223,-0.30181562030638576,3.351414750852255,4.096264380782388,-0.7694644959411376,-1.5476667817988825,-1.8609500877267435,-0.6116982945873424,-1.797107711770153,-3.690332940034952,-0.9201663581135635,0.42194770867619535,1
-0.9123161000493386,0.4945277547980582,1.6077712819564074,-0.5430012549124196,-1.6724509440118407,-0.01352102350691986,1.4817323378336198,0.39132369443518517,-2.392063349715177,-0.218071829229465,2.2739875996012264,1.155009696869551,0
-0.07161559330996818,4.197758806964168,-0.10119829976593708,4.14553202664102,0.2505720166786003,-1.874948458206943,-2.534083177495967,0.9312593447601414,3.9270792054992048,-0.7432409666569704,1.30089491418649,-0.005133003154998317,0
-0.46314827048091856,-2.980626735511245,-1.7294273091132988,-8.391243998006725,1.0780910600252973,-1.6707438445224387,3.3830372340531847,-0.991271853854199,3.676357555466045,1.1115331281237333,1.5703735733140876,-2.812206084411892,0
-0.261594988484292,-0.20140347096778233,-0.9825923852000635,0.9595439689144796,-1.6966229113416702,1.8605530537786215,0.749540847319748,-1.5133239146684658,-1.7474072243873024,-1.3712749290926083,1.7091579357423181,1.1468420585371581,0
-1.9341485942952208,0.3132150112866693,0.6578918908194317,4.651363214287927,-0.3645051733896154,1.4896079495904633,-2.415590641407854,-1.0617282629641969,-2.3968546329418805,-1.335665950803532,-0.8626773076026546,1.8986449994978623,0
1.254439664488508,5.171031897736818,-1.3155100740038375,1.0761837126833702,-0.5560840548581738,-2.4007023507523364,0.2217221153491804,-1.9493755135366835,6.093255260611617,-0.6531877114642273,4.294546543224473,-1.2448250127617628,0
-0.6189041181847458,2.0172785586883046,-0.8432244081301337,-0.0897277617729393,-3.7999850338451684,3.073169551336584,3.171330345499788,0.24879613405951462,-1.5611983520492239,0.31189520096623546,1.9010723748754454,-2.4707558017143967,1
0.8832407271156731,-0.4664208040017348,3.137738476479226,1.0227491628240257,3.8095420066429266,-1.0343461731727812,-1.2058710081691375,-0.9047215363260939,1.3252424053579015,-2.4371666378313677,-0.07762477486639652,-1.3811282414738548,1
-1.1936583242139773,-0.28695150926117474,0.4011710587219153,0.8518216531503522,-2.4497702206523164,-1.8657131489420462,-0.7272644683787779,0.16308052544898996,0.3986844138679799,-1.905703492648954,0.9007807119035721,0.19992133199255702,0
-0.5516129407115674,0.796272055565637,4.66209976487559,1.6296113316095893,-1.7383718673650321,-1.9930573330409684,-1.730607035306774,-0.6011257665707345,-1.9362583524481525,0.9419985994203905,-2.0145885951168747,-1.5625272016978358,1
0.6367151526386228,0.837966390502246,-0.37268865573890575,-2.4769165917788634,-1.5314330049572993,7.329920686129341,4.257601069012174,0.7438206813420158,-4.7584610694578275,2.060580283863389,5.514180857248383,-0.37365573082442816,1
0.5512822282374713,1.251781222262367,4.846555147433115,2.5394330970836823,1.3192157557021802,-1.7014656175849385,-3.509349319965297,0.013533907913022421,-0.4120816361692375,0.05541832107678801,1.0740406127818358,0.5590155793319881,0
0.4308622937606945,1.5768512345096939,1.0431457070353818,-0.9384188428327469,-0.3485712083875311,-2.3450281912624367,0.040100949964229526,0.0016803790940698956,1.1952099144114796,0.6092267440975921,2.624242973973835,1.1830355983614642,0
1.016372808733283,1.1565903207694042,1.932151639792895,2.28098330481324,0.3817829419217995,0.2738234826966376,-1.9640042064826946,1.7261482181169847,-0.13545102589606778,-0.6485641432052993,1.8695613968963118,0.44134246074479955,0
0.43111796248226564,1.0737112663760733,-1.3020462648748232,0.6215921016333665,-2.5924249011911,-5.91840796924686,-0.7627366146719323,1.7157699896670644,7.934153217632699,-3.213473478299953,-2.631969157149857,-6.039575923908484,1
-0.07291585934113436,-1.6758283526365496,-0.13360132984168627,-0.8916817139286488,-0.5130243958302347,-1.3071677306488703,0.509076522609893,-0.7392799467276642,0.8116201444534691,-2.025643131084585,-0.4688352698913554,-0.9617668333436789,0
1.0115447121311083,-0.1372090668217083,3.2045874104373753,1.343176186015876,-2.8210107886300513,-1.9334030488467673,-1.5987753877705195,-0.28508982895871676,-1.7175396084545467,-0.23598531879730644,-0.855420260421843,-0.6464898770506181,0
0.7741090125634452,3.318548246582184,3.9648851548564217,-3.1685853802219217,-0.32925855418458927,0.4002642650732482,2.678789984979666,0.5302239571008005,-0.3705983180026839,4.468379978712624,0.9722639884156037,-4.673177094804212,0
-0.22280399814773344,0.10212892944861307,-0.062164099160224806,2.6513767074547787,-2.2424687389557443,5.131448195793658,-0.06498291870451567,-1.904466347092598,-3.4442997190694933,-1.5162199763217719,3.1531049322427376,0.15082164373516393,1
-0.8608393682057913,2.401156021462139,3.5199530811237447,1.0116653200039514,0.7846861772640481,-1.1720979532985862,-1.8067419978973867,0.5681253274451542,1.7150042210012504,-0.21306213786756245,3.902397289762154,-0.8612092584889492,0
2.281210346991448,1.1508479591387708,4.572055528262078,1.2254573578480252,-0.8929787122229824,-1.2146990007290994,-1.4542673374224067,0.10222409893820712,-1.1960564736833705,0.9305619225331294,-0.8566182793242016,-2.1774640044786198,0
-0.4388264322789165,0.9038599963169943,1.7568554884966765,4.798618765274095,-1.273102743992983,2.779407352257126,-1.8727494202862203,0.5704821673263972,-3.9658032247046275,-0.8693707248517264,0.13468140542123486,1.4050780688352207,0
0.21398179730742983,-0.143023350592677,2.313401588353077,-4.216308223522595,0.6792734127983522,-2.295941354863467,1.909697252519901,0.112877299263834,0.802806478755925,1.7267324949323077,0.2681159063855476,-1.9778014953185725,0
-0.6443789050106502,1.6571420816127542,2.3402990506551795,0.5669714965694223,-1.3670132908475165,0.051452262336529,0.22192150742035266,-0.23969199863645835,-1.550975328306472,0.26724443886039717,2.6946485339501187,0.4992614834646917,0
-1.1516636118176933,-0.6595809132219548,0.21411231159845245,5.246301175108522,0.16726766446274222,0.91349124930242,-2.610317618677968,0.04207140994471058,-2.108662003691829,-2.8612163412747815,-1.9898909319191787,2.1710566092769126,0
-0.4925549256301588,0.08279734010228235,-0.5186817538987196,1.453646561219359,-1.097666408832357,1.5564911865812179,-0.20643043858470111,-1.2605556753145073,0.10542533774099967,-1.8297441205378755,1.4772347932806098,-0.8408492128496192,1
-0.22736379628315942,-1.391764135951911,0.17971393841559635,0.19295432883349167,-1.914693756954292,-1.6473135637565566,-0.6119007066172821,0.7661029743473262,-1.025962374730544,-1.4937351511183627,0.6340719732891327,2.044726717080349,0
-0.14316910032199118,-0.5380548693455001,0.20566701437479895,-7.500200468630749,1.1262380253654558,-2.3622385877457237,3.0935926419642894,-0.5088954401106167,2.559451167549209,3.016917648710867,2.310603175818483,-1.4288796189308406,0
-1.688116633206058,-0.7363991713671418,1.123152349843596,2.5690013755145804,-0.9110554287022347,2.240957588251578,-0.633544566631993,0.8474823198125081,-3.5575482844908946,-1.703634695624222,0.6684821726375352,1.4822524828771577,0
0.0409092655096201,2.406231984640056,0.6411119006197079,4.204684586621323,-2.728847069475175,-1.6422030195360557,-0.7307416889988607,0.8187621786561448,-0.2329924205231309,-2.1996942187289648,-0.029335912617906468,0.7514316275826578,1
0.47981373324977766,-2.769341564477984,-0.03411283468410331,-6.900715696217702,-0.8050170352697765,2.008471273864288,2.457190139959115,0.6757060805733806,-1.3681693654591076,3.340992028307902,2.3533227639424616,-1.6062103573862547,0
-0.17881142791429566,3.671085679873547,1.0825794561427695,5.114124108479918,-2.922841449879833,-2.5781651974727926,-2.1053889723685226,-1.313031183421952,1.9206461775313035,-2.6193971733293404,1.583107933399503,0.045728364084913986,1
0.8162882879521247,-0.31433860057079266,0.024224259473481835,3.5964955538023142,0.6680733487549426,1.5980680540972414,-2.7978740065833447,-0.22800969553947648,-0.17388209202762264,-2.124012370767182,0.8117872495085088,0.9592365269363226,0
0.08412090027173143,-0.641818251006774,-0.13623163517619652,2.0771933082343006,-0.4459961500995365,0.5710782622473671,-1.0890376336148475,0.1950495186686743,-0.3621000314049726,-2.4635317830918444,0.9362827950670976,0.8097000981263072,0
-1.1344605624724529,-3.0003824573742044,1.095658099566076,-6.164182338108298,0.36594543283856806,-1.2517425602425527,2.742635895531075,0.4188137543207777,0.833127588867694,1.2554173145292638,-1.9111968594375086,-4.430618373244817,0
2.156195307595132,1.2725763945491906,0.6315047288103123,4.227965278782,-1.6315692915219153,1.3631665232962804,-0.765199209865228,0.4234244931392341,-2.805991670557248,-1.3888122924599595,-0.153757599880036,1.6266876047426684,0
-0.4066775475664361,1.4148920322394476,-1.062205627556256,-0.1161078605493963,1.0178598864599486,2.302792699377801,0.8503595071067367,0.6907965210287336,0.44844658580109553,0.7426094352292174,2.0583068450227504,-0.06824369570429822,1
-1.1527220493278025,0.01151923557310952,0.19036517243163897,1.2450557157748996,-0.7579484241246559,3.160252556259328,-0.3569808917721664,0.5275022639517322,-1.6794590890726209,-0.914519058764914,3.0282123987649983,0.35683347302766344,0
-0.2366803802887279,0.8886000482166381,0.47881445248594623,-5.3427187481326435,2.3669718182150135,-3.1969677182896867,2.503594146044625,1.4505192156870435,2.320256532413977,2.5496490681240696,2.1427792073715377,0.9464029823302187,0
-0.4929878559178417,-1.8443241929600886,-0.0434453159244137,-2.7239532158535313,-1.3030848759548284,-2.719542640826752,0.7125953561689329,0.9088560043309445,0.9932099624193298,-0.5369173230725808,-0.30551204578117996,-0.5116003715143822,0
-0.9715056458572945,-0.5604457729261166,1.4312804350691466,-2.2537114551703694,-1.523010396383632,0.5014136889831948,0.267600432691254,-1.8259734523330882,-1.1237517063995544,1.5520708300809551,1.964781512166676,-0.8080196269827147,0
1.2390392730445179,-2.2645829112901046,2.8061289134210536,-1.9316776723575124,-1.1883523319134452,2.017867380703053,0.2917496319734577,-1.115420707569142,-3.8895659611483286,1.6085908251885064,-0.6111907585326113,-1.719432362927037,0
0.18321845840847106,1.245283219625712,3.4758331357523042,-5.009420850387607,0.3826649075251143,0.3996532461682458,2.6571651410645893,0.8587555393929088,-0.7250595085552781,4.811627056994203,0.5951158023142944,-4.000450509579201,0
-0.4453348119575091,-0.3010332976601827,2.1563664457778375,-2.659795448813144,-0.580273022119796,0.9957404471245295,1.372205983173519,-1.7814939333102984,-1.7299768681138827,2.1087077284193576,0.6252825563781508,-1.9474386378314406,0
0.2341443080614994,-5.9371598207967144,-0.7531008420857337,-5.843562264699845,-2.3629111030521353,1.7036824822853815,1.683314123126359,0.32823137668961805,-1.3770636710379487,-0.32112697625314723,0.3021749911906466,-3.004861202079859,0
-1.5095821456887941,2.381646508321339,-0.32812741175967064,1.6809548186802896,0.935716262622307,-1.5431255837433535,-1.8910319886212865,0.056743870491131866,4.370593273604177,-1.1518620276085088,2.699103129100905,-0.400274088003554,0
-0.4239648440010951,2.247476751318212,0.23273163566149924,0.1382700569732258,-2.1915578506995868,1.132298567994257,2.5426167662098296,-0.5737274895308918,-1.9165241916056408,0.5947546951860416,1.6231196893595634,0.09477551214271895,1
0.9684890007890149,-0.7634277051031817,0.5013571200563762,1.1721757897628249,-3.2148604472995594,-1.2437551394279054,-0.8511474855979901,1.873861548770752,-1.435275141179818,-1.6314500183601401,0.8959474529150288,1.4867700289728942,0
-0.7849169253169884,2.596169635782151,-0.8730819860503127,0.487579066532836,-2.544033968011548,-0.3740739093196439,2.1044903956792793,-2.553067433087654,2.9368098224595593,-1.5075313068809733,0.7918113951543533,-4.305289013101969,1
-1.667982688486802,-2.9409407406926102,-0.5720587362619893,-8.152144375042282,1.1306246838915928,1.3976704414947694,4.170568941598761,0.13014910845497368,0.7256193761831553,1.7981931710221164,2.3356623046193183,-3.045237694690517,0
0.594459035775856,-0.8959052359578088,2.570238387609204,3.6737292390060037,1.796719649296338,-0.2552950367942861,-2.4954622655076433,0.11756420900155454,-4.461069680022134,-0.2281958250854801,-3.0384676991059685,4.291787790752908,0
1.1492053831737405,0.5312076529578578,3.1597477863580345,-0.3126297803818453,-3.906519827727385,2.1255748281378026,-0.4976349285744066,-1.5247648752266136,-3.7867484268747664,2.4888183429642448,2.2080893064956513,-1.3178522292842112,0
1.2124115682694754,-0.47032369777189165,3.037791083463321,-0.754374919224447,-0.768417583321568,-0.37020411234645323,-0.4013804507672991,-1.5788673887617097,-1.4674273026301357,0.8088320059428781,-0.042726394902002474,-1.4481580275128574,0
1.6001873565414797,2.638443139411913,0.8095283141618391,5.511074152783303,0.9352083503468613,-0.024288586973993498,-4.054833034479477,-0.2718354275760661,2.172833675374704,-1.4753900188899298,0.6797281826280441,0.036831901354752006,0
0.9806602834232132,1.1949459462160212,0.44466532225353816,4.0792156101998165,-0.6820914566688605,-0.6300387708032118,-1.6469079013097532,0.6476018856491305,-0.8179507373380723,-1.5795773956625867,-0.9281474245471919,1.6871606939078228,0
-1.14674686529578,3.329491340960069,1.338493850795878,5.796395200540121,-1.9750353216780896,-3.0083140887240933,-1.7779714326334244,-0.5071628142439314,2.8872506577556964,-3.9712443349492332,-0.9274367977092459,-2.1918242637236642,1
0.32295652934612007,2.3747064023736133,1.0001071872409544,-0.25675278698929355,-2.1387706251461216,0.5422993564526495,1.2586972549928523,0.08534429051010077,-0.7318021495577386,0.7361956027488792,3.7016550207612453,0.04442374602729304,0
0.6513783017035222,0.47884932609747044,2.717924870777456,5.762728375134922,-1.6777024550420758,1.9368768311638063,-2.8299959257894995,0.18014640792013598,-5.541802846716767,-0.27084014555238733,-2.103261613374875,2.3022004373457206,0
-1.4774340537819781,3.375236236824662,-1.0401826307056972,1.6537482963921144,-1.9361264932772828,1.3410853470499224,0.40572688388820577,-0.0650940261101365,1.4974426374438419,-0.27761487914231553,3.8361150580709844,-0.6368611166143208,0
0.24717507962291857,0.4841052785789214,2.867058273189279,5.344542425265593,-2.0855010410905104,2.0702782924136454,-1.4035988613531536,0.3113407397536639,-6.813903540173472,-0.5315357181665187,-1.9859332977020876,2.861118623203412,0
1.469825190460083,1.3305991479788308,1.6456894348391529,1.1269291379912694,1.8857156477478973,-0.3243062539353987,-0.34868460537386414,-0.027115776712978247,0.583131403849927,-0.3509654578559833,0.2094144493319796,-0.42942423309744504,1
0.8696859551151251,2.1319160053539936,2.113062117766156,4.80789870434443,-1.68417261258812,1.6053456619119268,-1.6566015090329547,-0.07262105153897593,-2.6122757217760193,-0.9674942818586664,0.7680629955167189,0.6214190776341424,0
0.02303511045334986,-1.0496477980452528,4.334166470807961,2.1332261359378206,-3.076991241569233,4.632815167112323,0.6113057275047744,-0.8253210660841188,-10.352540707694484,0.9367377657112987,0.3366851162886949,2.647978355394874,0
-1.8939239081811456,-0.3262182527586399,1.3535260482786293,0.22782399674151851,0.5286494491632765,3.5276723977404183,0.8306232183430541,-0.6783634597772369,-2.947912947643543,-0.9457536739617279,3.599051512931962,0.8723812562292044,1
1.469968229826462,1.0804389256108275,0.5007448155989009,-3.980536190346372,1.1879160134359807,-0.7520392435817523,1.1297303986800649,-0.5001111195421035,1.4373505029264746,2.588009306764718,4.2339638806576705,0.8669907308815086,0
-2.145328226360626,-3.6371039106749183,-1.0615472269688135,-4.848109176861791,-2.3606741981057278,1.6108586924795745,0.9045744903799899,1.0192623014046884,-1.4823571539914986,0.8153139457866359,3.6581461350344764,0.5321714613834319,0
-0.3428856895471528,0.07594717246383009,0.9562450957264216,0.15610706468130095,-3.146769179267523,-2.8486008131352896,-0.9512077739678582,1.6369148147427672,-0.43432174031503185,-0.7081178651049302,2.18625302460894,2.220394822970655,0
-0.9354689814889371,-3.0215115354769377,-0.21989899003291402,-3.9288711192233143,-0.8948304891964073,-0.17736254856215394,1.5300806342740303,-1.1266858477759705,0.9451003236883947,-0.8351350059320672,0.1493625072235566,-3.1381218001330793,0
-2.092791687189082,0.7245911512884728,0.6082826546057465,-0.32493493691384595,-1.7041687010663722,-2.476088807412287,-0.9473783577183477,-1.487136425769702,0.37268321129641463,0.17042092607334347,2.9218746347159428,2.5726180819268247,0
0.29444023445214984,0.16691430600170243,0.32469141660470635,-5.350563141575586,1.6291988025725965,-2.8348667797417755,2.071294006902077,0.36106619148738356,1.9907698998790377,2.7163773847581334,1.3925196242428095,0.3356148781595818,0
0.10792592753853392,-1.1908707756788584,3.811895186104123,1.946036873955855,-1.4195162349684514,0.5178342891639106,-0.8803830638550341,-0.27908719287115336,-5.728741020924735,-0.49870866100955,-0.5810509193307754,2.236906306500778,0
0.2583474727596158,2.7595854124075085,3.617046539962681,1.8432500664537574,-0.6158106303310469,-0.4908727272084006,-1.0356347472036056,-0.09494337391742586,-1.653583881378394,1.1705767381769974,2.0707726397248134,0.8744339553571814,0
1.0031647818283647,1.6523518758797446,2.06624442641576,0.8600965211554754,0.22154003336279016,-0.1958978629986996,-1.5096254590834348,-0.7677838313516325,0.8105333159358694,0.17591167656599205,3.1198796523882146,-0.12133363745818748,0
-0.26108883124276416,-0.21607865466230058,5.489918807434971,0.9249356922835117,-2.4004504851034403,-1.3189488194468977,-3.0890112313392306,0.3709435496290742,-2.850321333947317,2.327407405782957,-1.6447742825238727,-1.7439392375817766,1
0.22919391062608832,-1.8765255236401877,1.609615536773337,-1.0265297648170264,-3.6169927019285772,3.513790851956795,-0.430159923417748,-0.7081049024483833,-3.557676919145552,0.8149448598365521,2.394438445194271,-1.7332678117619436,0
-0.5004204575293227,0.13824350295698984,1.0919862985864794,3.239811813425071,1.5970461297612784,0.5461067871818084,-3.5740172855457484,-1.0626539727853328,0.8770102848753737,-1.4582852075056592,1.0154176569172133,0.5656492003617426,0
-1.6354387045080987,-1.3880197577627955,1.1777855950298397,3.0642246049649513,-4.559929478819109,4.051479460625527,0.9499196732238784,-0.24850065227612456,-7.898682301864672,-1.5944768786713612,-0.2618191038069828,1.8504481917154376,0
0.15813151100411793,1.1827109277460575,2.308631742456634,5.608076571783467,-0.23626797385122011,-0.147356061084834,-2.6779635631303895,1.3522610604561256,-2.4482831763404302,-1.0409476410676424,-3.139826491468036,1.00263671049087,1
0.7556737585152763,1.228587206171379,0.7775017462472694,0.03445485856687298,-1.7134839451129473,1.2092520040905013,2.2252680989734888,-0.27231353068375297,-0.6582363718280876,-1.8309671238483816,3.3904758438161116,-1.1626983335834449,1
0.9456630645670078,2.9556857587579395,3.8289344977653696,7.102963448580385,-4.7782622014192135,-3.4096384417765866,-4.125056058091969,-0.6080226361889447,-1.9091843551155097,-1.7535651884035697,-0.7841293243980956,1.6004134104487773,0
0.26877820717931244,1.0433670613428352,-2.051710020385367,-0.6177439235706967,-0.23313636420781148,3.623549282367707,1.5446334700776925,0.09696656044036592,0.08852509169654639,0.45672610852477935,3.244389703901021,-0.41534338099207335,1
2.300057649682855,2.4293941476257777,2.578565460852537,-0.5130615334182332,-6.144079600369036,1.5144058417813198,5.4187408788459805,-1.3664712611894507,-5.077856171134532,0.22173945666223593,0.8983454049584663,-2.864238871039095,1
-1.3162942239335855,1.0205351438348957,3.016131539982175,-0.9995991248085538,-2.127141049842969,-0.4825898535426453,0.7132043266549786,-0.11211311696008233,-1.246411614869782,1.5939284418813204,0.18600987282224757,-2.5485057363425803,0
1.3757508507116678,-0.6726263540157821,0.6175124201777359,-2.814995758321211,-0.031799974340565584,-3.418277079816542,0.8694891217525479,-1.5289776810356774,0.7409788956195895,0.5982455250437,0.04830454210290913,1.060915019716505,0
0.062110072432047636,3.7176876318688534,2.5161770471619054,0.49919576290866025,0.9398292497312513,-1.8794991145000588,-2.23372075999597,0.14299462639062221,3.6762437138248165,1.409684346769367,4.259729026317873,-0.9349839454066686,0
1.5932295630004916,1.0899524142803396,-0.5732618011757526,-0.14732892964014271,-4.03595039478871,-3.2891663618986167,1.3311932924700258,0.25490336707356775,3.4574157255851596,-2.5154422424880107,0.06544234830009477,-3.75554408071451,1
-0.7321245129740347,-0.3943747494620581,1.2533529625134534,-3.807048183544645,-0.16438237965588642,0.29749172800167845,1.344143311278735,-1.3321444329767143,-0.7199521386658285,2.2921026631961343,2.4221145566372195,-0.40883081566350665,0
-0.8196845473029545,1.7417243909360893,-1.0975680824008105,3.573702034667409,0.49966243132079446,-0.6213390881025038,-0.7345277029801636,-1.1745143744234656,2.67347416375799,-2.747083042773683,-1.0289508743532052,-1.1429423707776567,1
0.43491298760241165,-0.2996698663238415,-1.249149671862035,4.594482654774653,-3.746118124039648,3.387582186104593,0.46235969213273354,-0.6818042469090023,-4.4320488670487315,-3.1650230878452144,-0.48423022983039377,1.3905372014781412,0
0.7467203474301233,-0.7492570280145459,0.4592461597178581,2.200485168381616,-1.3361777260480259,2.743518438071203,0.07250855945054169,1.957505315934346,-2.8903707408984323,-2.551249412234739,1.7828162061079829,0.7554257339288232,0
-0.9314634674723187,2.961737036954923,-0.34554581218155955,1.6982507182565407,-0.06450876922900195,-0.9688910873156815,0.1241004832039615,-1.0108651388526473,2.4240143893495594,0.7424108707581911,-2.1675234826525194,-2.508263974469876,1
0.6644891261513892,1.043636227288704,1.6995046740752602,5.0879800077407635,1.260037377255264,-1.632041519034285,-3.5739990400638786,-0.8991828663813124,-0.18056941086029182,-1.5869657834011366,-1.8757653000062002,2.101561481840266,0
-0.7973818569471325,0.29360141547555674,1.6293517830570519,2.9056939144514042,-2.7607493220650605,2.484064518938972,-0.09084017619376938,-0.38098617511556354,-4.8036073897810345,-0.8172876671205528,0.7328807891976108,1.274006380856069,0
3.542095013430132,1.413710124277042,2.294683138410407,0.8078767040136896,-2.418482637158827,2.4884031653905723,1.477773120497909,-0.05950343901095644,-5.724542289073108,1.6696249961474892,1.808163070952178,2.0412778801948885,0
1.234434973531793,0.41334383089492,1.2856546779629892,-5.345721348744314,-1.8811744797088665,0.02117439450173797,2.40547231189953,-2.062214169584199,0.7136323110644778,3.3598228626868827,2.322024154990788,-3.744366325804302,0
-0.30426048088934304,-1.3641369562205448,-0.35887306565719523,0.6937892915207005,-0.1427531788173011,4.287849883113334,1.1519740105701501,-0.5001275604013893,-3.7104287317505817,-0.24853637183779265,-0.9655945024243022,-0.351098699482714,1
0.32253816948881353,-1.1925502998986102,-0.45251089448428194,2.3578843404535172,-1.306787556249256,2.970269296552453,-0.16836114853020911,0.7773467717185142,-3.183146945215355,-2.2317120883681087,0.8898096700064203,1.483024775568188,0
1.2181012561519982,-3.689956858276234,-0.5431795068257375,-3.481426445159544,-4.885558797122806,3.7349496872995855,0.3414653182755154,2.0803732956101584,-2.873275541808751,0.6262532016901636,3.6765521291128542,-1.5701879218601005,0
-1.409666553806904,3.0967976541778532,-1.2478914624761126,3.9394665944849363,1.5711384414893348,-1.8217255202281275,-2.3425813283217822,0.04128242669189361,4.121301206571425,-1.5604285706776393,0.608512848622743,1.023015184752566,0
-1.6760895273246852,0.6865377405306258,0.6566565150037963,-0.9971498601089481,-0.6837196655931652,3.292864221115013,2.4824196025736276,0.19831658254783763,-2.6423140917649413,0.5831828379176855,2.61795261855759,-0.49931061120747433,1
0.21875118856652626,1.8293353962886583,-0.503206835090851,1.803043379777628,-0.8105191435108441,1.0736821614874745,0.24926495817980743,-0.4146924520304851,0.2723047188734826,0.026519081488550533,-0.38603855286326194,-1.2315598847874587,1
2.3004064232956574,-2.2612497424864175,0.07420263296856189,-5.151752863196897,-1.3688902392626952,-0.8392420241425769,2.270602468407554,0.4602786914485964,0.24465663276296212,1.1206484779024464,0.2451490610083159,-2.286771466963235,0
-0.33848847070636867,1.1952382858643962,2.5710147954806892,1.3789151793368095,-3.220439066235314,2.941574831684906,0.8352189784593769,0.7725636212365777,-5.886287746038632,1.3775977549189111,1.9057505475808232,1.3225423928674571,0
-0.07529139429979359,-0.7919597246739702,0.49976190306364776,-2.2074312675421335,-1.76337145322042,-2.078510043754592,1.0761145383812303,-0.13300471228858393,0.33544696932066714,-0.04281109856063292,0.055343655767534305,-0.836356989789865,0
-0.677481467702323,2.729387194276014,0.6420791577913947,4.184416209504639,-0.8275152814496589,-0.06654019840723246,-1.3621490610029245,-3.5433189221055286,-0.10526486715688549,-1.0161661294669373,0.5091004948607356,0.8580889838272371,0
-0.1671287212470908,1.6797037179780006,0.4663729820428506,1.575161169468688,0.15452298309026746,-0.36416196527894873,-0.6658505930045782,-0.9956408609116358,0.5742278538469839,-0.5384079669247487,1.7620214117269404,0.9961027010613408,0
1.5134015508524563,-0.21312283268696697,0.5351887159145623,1.8778580179844084,-1.1698054695247746,-0.10232246711886228,-0.4698820278725837,0.8111296080822826,-0.9340191867797837,-1.6022093376562223,-0.7443490951384133,-0.07438862986586281,1
0.6091952151755359,0.08184280051125836,2.2662619137572744,0.4500948678436578,1.3224859103972837,-0.36511856823711686,-0.45222872438653994,1.2589475972919792,-3.050312870715792,1.8586014523077674,-1.7905283250957138,2.2239178300443276,1
-0.18640438998978273,-0.1764524181814977,2.342277454604921,1.0881731129842735,0.3080573712568475,2.044452837744891,-1.6492247548528591,1.0168099410182891,-1.992028019724034,-0.045608518396832665,2.6567101026199973,0.5937405801025784,0
-0.2660780905197461,-0.09994553125276628,0.6245458695602673,-1.983464345059085,-1.150657221585766,-4.167806303825418,0.21208820840368092,-0.8161447188512894,2.0227710739936815,-0.35560695073158577,0.8362056846729873,0.2757309899834084,0
1.2551718586704894,0.6267603717685374,-1.604426832892186,0.06917724022913108,-1.8620312596374728,1.700661879158959,1.6154629216125747,-0.7038608336083616,0.3961064011690475,-2.0414796914202396,3.777237092732228,-0.20075427550436276,0
-0.06711363541750447,-0.6981027538566527,2.9160112644403773,-0.17424308096830618,-1.3344068642345965,2.23605423949566,0.38396027227671037,0.3591405512562565,-4.172436222259981,-0.15600778520647718,2.9608074825542765,0.723512947769473,0
0.09085295531826278,1.4875246150858645,-0.9405852644945614,-0.9826439388573939,-1.0583169182032415,-3.733968809037946,0.03780252495443748,-0.29704762659442707,3.9904099426540536,-0.7760682115641722,2.387431572642853,0.30677796116879197,0
-0.4527133156529511,-2.7394658108131305,1.851140496925332,-1.0692490548237037,-2.4500423146888997,-0.2932676951187724,-0.22439864249019692,0.5277596884907295,-1.7429311562343601,-0.942357073488975,-1.0845741129405462,-2.1645552422548535,0
0.11042717796764612,2.528277759455979,-2.47368375328368,5.563111304129813,-1.4861322000721533,-1.379868623968067,-3.7071503369525085,0.29599226299525216,7.364127048536527,-4.526337559386472,0.5949473429357923,-3.9736933147084383,1
0.6494290594184414,2.912954565008566,-2.2159950806604867,-2.2655333549746968,-5.998488058898903,4.7444313028703196,6.062338374158982,-1.835909278080065,-2.8361664215870688,2.878084229680598,1.6110239835810314,-3.7745459090247158,1
0.512194924926752,2.810021061851022,-0.1335750761634007,1.6218671684965684,0.32406308143586915,-0.08554178545156499,-0.6868306535322697,-1.0058312742901665,2.925361614697599,-1.0619979844241205,3.5920109004118683,-0.4748376622334076,0
0.7301396089483292,-1.4001582744378256,-0.833061436892885,-1.0161623123650172,-0.3307821196819294,1.2083027349065945,0.16692695206482777,0.7077258209120026,-1.166373294440657,0.844660484764364,-0.6654271546731383,0.23597223388191169,1
0.5767908201771559,-1.9509547848356885,-0.6307120310349488,-2.95772805092277,-1.6693422338914639,-1.8814061978252274,-0.14620858859883445,0.16334679234676006,0.8113529187305232,-0.11782117741557885,2.328462166325645,1.1886530194220235,0
-0.26947783273453596,-1.9414216094085144,3.5268104968456675,0.45069937214461314,2.4558472052058513,2.0995682349718785,-3.298005916048738,-0.3364762307723904,-1.9235746745263729,-0.006219726438232098,2.637939668933253,0.8111249406820483,0
1.4941791848629409,2.3483745639748967,1.2396295718408672,2.41899302439768,-2.371771644344072,1.7607327795691337,0.13988244270383765,-1.3575748697569563,-2.9300400594448694,0.5929460344207076,1.8342169487065543,1.0867987789418647,0
-0.23096113911903812,0.27159182857263797,1.1267080076890277,-0.24344663784261994,-1.3791370611523246,-2.387863260080831,-0.2983769835112935,-0.1572621940434692,1.6261080369070036,-1.015524461333543,0.4658563193612796,-1.4936968692163064,0
0.22938052449455837,-1.9278773080715728,0.03687614750097323,-5.564456676669135,1.284168442870492,-1.9593919816804797,3.1795808901749463,-0.5824530674659023,0.7994134789308032,0.9818903005159066,-0.6388618681094573,-1.0504544766494937,0
1.457898029487947,-0.027713418529847766,-0.8585497195294902,1.0484275808638945,0.04870045117729194,1.9156607034173865,-0.5817851590960794,-1.6175590718621204,0.6183004083535454,-1.8013879706855396,3.0331377995207314,0.20684831040540153,0
-0.39775397579106625,-0.29923351885831073,2.8619243379147665,-0.6172226046901457,-1.2867674968748757,-1.168718578651195,0.1641607407954273,-0.8423812097141761,-1.1631055230822156,0.4844092765283302,-1.3629028093263615,-2.1654590448041144,0
0.10707384685767947,-0.7808935622744557,2.6897781009549853,2.247347913902616,-1.016368386817291,2.515582772223868,-0.22003946440840294,1.0029725630143327,-3.982112743242103,-1.9705452688169882,0.8961653831398151,-0.14084375520296577,1
-2.0649425621139375,-2.41680043597707,0.6881428346065237,-2.1014595973524255,-4.199197756137913,2.7706159109130812,0.27867475615250836,-0.4559456701700142,-3.265799293190788,0.6809953625664993,2.466214051328264,-1.2180776093796362,0
0.8506180300719632,2.799993119836942,1.8373563515856532,0.09599940597285783,-3.3121565638724135,1.0160349135136149,3.561164718036461,-0.5922037818523167,-3.232267044030373,1.0338736490624068,0.5506987982152918,-1.4373349611811113,1
-1.024072838440276,1.8689823684753444,0.4872403575555748,3.6220493159547034,1.4795458384709628,-2.5582717486443673,-3.4707246094116857,-0.10748713710071557,5.053073647042093,-1.5562406014612569,-2.07068248443026,-2.8340902133667525,1
1.2714932370714862,-0.7168247368553211,3.9605032255210904,4.475578206807977,-1.0947012492009487,2.713921153562066,-1.8760269917756378,-1.1893023803276894,-7.455413739129658,-0.43720808847171244,-1.325922291181123,2.759097721299746,0
-0.5534869117223504,0.2762410462168913,0.6805751428763486,4.833666004287788,-2.488612370252299,2.895810983716256,-1.9876994076653252,-1.0074615814530896,-2.8671800261201517,-2.058899633801185,0.40623114585549047,0.2206037768826924,0
0.4797385500687046,2.143405239259555,0.45281546052264066,5.166797354252126,-0.5969523153576779,1.0824658099356892,-3.014885416927653,-2.226161413276908,0.6194108053687017,-1.600348018607422,0.8826820940517295,-0.055583197795882056,0
0.07009808550509432,-1.2975904518421104,0.9552950448720116,3.1487488148854674,-1.215487960345894,3.7228359385925667,-1.2885284028634345,-0.5686200879573721,-4.212938024648542,-1.7813313590846171,0.7533678394921836,1.1215732465124937,0
0.30692473230560585,2.739132153890452,-1.187458290545464,2.7465476051273545,-5.130924014485174,-5.806461131388144,-0.16600363276503993,-0.43198272389273606,5.4532353238758144,-4.117625429508132,-0.31828305286764647,-2.8572549496044735,1
-1.6679718827477528,3.084164767290635,-0.42134662036613557,0.6240723556131649,-2.379920834044422,1.2992091026422041,1.4793724674942617,0.8610065124499576,0.7515229568732419,-0.48501499274309445,4.630118611587619,-0.7365980131949825,0
-0.470398604045888,1.1751443724980055,-0.2465762770791189,0.2818959526522911,4.44560543771488,-2.5693571536741415,-2.7762143433584408,1.538692120363512,5.655268072264905,-0.6730790692607622,2.301055831282538,0.8493400484913917,0
0.6025874288621784,-2.792026060067725,-0.35470973400366357,-2.1756350626878493,-1.6312894709348362,0.13165870945962044,-0.673696208408358,0.5886841365271467,-0.452967489148586,-0.29866561554836935,1.7112847521313954,0.33009238304278155,0
1.2259698378236104,-1.9354998528153944,0.5581141122923807,-3.0723973041458654,-2.1512628262043947,1.8469467524233139,-0.11878932003053455,1.817287559917934,-2.4320742773799315,2.172470231506615,2.956911140962746,0.577212073798824,0
0.05496730174823001,0.8694557859075636,3.008452916712543,4.330393365755518,-4.740618186127493,4.638126566723532,-0.3160548112103667,-1.2060585886479696,-7.600346698510991,-0.13349197335665386,0.9996544394186252,0.6393819162466865,0
-0.5957018570379464,0.46503982846747416,1.675926727877354,-3.392628831140204,-0.030927914551158286,-2.2299731560125,0.9489230096459674,0.3331444710128143,1.1966509638712535,1.4766009698811908,2.3677710709678434,-0.46394599990683905,0
-0.46658077368996004,0.024886966558041013,1.657335078384972,2.296532400563128,-1.0032784636264187,1.0005431345855418,-0.8134930356277225,1.985196869547588,-2.237499387954679,-1.6181986825494377,1.249426837195046,0.8516944228995568,0
-0.03126825976612934,1.1401248524619114,1.2587881222399815,2.0224152059428606,0.33505089655406994,0.8049681160538481,-0.21348107030636743,0.29301814424762,-0.3105251369698018,-1.7288313966805309,1.7637883938955317,-0.08531172878762328,1
1.4573400738326518,-1.0130034129476082,2.5046142252354104,-3.4032825261084905,-1.38716912138646,1.3788081783778265,0.6211802579860088,2.813773217610624,-1.5591632780536049,2.662865553470746,1.111368349020087,-3.06878247899058,0
0.9028853783508245,-1.0946160762492403,1.086530779851526,-2.412827178528965,0.12533154112660294,-2.3826128641185633,1.122934808730041,0.5594891253174787,-0.06718007559128673,0.009013979180722442,-0.35532060649848707,0.2543707429458739,0
1.4185399725468226,3.034271174123226,-0.5762718779371547,6.697680303606123,0.8064348349392607,-2.3601067761423966,-4.269811150186182,1.1086201776836802,2.305267283683561,-1.0836071043036564,-2.8321459851224136,2.0241022769067234,0
1.3503396436847375,0.7498602061478881,0.03347873929177214,-1.0827316875436133,1.2643125944339522,0.886544588064625,0.9515740204232391,0.8901119192344248,0.38462783879489365,1.8200942280274401,-1.0525004641919273,-1.6296754856408344,1
0.16726920297139503,0.43152598308042034,2.007735785424327,-0.06839938812370264,0.7610664608783071,-3.5946003555257517,-0.3389871938635176,-1.5542039809289303,-0.08556711587886891,0.18108972741898544,-1.084509353806796,1.7413069729932777,0
0.6484807900912738,-1.7208312885378378,1.1149273737794694,-3.2899379017004953,-0.44835335129216913,-0.933922119973679,1.0303766401466425,-0.7805027419167028,-0.542949167399545,0.5726208599819724,0.8160373299505158,-0.4756146114226031,0
-2.6243771570600316,-1.7937666930462068,-1.2801027912834164,-3.5381947954231237,1.0614591950317251,-3.9264831318478692,1.8022797395121866,-1.3267626981657248,2.6609278719986666,-1.4801584356397504,-0.16382547346208254,0.8127645695641128,0
-2.034550992744701,3.5362602566831445,2.2489479805744557,1.0617142934594281,-0.8170389999182579,-4.121839441780747,-0.4503842042880455,0.8538185006347442,2.0909133476736197,0.563506196187965,0.5872382853937782,-0.19819590601132142,0
0.3317440868702807,0.2954973900886124,1.5502588919124936,-2.0738594122851977,-2.352500403988996,2.5098712543904607,0.26893274751229057,-0.5176785676212998,-1.8455163612746546,2.4051561946072693,3.9239986654025336,-1.2001587809609675,0
1.404960462308215,-0.37020598027102136,0.3870591747321761,2.875549575520659,-0.04061651112457665,0.10449457783891947,-1.6283277139270687,2.1727946134924245,0.5082578974339207,-3.3039552034520554,0.8021980601914622,0.04548305303851263,1
0.2199086435299302,3.5927940930859097,-1.565276256945392,1.4664780835254378,-1.8178703783473322,0.8818171599409063,0.5975016672312365,1.5284633835285841,2.721554346098015,-0.8085153816114967,4.255980606772064,-1.0272338551332716,0
-0.9234576693451902,0.12484118623618223,-0.8245772399655147,1.9082539060084462,-6.543381907591315,3.890425426122328,1.7035643225993935,0.08413557489772289,-6.2531386148887895,-0.08486139681565241,1.322440205793177,1.5301064312369843,1
-1.183646499661574,-1.142443851703017,3.5264019894306458,0.1291462187873173,-0.8258015136801939,2.8720626352672127,-0.9225221093504569,-1.6118603187180318,-4.390626095308628,0.372211074140675,2.949950536112067,0.5566742343843796,0
1.63485856757083,2.974128973156138,-0.9299040751435468,-3.2047787510639143,-0.7942663934725054,3.80186150896144,4.528306513000064,0.002567461574228357,-2.556007430435972,5.1590727006887604,1.6822506281037584,-0.5243264663011493,1
-0.19074419059520686,2.0006306106307994,1.3655471205582401,4.477541962344669,-1.3339452780285876,0.011472391736261356,-1.3265543001397158,0.09340999423118351,-2.681426034816146,-0.3596655704447419,-1.1216925850910568,2.147406262610097,0
-0.825515011426967,-0.8040173055748385,2.689274043637152,-0.8686284215362424,4.209399569618139,-1.5766834211436476,-2.7831539694071354,-1.632405736069908,1.8487310938889072,-0.04995809011418617,2.461442074504773,1.2490175571994249,0
1.3497655576971892,1.5573576337337447,0.8568781773791049,2.2586188076460276,0.5416186306881965,-1.027429613869892,-1.7624994581284175,0.15712444461511982,1.622928688537082,-1.2356257723337538,1.5874488879928603,0.4698881857488233,0
-0.5536053278966546,1.7710644335757872,0.6457082013344293,1.7613638342308349,-0.866477054683719,1.1840165580546314,0.3926535702178946,-0.8873193651961194,-1.1646538236522053,-0.3688869826006421,1.4845646902070393,0.327195337261988,1
-0.9237133843801912,0.4369063496077825,4.71121491593171,2.445860099443544,1.6398934111285923,0.4555398785854048,-1.3868031515971504,0.15139225079785212,-5.489176794858536,2.1832891367177614,-3.168554031823808,2.1376226037250365,1
-1.1063214965541743,0.7876166928700692,5.755661659370728,-0.755722617279855,-0.3192373891099517,-3.4109549822262113,-2.2914086004042584,1.2919932344685752,-1.9430125061670553,3.510553089573749,-0.5578628427916479,0.577762312883501,1
-1.1812893665853537,0.4742105938676896,2.8910399711423516,0.30596825774071074,-3.1111310103709062,3.0457274024676644,2.909781320261128,-0.0387723545816909,-6.339540442534732,-0.26914958571824243,2.3220083786792753,0.5255570179225277,1
0.17430032805650775,1.658219593054227,0.1574931598735092,4.228864481545743,-3.4050534989564385,0.8760643461176065,1.0452990326822418,-2.740743168830242,-3.6586403582319016,-2.157015893165469,-0.5393258863322521,1.705292218839121,0
-0.12201144954964623,3.3906301602524307,-2.2273686964415482,4.758979539507111,1.0199676492703178,-1.3673572034472232,-2.931205946547159,-0.7939745879205382,6.723378711797003,-3.452201573207242,2.0887026791685326,-1.108280663279893,0
-2.100663897084256,-0.22487148912358879,4.131910932750511,6.597861611648632,0.5669868617935514,2.3399786015742574,-4.605329617113121,-0.9240797387512043,-5.446467456449338,-0.762638741215567,-1.991191064915307,2.413953610486227,0
0.2957980572492692,-2.0231931782892847,2.8730514817535124,1.2374264315287515,1.2126987703180139,3.638570398645091,-0.40246900742236713,1.316393837201182,-3.395972994050764,-3.1123886259925815,3.2507720200336236,0.1548478248566998,1
0.3174951239201289,-0.5700987337843335,-0.590411148462221,2.127069697082115,-0.8153971187441007,3.712163357608828,-0.9538959031833096,-0.7410538833480614,-2.272332756643624,-0.6813356397420078,1.021695635479944,0.5124443253180511,1
-0.36883170493084544,-3.0811053499039516,0.6631147972160538,-3.50109673222748,-2.89563677040305,2.9147874519080506,-0.040949200861092105,-0.4950689027578776,-2.69752786195914,1.731676805678819,2.5430901757233717,-1.3460384158762857,0
-0.9843751852765915,-3.1688180793100464,0.2581568835329925,-6.6924099657688245,-1.0868289960737154,1.4955992062795982,3.025346971125192,1.1527559561785192,-0.4522000348851975,1.7707734804838733,1.0466551380313518,-3.9917618397812147,0
-1.2030331987013245,-1.0561769186575587,-0.5592835307552972,1.7392658483352306,0.44987292178950944,2.4797761096907567,-0.31236830695326556,-1.2690333644183267,-2.6462126030231876,-1.3332222357504344,0.6103597068474178,2.3988208970539073,0
1.2886284773499979,0.2839400407326096,2.769091054864461,0.5932112981823616,-3.9526932335081657,2.578482682816387,-0.7894297770102845,2.103972806530194,-4.018037249430624,1.5996751625170642,2.2398822892826242,-0.9025937802303444,0
-1.696628404599946,1.546391565363134,1.8133389822813661,1.2448058819695742,-1.3331803505332216,0.6258356089950846,0.4905889159210579,-1.2366196098973534,-3.4389950716437485,1.0258032863027635,1.0005119754133942,2.085289363435015,0
-0.5065960111080754,0.30386919485211616,0.2513745870266585,-6.278829665169716,2.5350499382077794,-1.5191655972255889,2.7260062523531516,0.3224294852514043,2.361726006650884,2.6086045823696504,3.624537210870001,0.042559107075101466,0
1.6791597890808965,-0.95088639035994,0.9439792352225668,-0.2734734948553209,-1.8392201953586138,3.0297005728838826,1.661159442208103,1.1952204889678175,-5.619780022153712,0.4188352153593238,1.601710117778881,2.351728467220389,0
-0.06055461716355501,-0.30132088198525,1.4460965971626218,0.7150202457208146,-2.910137633103283,-1.638396505097221,-1.4216719579160826,-1.4794368596944507,1.429269794456555,-0.7075089266246932,-1.8062509333045456,-4.170004758478155,1
-0.1943928039899187,-3.6354560062242576,0.6300214539640147,-2.913559755488309,-0.8960533663306065,-1.282717144356683,1.0476097122157684,-0.5165884417382725,-0.45780072534984256,-1.5980771097080457,-1.074152872447725,-1.5299578265572187,0
-0.33764406752543297,2.1240337401915643,0.40258505674615386,0.7138623790484018,-2.634272390031719,1.4252761477767288,2.340603045301026,-0.4977350485215245,-2.5596772664309557,-0.1998398244602706,2.7491810943297357,0.963487555479991,0
0.596608160081783,4.027615567908311,2.846068226116113,3.217661296914315,-3.055887295905169,-0.2866200170321409,-0.2662750226092788,-0.33422485965396576,-0.9886765991316132,-0.2732989447971702,2.637976900478396,-0.6346042873384126,0
0.23852550444072748,-1.012441880110849,0.8198636234806082,0.7682132679078029,-5.274168895616287,1.2134221216740668,-1.6318286152226187,1.0192679214428155,-3.143724715292312,0.8507528569964289,0.8925424674388269,-0.042392200169984795,1
0.5240880779003685,3.1704788828807158,3.3207077509520553,4.352935746660063,-2.357317930196177,0.8153610928847383,-1.217621187967691,-0.6460096629836325,-3.715471372019789,0.7109010414179266,0.5975989208569477,1.128399804965875,0
-0.5899939221174603,2.129935070998016,4.835473768963963,3.9721941263320084,-1.9217571931984438,0.023471273215311728,-1.9160541148045809,-2.370069078768013,-3.784487300857981,0.10420390663667844,0.5838451233890295,0.6764465624864477,0
-0.9609444958055584,0.5064787244601003,1.1955763807859459,3.6072585506114074,0.24964488397899443,-0.5568783973388736,-1.2552759922856724,1.8464640106438919,0.8104048829439248,-2.0708106185516137,-4.003992880769784,-3.0794445149675544,1
-1.4936373725988472,-1.5640881905763466,0.7222144151547827,-1.7788658411310565,-0.9381629733000126,-4.329489434490341,0.11190450928594242,-1.0924038867033623,1.6720018836206267,-1.2649882442405311,-1.4863855838554283,-0.673176213132739,0
0.8911691331625703,2.19886090258629,-1.0655975508782949,1.2081746109399072,0.7055505022469784,-1.6460302928223398,-0.803966293451726,1.0331677386745948,5.286322851118728,-2.657905988395621,3.623999154053586,-0.986528913031054,0
1.5128467250280795,-1.1938247058505411,0.03923812194347509,-3.9489195579825265,0.918163505226407,-1.3182947474002118,1.1091877101615373,-1.4669477270480307,0.33126526677255147,1.3116035449398273,1.852217938908355,1.4318186413520055,0
-0.12500197105142072,-2.2909355962187754,2.5892549485712486,1.316961989998044,0.4811004231955762,3.8888960982042198,-1.3388567226108978,1.2384618670097245,-5.024178260025284,-0.8751015653201661,1.7730725226000983,1.5953906330274692,0
-1.4951858708375312,0.5494311522780353,0.16427960356271876,0.6894831697649094,0.03463002907070467,1.5537630660540742,0.10662838974378297,0.11366164509364729,-1.2949833800856654,1.029973905006047,-0.712087123907877,-0.23426928243667988,1
-1.7428099767974317,1.3249369393063248,1.6517821455721222,1.9861011696642785,2.2389090689918665,1.5041886145776528,-0.7697488534296741,0.45593386840552286,-0.13891296663458552,-1.2006621985604784,2.530072915943741,0.48706454402434596,1
-1.4965198687074068,-4.183641433012052,-1.1977227056235402,-11.110369947289005,1.984540328146815,-0.5995897057901394,4.317044389712561,-0.042687481018160806,1.89301993398937,3.1674820131969574,2.067841345141565,-2.067092721249759,0
0.7787282836389171,-1.6679002237182325,1.9860827117587185,-4.7105105626387305,-0.6025876627631069,-1.0882383890236045,1.802457074665878,1.3413338298777708,-0.4268411385716812,1.8513369211013462,-0.2949612386828542,-2.641031085829908,0
-0.5014983900620853,3.0736649962600437,-0.7612389127603343,1.3706336853315502,-2.6936986756875916,0.5315820547923658,1.70376374316151,-1.2408659201431969,-0.713752134928577,0.06932361544905663,2.186587870605635,0.8383271409528606,0
0.9437030812228411,2.122910369864794,0.0960317742812049,2.3045566655996397,1.6831676365341366,-4.315174135315512,-1.4525474159580978,-1.828859235642104,6.0710556631916575,-2.288747848062826,-2.543709348271994,-3.1522348830160074,1
0.27531919354120665,1.6664764599850757,1.700126201902303,-0.7349608049837272,-1.9189264900068541,-1.5268099060448708,0.4283536822665245,-0.6845840730687299,0.25633913872908276,1.267079434736444,0.9847874685261977,-1.188116545297179,0
-0.7590600820148101,2.7911479335617844,1.6891916358466394,2.947603046490868,-3.621058034302722,-3.091422350023614,-1.5899664975982657,0.6216601832420064,0.030939259334766517,-0.5599393417036396,1.5525348065114195,1.4908000464566369,0
1.406322398797358,1.8051221223569247,-1.36016294994644,5.773354619223736,0.5794468449419488,-2.0263216692462196,-3.552414691106355,-0.627268026660081,4.931919110768128,-3.3323095861109153,-3.0747245626421527,-2.145361120998525,1
1.2892683081700074,-2.4699255216915055,-0.5101424453854015,-2.7625774944971235,-1.843331315251493,-2.1956846881597745,0.15077323960232114,0.4272151673836682,0.15645730038997793,-0.3821954991104395,0.6837950660324073,0.9823492610709046,0
-0.49288863015504736,2.8435462001954503,-0.4494890349297478,3.4966757428123802,-3.230568413403001,2.46085181088148,0.7197148504225057,0.6020441011012858,-1.8709811019205138,-0.9607007818591993,2.0862944843199083,0.2581897558255303,0
2.5280944022649874,-0.18562276559045565,0.8690920962855758,8.420236616079935,-2.143659991734416,3.1770351076933405,-3.748419293952835,0.4078146172853182,-4.63340199934597,-3.222367651221421,-2.6801288656718767,1.6202353998084469,0
0.5492424249590311,1.1868819805163615,-0.6376429966927106,3.0357562412543055,-2.480605908644897,0.11423753169048001,-1.3491063450436271,1.9661830182918059,4.115957230870984,-3.4821048905405276,0.27263283466408494,-5.495557793578762,1
-1.0140102302973477,3.9455686339402956,2.7616449941603127,5.758015648437541,-3.213886583578779,-2.0462428302146574,-3.374849509295089,-0.4678826678367594,-1.1258586670819442,-0.9131130278338566,2.9602812739833055,3.229086119986629,0
0.34905283124039227,1.9217204144399824,2.6324727303771267,7.3621908439395245,-2.5253264355262566,0.6978414524558738,-2.685381245352579,1.4412087992738774,-4.098167275356818,-1.831474215255329,-2.1027318776053865,1.4927365729677922,0
-1.278349949797314,-3.9950533302881293,-0.8710898698009881,-2.836635657931673,-1.6292392581427286,-1.9758854779983972,-0.020492411150234036,-1.0511115166578788,-0.4112709379829116,-1.2144216379893162,-0.1502412638833046,1.3133968307945847,0
-0.0760174838121148,-0.594887349996148,1.9982385407230245,2.3995924007176,-2.2924754312666424,0.6049005826068616,-0.16332045232831005,0.8969301379741935,-3.2781775762855943,-2.6329103199509993,0.8056946878886768,0.7870254354908894,1
1.9719404904741797,0.31035452445064604,1.865483724257537,-3.4617535712251093,0.7557280353479798,-1.1806647278512423,1.2841889534979767,1.8707373687876387,-0.03198233334034778,2.2169969016437086,1.6934884387099,-0.1261740793813424,0
1.3179952296137258,2.059850601224356,1.212456843316179,6.812270672164746,-4.34617326257472,2.175233089640688,-0.6499892075492132,0.05736445483480125,-5.379254162615326,-1.851410863418664,-1.5994966413094773,1.4694129298447831,0
-0.05798377849268729,-0.904441909968795,0.3190807564015893,-1.6901913192532305,-1.0498768495095487,-0.8544086821704333,0.6053520410022375,-0.5870197851311048,-0.9968544894797351,0.0415469872151194,1.700687855989853,1.60268848109606,0
-0.21255277377509588,-2.1003311877736315,-1.0158953862158002,-4.156171390336513,-2.3821266344591745,-1.3531028538224126,1.3368142779614596,-1.2096803201263606,0.8378962452066301,0.3530104833061789,1.2967299300713173,-0.8526396910210046,0
-0.40402997776819655,-2.2203820997524026,0.21219641931925592,-0.641410755312282,-2.638931130278819,-2.643538123449021,-0.8489401364705647,-1.4004227641684341,-0.07891402652219813,-1.621837535509254,-0.22490004191284285,0.6141814717655558,0
-0.3390998789635256,1.3516878987706133,0.4886569479293956,-0.4945302478772083,-2.6287238739806593,2.7130215895456113,3.191063545410221,-0.6314238704662789,-2.8666761726573404,0.11910217845368454,2.4064194709101168,-0.9177075629854925,1
0.5859075839931882,2.061049893660392,-1.2410803591927224,0.8846842329089595,-2.695864024363811,1.161850829363092,1.962310900680903,-0.9816916262193194,0.7891182332396115,-1.4655446269286134,2.2035113178682426,-1.7985672427584496,1
0.4264501036799486,-1.3548688789304113,0.28313290284379034,-8.820035189937457,1.269970189797316,-0.5009229973050131,3.4289931584284656,1.7488170580290576,2.067293295810732,3.922143267745398,2.6582350841741604,-2.9143177079823834,0
1.2061972258037021,-0.5040805297819062,4.450260635703712,2.0456600847686626,-0.12297872200017235,0.9105112846078522,-3.7827359202528146,-1.3772391081027942,-4.046212168885663,2.793017573814802,-1.8523599367899484,0.47288884764121053,1
-0.5140979271380698,-2.1577737166231103,0.26781542258663815,-2.489691468738081,-1.2120283186902225,-3.4817813117783025,-0.08259206941866992,0.14713187375778172,1.3998235724563675,-0.8274819496507895,-0.47591899390294934,-0.3529399221616235,0
-0.7085064323230834,-1.2171749531074076,-0.47261550740471203,-0.9788801019696416,-1.4773843721592261,2.9186958826645073,1.820159862179342,0.06244422100913063,-1.7914839408201813,-2.0704858230932617,4.065010579777574,0.12190491718589813,0
-0.3495442145485852,0.14068458513888427,1.2408905736100122,2.888914495786905,2.5113507581640118,-0.03956608105034709,-3.9039510942540665,-0.1556052910822341,1.1518505796845055,-0.7937309388645526,0.6278663659057153,1.13152179724949,0
-1.0908813700906828,1.9025023283868419,2.7871357368845784,4.012741706811465,-3.664017696481968,-0.4451902552322936,-2.6305239239898217,0.4198079209510378,-2.6933170938458693,-0.28209353432841455,1.9400500531198956,1.8850180688031957,0
0.5669014178851343,1.0669819359339847,0.6567422235077485,0.7964093051016481,-1.908527169667714,2.2913822740693073,0.27942665673549927,-0.9212207324801533,-1.147250713826987,-0.6268953280717169,3.830397813912394,-0.3686561606437695,0
0.5433918806722658,0.5164834814210522,3.5530291809331316,-1.9296913263368634,-1.589097262714494,0.07971996188181418,3.9052249592483084,0.08881759243715562,-4.022604747688001,0.33873269311579834,0.42935920865847266,-1.1094897693552468,1
-0.45732796173183093,-3.6370694177043967,-1.9819756063457614,-5.257644016426887,-2.5350659812163805,-0.08466238249468838,1.8916789097680051,0.3335921552559786,0.16445481821973681,-0.0925570152619648,2.0175854976711385,-0.5508690888683265,0
0.230182676103732,1.651920885893115,0.8874285235882692,3.540095976009922,-0.43222738152870377,1.0875937584384796,-0.8849495743066931,0.07928129448621352,-1.7626792782018739,-0.9241247903663096,0.6534077374209428,1.5055761192343233,0
0.7066801926468356,2.1169240821890303,-0.3828356383207496,-1.3273915632230215,-1.255849774022904,-0.6294727868556054,2.6553888071476575,-0.9093008248600171,0.3568781869434582,1.600299155209901,-0.4801982948390453,-1.3522726251862487,1
-1.0530650703663826,1.089900266343263,-0.7572919559441291,1.3676690671438843,-2.6042752722165323,1.586254152303966,0.7447000527768984,-0.6177005839365707,-0.4241384148621644,-0.588903079394635,0.3148091418830481,-1.7098126202510935,1
-0.1605058062489643,0.08967687816027092,1.6732507351374648,2.822389497989306,-2.6018930580751234,1.7832217144045543,0.19960691372277195,-0.931234853135001,-2.856442514519346,-3.558521560857758,3.0608866464900593,0.43981401395018493,1
1.1681168834856663,-2.4403228053012134,-0.02446116482584748,-8.69503454285991,2.0189027278267173,-1.2667006624524701,4.143305453188198,-2.3053029043414544,1.8691519765375655,2.3578279716297335,0.989495314590711,-2.589178595780106,0
0.6051605557692045,4.0337659863118756,2.955640826586091,4.020276379993506,-2.484201155105098,0.5502176015459167,-2.0895455806239056,-0.7376884299747977,-0.42380215837896107,0.4177004283329804,2.6520058657780647,-1.095047171248595,0
-0.4877348163814126,-0.673871360227756,1.517994631314078,1.093345819828534,-0.23820879491488967,4.224330041994547,0.2898574100854927,2.163210386422542,-4.873061337767678,0.2973895102437314,1.1235836022228523,0.9972929339169609,1
2.5522008076144256,-1.548285374967225,-0.11770526459071329,-0.7304713236853654,-2.802849490458339,-3.430550903301164,-0.54146115040445,0.20332312109974232,1.3638253023502835,-2.0533709455363347,0.12216788945901469,-0.12226662621031736,0
0.2854806973881267,2.698493466074151,-0.506623360734348,0.9409335143773634,-2.8824227385383123,1.8320825930185476,0.9043394746169218,0.11225632145833629,0.47301486560991984,-0.3881488029079099,4.37678850436163,-1.0646971411217234,0
-1.4587053343066616,-1.6943193882904173,-0.012844929870438504,-4.269066877906613,-1.7031243623470433,0.24782216502268706,1.47675408976143,-0.7757461987075197,-0.4260761957786255,1.0416350216083454,2.8988151364497226,-0.48654918468732344,0
1.7144608146373053,1.4829942701927532,-0.5473116156045923,1.9819136772219519,-0.14371535311040684,0.29957965249924723,-0.9916311871850507,0.6349109003754947,1.2567864163286915,-1.0643724383132351,1.9744255148716883,0.5497116410469916,0
-1.573963888376577,3.1750633623360236,0.9260242530488122,0.2593653015289769,-0.2668628428338413,-3.0251476100557655,1.3927489917958462,0.683655676066208,-0.18649032853403058,2.864409901814697,-3.450094285063594,0.3560293109971615,1
-1.9033301729623202,3.118710823212928,-1.3312235604605998,4.992684698920178,-1.7909973487733128,-0.5116150057000075,0.6409285390304882,-0.33356215013518015,-0.8934693168123916,-2.144864018136082,-1.145902650016799,2.23597022427988,0
-0.5845053013757192,-1.9938307638755979,2.6181985198858957,3.3931348713921587,-0.9924541688442661,3.9349310998019162,-1.700640045698502,-0.7401937857018979,-6.814921802760568,-0.961700197473398,-0.3483637396440171,2.2496475488426384,0
-0.12930556080506472,-0.042664931064194,3.8503103483979557,1.1718183022442241,0.844911447789626,-2.8764810391823104,0.1724543301808824,0.6611027358651214,-0.9330502954236847,-2.684006444652831,-0.5233057551427489,0.1822529699377946,1
0.6181691430415325,0.8698474715211498,-2.2366168512891824,4.300195782652105,0.5833797802062595,0.9098935610843605,-2.1336190613273005,-0.9397322672774271,2.105098012796576,-2.9823825867399405,0.4230721248212742,0.7438410726107736,0
-0.592808569430768,-3.3263298486002255,-1.0808723320558378,-6.182421643419428,0.334893254917648,-2.528431895257139,2.4575541552811657,-0.4534475207755086,2.3031227160668117,0.0316884635501522,-0.569645605900782,-1.9217844670549098,0
-0.028975689417386787,-2.367823775114933,-0.8178726080351983,0.0029130809070783176,-1.5625195167480164,3.600173884418221,1.345427695966623,-0.0834283453501513,-3.807230429023833,-2.0502265496982055,1.9936322420252046,1.401334518395442,0
1.0994628659292158,-0.6283655285989243,1.105501117934904,0.32910709759373485,-0.516986937857681,1.8388436415059015,0.9290564325457648,-0.30697744873300686,-1.3216167664124543,-2.8274438632193433,3.5464787041165753,-0.20673069562669866,1
-1.356122951958708,-1.3739779692295064,3.456416430641095,-0.12252690183728722,3.029948681950308,0.7297807877769455,-0.009291788815251278,-0.5756450397308194,-0.595540520093812,-2.2429353560511522,0.7254005957939172,-1.8005648543295822,1
0.6547021380428657,4.965152323287718,1.1888087353886883,6.452430125025225,-2.631104707239193,0.18586062605841402,-1.6409903975318783,0.08812148433690141,-1.1730359820186227,-0.121528843338782,-0.12468119768491959,0.7976510303918661,0
0.4650322881771112,-1.3864638826779943,1.724270814686983,2.720285342435011,-0.5386499101989866,3.1088710569126303,-1.407773076672799,-0.6056282973069892,-4.618500448219977,-1.7160962210350528,1.7653426893690054,2.4906393394904933,1
0.8549158024891902,4.182797803791599,3.9887837815495466,7.548088935970114,-0.5575684177786224,-2.350425086257636,-3.9267760309833357,-1.0500435175652583,-1.4105759731960248,-1.1576760659656768,-0.4785578860819041,2.7447367652708263,1
0.5026867132376958,-0.04614294328784385,-1.6933948101142193,-5.489897565167527,0.14312068492693153,-4.433745434067674,2.57074975979702,0.11876653129317624,5.01388321132835,0.08723564882624679,2.346341739244372,-0.7109419570980938,0
0.8365222590105786,-1.9364308221649766,-0.29293240013849675,-4.988262144610248,-1.0701312001958143,0.2638337314183823,1.4448241240090178,-1.0956415861759539,0.012728786012747134,1.9119219881511884,2.0530160189752653,-0.9671589572792519,0
0.28349539560449055,-2.5117624534604115,0.9352357786494293,-1.2592400537307207,-4.847247424568211,1.5759208369429207,-0.783833253995341,0.12598708320673782,-2.860065809103977,-0.04238797950695483,2.515784170678464,-0.6640497721654104,0
0.07291391523847521,-0.16376941466843142,3.5725302791499933,-0.8020019663504326,-2.4745806169931908,-2.785111631182386,-1.5826931965387852,0.9488827139260945,-1.552524591528113,2.2291238495942545,-0.9355151212481523,-0.36426937897826495,1
-0.450248980231054,-0.739921928184426,-1.74620974922647,3.747914548200695,-2.2070403853134657,2.010805183219679,0.5113994005294853,-0.24372755617706462,-3.297046667605839,-3.1753182732084326,-1.1766950770532838,2.192969322374264,0
0.08951997445712194,-1.3526093166939324,1.4220097273833754,-3.8354748434772885,-1.1551230761258702,-0.7749036257219553,0.6669360641034521,-1.9082221208421248,-0.3232057374994947,1.8834031434880778,1.0172466731698744,-1.390984944905927,0
0.09636803513622248,1.830403129517006,1.1300090346485343,-0.5291220710402383,-1.3584554692988111,-3.351729326575923,-0.0796064594188004,0.3781962218842857,1.226206641680024,0.7870888484222425,1.3037637591959053,0.831863975734338,0
0.9390157965049035,4.373885063030633,0.265101389928605,0.5630397934021042,-1.1292507592782366,-2.525316128217686,2.1109783975756553,0.7000927694814336,2.045784871569533,1.160141999100201,-0.9901308035486824,-1.7485992451913424,1
1.5279859647004286,-0.9715010853414963,-0.4496824514086304,0.38982469224481336,2.103045379260533,-0.37500915484032205,-1.1540028115307603,0.9848326522774787,1.2478131999992959,-1.7559631465875611,1.3114423645053663,1.5860018335454913,0
-2.1563491564306836,-0.2523170593666725,0.9255389942025437,-2.7414265533254674,-2.7800776342788978,1.080450389129815,0.35973325948143653,0.8683334457430366,-1.5571167672780324,2.159447236212454,3.9565506516302924,0.10386512480409471,0
-1.6319426974252371,-0.29510305369568446,-3.0254135185695192,-0.7486262025964091,0.9002021854147659,2.5832423161890343,1.912540955492287,0.5288480319242226,0.3825833001470727,-0.8148338712397432,1.3960848537305264,0.4897503569663988,1
-1.193481161036596,-0.3493684469417724,2.8153071821381763,0.14686654044253614,-0.6099656407995703,0.420212750305372,1.2653057803428565,0.04006201919660107,-3.8214700261303727,-0.4391285262343415,0.09524885028554675,0.7288146518763461,1
0.27127935980322915,0.4383924462509661,3.232821615635483,0.3219529760576547,-3.9330307879530504,-1.5139588814723968,-1.3650588125635217,0.260136037502086,-1.0724270960283524,0.7583196638971293,0.4439248443714411,-2.021960315878268,0
-1.8590212155943167,-2.8258763649714695,0.8608520386688087,-3.15779953537795,-3.6461293366407115,1.247069018227088,-0.23337782570955024,-0.5560230581572195,-1.5068939053307715,0.8885921174851128,2.019405061909217,-2.1140245721028936,0
2.1592817279692,3.06291402653836,0.1572613663116209,4.515246866836454,-1.6263187380798447,-2.1207968587276924,-1.4924474675980215,1.0451146532323952,2.550279237790765,-2.7698399568642924,0.453671054723108,-0.5786527907628556,1
1.0484106984343233,2.1996670876121645,3.0121776349147464,1.4321633322247203,-1.691656782314005,-1.1360622549451909,-1.7202810116517688,0.9409140075625563,-1.3913289570502159,1.2028335141616078,2.9562010632455453,1.844483009377797,0
1.6553901787696024,1.3301986211429302,3.49106909571846,-0.2437688432241084,-1.6086508222991591,-0.036130195107894725,2.572373094786289,1.2146578504455596,-3.945363996726406,2.2334422897510517,-3.744115066012859,-2.4582871220506695,1
0.4815787910976159,-0.0021429270143917822,-0.8512989089767469,2.33839114808913,1.5745591189930677,0.45615672074927394,-2.4672445055042385,1.1746262869724908,2.0552471769655525,-1.9477204569977427,1.3705927026048204,0.7391550627407115,0
0.9390088460322306,1.484058492085819,-0.5064540530156845,2.104936728438973,-0.10598948315243928,-0.43380405991893145,-1.7772843235652627,0.5849961007903224,3.0587064873425582,-1.8467256044734468,2.4947780641238984,-0.5531402650206327,0
2.1605534499116223,-1.2181759573848254,-0.06560416098169974,-4.852275527314295,-2.0361447020913657,-1.8961771023756966,2.0069917907021146,0.8550007822525416,1.5868350102963211,1.1352548551131216,0.7156807857843167,-2.6681776632685006,0
-0.46327322909625795,-0.08689816912610371,3.2179857875056324,0.24261959386068213,1.5158995992308042,0.29496937204080753,0.5510399097109844,-1.534224197662032,-2.1652214598356494,-0.3869956093463327,-0.29882423970896044,-0.35748394963164276,1
1.6595382461876076,3.4112643457634726,0.08632289787135872,3.25798433729715,-1.0335359599520708,-0.18133048562916865,-0.7193160868459517,-0.7126618501640737,0.7066698499783574,-0.3776922723038356,1.5329728303177501,0.7142959375234598,0
-0.45360885999510464,0.48282328069381164,2.3060816641627753,4.572508688067941,0.5266218544987393,0.7950260929468403,-3.247491487283801,-0.8406463040790128,-1.1734036273498623,-1.9432960370520567,0.35197969387121464,0.7607847226961504,0
0.03657809191554122,1.4009787863722367,2.099581655519419,1.170851244418011,0.9964554698383163,-0.8054740099864939,-1.7747285950734688,1.2487957618762289,0.00974151756284612,0.7246475441203231,1.5315004403025825,1.2791217794040433,0
-1.8113276020403732,-0.29333729317614066,1.3014879314017935,2.3119006143142413,-0.42228634313936764,1.66446818419885,-0.933779641372122,-1.655575490653127,-3.071873990877457,-0.9202523849508554,0.6389058694532233,1.7420507162759968,0
0.39756169744330866,-1.5115408600247622,-2.5558597880974423,-1.854790226628565,-0.8738362375115536,0.33015788571675686,0.9868270901235596,1.6726019598191295,3.655653803798232,-1.5012399766794182,-0.9411505750619034,-4.6924101139200545,1
0.2201325041227707,2.308420686589975,-0.4452508833359712,5.187119273936501,0.7780773732343071,-2.925725361522711,-2.512000120596213,0.20877629130429587,3.4257207631697257,-2.7159040813756024,-2.716068881120094,-0.20820728190042226,1
0.6853806178937663,0.33122910644143255,2.586165527745771,1.0166271195074448,0.503386633400509,0.3282840306549253,-1.0872776951459318,0.8052013568720773,-2.4011776957324926,0.4928309602957295,1.2429173098022288,1.8438765452675387,0
-0.059102548874879195,-4.198803235871865,0.37803792957108884,-5.820179355734008,-1.875867722768749,1.6608462881680035,1.801973652461014,0.3173316602613403,-1.3149913251590808,1.1515669382452358,0.8893454440180448,-3.286775584417445,0
0.38045699717982434,2.095493043737872,-0.5091812235432602,3.840685307536271,-2.7536578597563137,1.0950458664938838,-0.05478369835351449,0.5371004001001184,-0.8487186544892263,-2.048429844731669,1.1636528898136258,0.2982239639974905,0
0.2839021564589002,0.8104679055188015,1.6089785798945173,-5.960607569500362,1.3422519868721148,-1.213561189828879,3.2326171545763374,-2.352182886144807,1.6805229397136112,3.457757153989065,1.072253249955677,-3.1714886717436506,0
-1.188782732018874,0.6963604256111784,3.848177734323962,2.3431875765628383,-1.0687879493575785,1.6065095751585852,-0.6864038034576793,-0.9560231697176664,-5.82030992863061,1.073950080113368,0.34563451302604253,2.3551305230391555,0
-1.2464247515947438,1.0933680171721871,-0.30904366130968364,3.787724325703808,-1.6150699270245576,1.4493649797746437,-1.2531645550822557,0.17325303435637632,-1.3059604190429168,-1.3451095293080413,0.3698885113168844,0.965040663511731,0
0.07639566105427802,3.377695467529361,-0.499776659053067,2.0696097018328596,-2.4843644415631685,0.801600088717285,0.7726737461837152,0.27339814209251995,0.7573429483513305,-0.8265569657384465,3.2935553232052714,-0.4630451258879875,0
0.5327555163341854,-0.453857633940111,3.8855754886849794,2.148624404863967,3.5120273323759585,-3.305465024943974,-1.8556088732645635,0.7889535717798074,1.9326794324817125,-4.087365031967529,-0.5905532420082644,-0.8139225717237302,1
-0.17910763758113754,-0.7171895138170192,3.561315636680981,1.5561985418709439,0.5140493490827387,-0.3277630973906813,-1.3529205787305392,-1.4643739762559527,-4.185323238049662,0.1118178733874744,-0.5491281479325041,2.8194979467321755,0
0.1519109394170272,-1.1664156052244907,2.9889714678703827,-0.0316642138459648,-3.364256032767835,-1.2121039234409825,-1.0682460716845537,0.15177381705199802,-1.9028396974612296,-0.22688473516302743,-0.20768927491685485,-1.474406065988593,0
0.5566534360227708,2.3264307806774642,3.8052690532006666,2.7629832298775185,-2.979622632094242,-0.27156435341017016,-0.3534846641447318,-0.4863960097675313,-3.7788065672514377,0.3565992731490668,0.9409533148284834,0.8645697852276668,0
1.57863362220015,-2.5828071659835077,0.5230793514140557,-4.3692715143545575,1.1466098702628948,-1.9312712442014213,2.2058029596765314,0.20795953899468933,0.6572260641702962,-0.22790745628034248,-1.1918652778125436,-1.4475425312925496,0
-0.3166918722865249,-3.0796729156749505,0.9393792963202614,-6.5278085017199885,-3.009243335255421,5.0989918044825595,1.4828784706591684,-0.04711290362145529,-4.018296745390766,4.39412591954771,4.814642771861219,-1.7679163656934034,0
-0.2570152240411971,1.1026679285175438,-1.3949469893268573,2.2945451083474864,-1.52481660813479,0.4761720200586308,0.20008554319309413,-0.6250848167583424,-0.41956126500258795,-1.391554880906022,0.5334465591809106,1.2987545289285574,0
1.2386041421264162,1.4461589107100572,-1.2235031311603386,1.6045544959504943,-1.0553449091569465,1.3413828020960041,-0.03665017920983504,-0.0037832958023648012,0.280079106151804,-0.10602602022491214,0.6927550373129858,-0.21855345307575713,1
0.2571926836234453,-1.859484464611131,-0.2027836283533735,-9.405495224253574,2.9448203393941648,-2.4510304541265127,4.84625716954849,0.17117032341210245,3.34116087665511,2.5372051838048653,0.27651409254293857,-3.282946827860495,0
-0.494073831522246,-0.4699941108128163,1.1942177028734635,0.820159264380605,-0.018175690161845837,1.4732725170871757,-0.2581644242870682,-0.06961573202366089,-2.5331131004809433,-0.5690397997630239,1.5341196791630947,1.6098437428835508,0
1.3481087626759272,-0.858242481947163,1.4825463778348118,2.0138697903850495,-0.13031073401890336,1.4581032549218411,-0.9096762893690724,-0.17692292065879214,-2.1331404439832324,-1.8185951192181604,0.4264914661072249,0.32458791426542066,1
0.2672240100119995,1.3896723297925426,0.7159179131866545,2.092146778301539,-1.073268726500829,2.1625344250124217,0.4699080067887039,-0.24653264099369412,-0.7157375933697122,-2.0296839102511126,2.8774628070381194,-0.8565186189497737,1
-1.0530162416722455,-1.305483802363434,-0.5041616495920338,-0.8659933085920678,-1.6828540244416976,0.8714324393232549,1.2161292546552658,0.9489558285815958,-0.3850496772125459,-0.7812016386332437,-1.1450461805113168,-2.5165531549809845,1
-1.1536280920928499,4.0246402975558215,-0.12040538016031976,5.069853253871043,-2.6331905389505037,0.31452400584870865,-1.2402097835263886,0.13902040220709103,1.2478741242175426,-1.7201341815714826,1.727112545223706,-0.7325150102726392,0
0.35923908697460827,-1.4256033936399164,1.213260321161515,0.5302744069327158,-0.640277466377386,2.696530352252421,0.5337437877115201,1.7257720983830012,-4.915091073798199,-0.40676525804523644,1.1200062660729546,2.3821701466176854,0
0.4467251606287702,0.39517446550476387,-2.5125485994016876,-3.8224402455907627,1.2414810617907213,-0.33707025410513336,1.448389610858599,0.025740779453876907,4.2864871304374015,-0.02653120330060299,5.226053076451505,0.09050209793374142,0
0.12225145371059734,3.1608559351111496,-0.43213375824707434,0.4388726272844314,-2.7571406249728163,3.144964566013107,2.978014585426356,-0.39918332384144717,-1.913017916604126,1.1060173052209343,2.5916904905016613,-1.0309449602230336,1
-0.5663751957284937,-0.7171053347962164,2.3351155760810007,2.175875426633101,-0.8434923872721394,-1.029267922956146,-0.2850057238617598,-1.510292142772647,-0.9627055668607334,-4.553969594027151,1.7622408633020523,0.3391685524068575,1
-0.6416807877744444,-2.3095333235132047,-0.63667679862663,-4.566946930666579,0.2545415561693234,-2.9601529049124435,2.0148711257580865,1.26106286519449,1.9347617522885339,-0.6979038101552153,0.23394176095744412,-0.47875405140726923,0
-0.0780710567378121,2.0209600915958497,2.9763059933654077,6.876136514010904,0.07569819383173493,-0.6234341325873809,-4.8534092911281,0.30418803354987367,-1.291395385201666,-0.8528032861917847,-1.884534392980052,1.3988405923656366,0
-0.3916115937631554,-0.7103583153008477,-0.08285359168548379,1.8566917478192935,-0.2900403226063999,0.5137375467265831,-1.5177895859049104,0.7599618028624457,0.4822911020600813,-2.5717395891565893,1.5261671521351163,0.240320631595504,0
0.14724640035550585,-0.363413938432656,1.983403778379055,-0.39566410365480437,-0.6363793850047772,-4.950061376932531,-0.8628102871704686,-0.8459491280020128,1.4805314837515473,-1.0083093233243785,-1.2476116629517664,0.019524452778172607,0
-0.5421604323628623,0.34976806319138,2.3440761003141155,-1.4443870040212028,1.5939900010410342,-2.4524485477357327,1.1572129331259873,0.8943232767191568,-0.27766324261016123,0.6971459132159823,-1.2592429334418846,0.04163191459807525,0
-0.34823591004752086,-0.6535013652508412,3.414420423508173,4.790531638115117,0.06712823613215768,1.9412569470054792,-2.9992262949582864,-0.07238564451589007,-5.377438247208572,-0.7954191319624867,-1.3830459553628924,2.5563989030165883,0
0.3088676743683871,-0.28133521840310804,-0.008407554311238519,-2.825004543764759,-0.6030974405006397,1.1781339028421782,0.3956643779221787,-1.9058030636877088,-0.06799428202664576,1.3311420061158747,4.65515257918533,0.7245781025054447,0
-1.366479037394283,0.9459168448757586,-0.8000582777703771,3.5964110950345853,-4.569608386577323,-0.7942296112697425,-1.6007480885616432,-1.1943365618771817,3.301190323653623,-3.6020132866972165,-0.6365871347733063,-4.9885369023279615,1
-1.0550758437481924,3.14505375268855,0.7988884920507344,0.721329007718623,-0.789023972751728,-0.9336447173449725,0.2473049726195955,-0.17908177565218122,0.2446283530433467,1.3348082132382166,2.0780112495420235,1.1242419214842214,1
2.332954475350826,2.787798133115321,2.7279033568110345,3.8047364592490975,0.5625076443858041,-0.3308406535535515,-2.9716430601081916,0.12400452566768633,-0.3398333728220478,0.68473449387691,0.8052019780582639,0.9722556316921508,0
1.3471211823426275,0.621728080931776,0.1694656989194332,-2.9732537850705376,-0.7965309803057563,-3.1165760031295417,1.1671473076433343,-0.3217595677027829,2.8522929697520247,0.2939303798463069,1.922188854822946,-0.9707002402180166,0
-0.6883420883597462,1.4394918316225056,0.5025572371011977,4.405499887123479,-1.6056572391833068,-1.4167505323239227,-1.5252563113761672,2.2125291779235914,0.9283365286707465,-2.3315891201023113,-2.6598340134647795,-1.5816310275883962,1
0.9483103884015418,2.4019360160998593,-0.4902934773547263,2.780921491294548,-0.7016359663127871,-0.6515974139644876,-0.4201619889443323,-1.5944342062463575,1.5377659207913548,-1.8098839248735323,1.6103414414694721,0.5062886688440834,0
1.0741428568656697,-1.394032927716548,0.4549562897144075,-4.565245796745356,-1.0089744477575966,2.5393139379457534,1.2247901257120646,-0.3449975796340617,-1.1669388551778208,2.375277385567628,4.187637151228629,-0.9835427923376088,0
0.307580729055803,-0.24831543087035257,3.1144526875239458,4.444507390283256,-1.521483337975082,2.4662899401289513,-1.1587060120077186,1.0562518889504298,-6.68510055362869,-0.9921620353831385,-0.974956092162548,2.5708122198696004,0
0.9829511017288318,1.686636894524123,3.3330507933447837,1.0756086808844378,-0.15369976821730158,0.32090198228938305,-1.5879762637354,-2.1722911685499446,-0.4085891667040377,0.3729202408261423,3.429435636958221,-0.3721602947582483,0
-0.15233278865508437,3.066976899368793,0.3073892010581294,6.57328498559602,-0.8321391716687723,-0.09822314939744037,-2.724410926552615,0.529463421283503,-0.4591942333384058,-1.235747497412706,-1.4169310956266732,1.559725495551548,0
-1.1746080171464313,-0.31707039478402255,0.8873880758531002,-1.3461335622519006,-1.6275372110072484,-2.0868832224143867,0.11740353624289002,0.6124158879216707,1.0448555902190786,-0.12734357986528377,0.1366048791861968,-1.4838872732668604,0
0.9528662436161549,-2.0794595128938034,0.10096431433294539,-3.699646925199392,1.2028526401264368,-2.905676254488271,1.851335358960558,0.5967656722022158,0.9945011270176746,-0.5941165365266023,-0.7493691246946004,0.1952643829852676,0
0.052681260627319225,0.9132090116597004,4.720938658891558,2.662148725044421,-0.1564165835403437,-1.5304957008387623,-3.1318443292929725,-0.45363871893914753,-2.77099158973938,1.7614922806112991,-1.9398204020076568,0.9094156969549827,1
0.12709887801685368,-0.8418205826797467,0.7925702453040643,-0.09976948409999196,2.278810251482543,0.10685264502598635,-1.3903422256477758,0.12052059985420562,0.027488941811101307,-0.3566246445533675,1.702144449162084,1.865279626052503,0
1.855683737825131,2.678828961699269,2.61375792337598,4.703893364474338,-0.35786233163477255,-3.3607114891246765,-3.065436688719849,-0.7398214678394026,2.6717997944018457,-1.9420008785974978,-1.661839699309768,-1.9231068871456944,1
2.528334864830002,1.536966517582821,4.1964110117664335,4.823777743764038,-1.1906497014776138,-0.3494881047974878,-4.092425523301966,-0.6051529556117539,-0.6953655888910165,-0.33586078830207844,-1.4793966881368492,-2.2965880368353897,1
-1.3190105255398579,0.8915400862197965,0.9166395957018153,4.003538869961993,0.6928020918633848,-1.245314029664796,-0.959718007213216,0.5431676066115614,0.9543046193010907,-2.4062305054956434,-4.413223258525202,-2.228199013579303,1
0.3165669419162265,2.2118447196933433,1.1236690679291765,1.8251898551937953,-3.4197780842358254,0.7714611133402842,1.928388913685638,0.9539766597317043,-2.3832862054307045,-0.5137112877824208,0.1954446358330536,-1.0903103037081658,1
-0.4457183932569427,-0.30641762238553927,1.9791061237020653,3.512028924956151,-1.4877107933519607,2.0308228079175015,-0.7560934500055342,-0.45573071873522775,-5.168253648281673,-1.1333153948367891,-0.4957172328395967,2.1934769191689276,0
0.7512814535905831,-1.1577444812834856,-0.18721258055281154,1.0753018248805912,3.2981117479332402,-1.860094481447288,-2.0797628689175474,0.1133221300196113,1.316795980178754,-1.494331100475831,-0.7341216428004216,2.788422106252988,0
2.364660831109038,3.5242667728847037,0.3989750865650252,-3.613591291597548,-3.658683548178163,3.5151494166170134,6.9317884708127595,0.08159149014189107,-4.347331439592433,4.304062808454884,2.0517149759261817,-1.9071207247038422,1
-0.7693084584710725,3.2503855399142223,2.058880024205922,1.8943405817065018,-1.9548357362218676,-0.8916329861773722,0.033631694975819304,0.7946626208161669,-0.24809727025709502,-0.04475729217285307,2.3663688187676577,-0.03063592243152824,0
0.5360853096387206,1.5440785852194296,-1.2386412412917132,5.01850801927274,-2.7495863868125294,2.3624238465154983,0.11725440405245058,1.0470683127512417,-4.172332804699801,-0.8862974753143906,-1.6734509547772678,2.7058705645911028,0
-0.513776889998562,1.2385572964594314,1.823920064358434,1.1403101469180654,0.6172470028019539,-3.470113357985059,-0.6679905049600494,0.5114950609817216,2.004330666459649,-0.4860050758127119,-2.7971937377105522,-1.757661904284701,1
0.5573576032577703,2.655999408228306,-0.12731493326758248,3.4465694991584708,-1.5631811629676633,1.8670699762293004,-0.6733660823480991,0.13995876195598925,-1.3373177191508185,0.11641052061315449,1.4085612876110334,1.0882722965726488,0
-0.9632977573738258,-1.4187319998978294,-0.21770848864258707,1.5175519177165304,-3.583967340301178,-2.796654136156876,-1.9198786740309504,0.8771041468173801,-0.6330424435953484,-2.2474485006112124,0.46059400353075597,2.677283260079535,0
-1.3034782783942414,-2.1854915930404504,1.4831151438246033,-5.723217979459235,-0.037784340479859235,-0.5057968258398244,2.6015185674007903,0.26780642625439816,-0.7652161365040686,1.9516741483196811,0.22283976583888765,-2.1303856901497613,0
0.319075780816177,0.4487965896975631,-0.10102416648427592,2.4869832357473416,-0.6370386356023015,0.6556057642236743,-0.9818553145511992,-1.5880488902524064,-0.7662605519192657,-1.3751627190656104,0.6629117297626166,1.2203265939278722,0
-0.35060207873368715,0.7211633116162066,2.2737045879839544,0.5462739538790713,2.0157797122653016,0.5099968512359969,0.3062505133576463,0.059811732744450216,-0.21904755963377842,-1.1996678985574616,1.748381132364742,-0.42498649405360545,1
-0.8295473548921033,-3.6034558574005358,-1.6486879363422031,-7.130396906893129,-1.2089497158082172,-0.9331975251333569,2.828679687298936,0.7588857148564202,0.9961195430237004,0.8904982174814174,1.5969092671787604,-1.1636958762280951,0
0.44011902795567737,-2.465362061413779,-0.30390217997105196,-5.690585661510023,0.9602682155591378,-1.9678787272864067,2.2388782694410603,-0.4540345719798747,1.864760897305681,0.6699539998516857,-0.04977868074345282,-1.7070657235994733,0
0.5102045763384514,-0.5038159280148367,0.7556491444287426,2.4277380214565825,-0.2486508931998762,-0.03506877862103108,-1.3819337711685082,-0.9958646509034158,-0.8047533612876622,-1.9000037267063847,-0.6231794007875957,0.4965360712215725,1
0.922686216978571,-1.376315019276786,1.2042645336885258,-4.788679172933472,-0.058332846524025816,-0.8585185187034975,2.0494016318189052,1.174148947221075,0.07987051168100985,1.8126432223695934,0.23670802185856188,-2.112888735866407,0
-0.9606351099314685,1.5694353006847919,2.3748321075074026,3.1661821756018513,-2.660951455988352,1.8029972321556955,-0.7218087933450923,-0.24723698837200664,-2.6955418888195046,-1.052207953047916,2.1482959059643334,-0.3008142271821843,0
-0.38071781482609945,0.5046916047153824,-0.07737601459663646,-10.298500617667893,1.8847379591089592,-1.4467302141329665,5.638043088258639,0.27340765424206914,2.711022830428303,5.097609497651769,3.4918588754878166,-2.266965717620745,0
0.7566190857840619,-1.1373756437187734,1.8138855185842735,1.79082046671875,-3.096082556147891,4.990460638829543,1.2527039076186237,-1.7968162040574684,-5.372767937336296,-3.187148915088362,4.192610263011495,-0.07290125949851001,1
-1.2838314422288362,-2.921957472638047,1.2756214614325314,-2.286434788230799,-3.4267412836672446,0.3152245127792084,-0.09881602997896866,-0.8191301984003069,-2.2347050359024982,0.17984674922567034,0.577317754173343,-1.3125672967536874,0
0.17892238510922132,-0.37054747471910543,1.5871144208427963,-5.792049981573049,1.656719789375201,-0.6501054946155003,2.5191649455961755,-0.796290915680613,0.6527645247008373,3.206480154406989,1.1039794268870857,-2.0020419629572643,0
-0.12264281965133295,-1.4817620299576542,2.859577283948558,-2.792247638743787,-3.0391475493837086,4.043350770466878,-0.3258237132923556,0.16133752169889395,-5.298230546100442,3.847934708149209,3.6561323466934086,-0.19639339787724397,0
0.24976120828141918,2.318476755951121,0.33133550080860286,1.4015370619699752,-0.8090979521688549,-3.3017825957409466,-1.1171903302398096,1.9594905567601117,0.8952753624424591,-0.27805065490358527,2.806581837377238,4.1024894488290835,0
0.389114561358014,-1.9988270443441056,-1.8951034501679085,-9.42795421843069,2.1208231601083423,-2.9554434356635984,3.8934688869811365,-0.3034555403154192,4.404360819645688,2.0619704579827736,2.736804801374535,-1.0407945733329262,0
0.3730006821694822,-1.420195175649988,0.1338940554066037,-4.011920051569134,-1.6090931594616338,-0.7904938076200987,1.9369772450784302,0.19891337597323214,0.5069625841472285,0.42564547555625953,1.282176776474522,-1.8933413161882193,0
0.37586012490709714,1.9753224629345487,0.933557040973293,-1.8666889954430077,-1.1296146597351535,-1.6885547166729258,1.3579577937183547,-2.3213944800908286,1.0925138756896586,1.346037109284435,2.249458019252678,-0.5518323589365561,0
-1.042253270754863,1.8796895470540398,0.08349944361741568,1.9756882964162756,-0.9564731882587524,-0.740639774815748,0.2828716649950007,-0.22690499305125872,1.8625111612975915,-2.0228640799162707,0.45312996357972923,-1.8556193105510905,1
0.14177491080165924,1.1610349368349158,-1.1931781496907643,1.001925730334162,-0.016724444490950674,-0.4876081890024877,-0.2744069344974651,1.4110238374215915,1.0028955619201947,-0.410859940884868,1.1010385730014758,1.5425776036503356,0
1.1740155278353708,2.701076795653125,-0.5502220201557422,5.863963034007202,-4.355580348556295,1.072649496898098,0.7391445200187181,-0.1330722512142253,-4.643347299127539,-1.1840231521130258,-2.221710860525613,2.622069058010104,0
0.743039549450524,1.9721182536494488,-0.5546944601765293,1.7655036358466523,-3.1753994823511156,1.225281126995184,1.386983227974619,0.11484694391432328,0.780599906882311,-1.632450296780783,0.5766002175117775,-3.5494311598571837,1
2.1294271219537766,3.802124485775186,0.0018235628004463766,7.007373117524429,-2.35912582855646,0.3082220111498424,-2.209051678604629,-0.4478960875812354,-0.636490729273484,-1.311118661546316,-1.0786661387406702,0.897649389028091,0
-0.10130116134375915,2.687910371862409,-0.037549732816838155,4.621877687760558,-2.812440638673052,0.20594476185989996,-0.21802155688939961,-0.2232076983276974,-2.91850856578798,-0.1686457327728761,-1.4668576051288271,2.34314062971527,0
0.32476370331093424,0.11205622956745376,0.04933694146843104,4.47873702629341,-0.9280727810823844,1.9519330965511488,-1.5241910566153174,-1.4634069587110217,-2.80504088759907,-1.84371867849412,-0.7754271106093868,1.86143644463338,0
0.052683291178216046,-0.2010585406395411,0.9163224209761482,2.8783617743401972,-0.8063062742254049,1.626017338704535,-0.8030283570336565,-0.8545646661542715,-0.3129369943167778,-3.893240686230268,2.2270956915461353,-1.0209425610540912,1
1.2040003523538592,3.2408400506908235,2.923821871830069,-2.2596700159503027,0.2315335363843003,-1.22443326758049,1.1362074986165802,0.8544062240838032,-0.3308997350181573,3.7946549426737497,3.0866013164493356,0.49477478565475885,0
-1.850159684643445,1.554664265947037,0.9293535277376868,5.479676288453766,-2.0102237202304534,0.1259074622007359,-1.4378567609721766,-0.8176070612328912,-2.418605555445811,-2.0460110224948345,-1.4164402566689018,1.5432305707155114,0
-0.42789082068036144,-0.4799420168284527,0.6692683508710765,-2.5136376639893854,-0.923378439746148,-0.9897984654470857,-0.18617629910709654,0.7757420851582295,0.16356549189168415,1.1438909089248608,3.0589287477687592,1.0275815619267887,0
0.3976536026731461,-4.053889840450907,-0.1589512865191811,-2.5363201825752095,-3.0561118329639325,-0.6622168062209228,0.21403625223972844,-0.7256384742603359,-0.7015475120694032,-1.3160195297111978,-1.0256085227237377,-1.976002032976562,0
1.122286513475154,0.2791885962805254,2.0597630610400035,-3.5588019627813225,1.0222883903348183,-2.2383604896210905,1.8469093539051122,0.24178345289408937,0.5376528948674505,1.9504653752196377,-0.34065562287775597,-1.3302511039694613,0
1.1243005992832014,1.6755784379598584,1.3452678810669565,0.2855939296739148,0.8748803199610939,0.7675894536390799,1.2275781802528105,-0.3424219359351744,-0.259156933359865,-0.19400478433113943,1.501440942337232,-0.6944927277715758,1
-0.6555722284381322,0.05654239133061556,-0.6849435458204243,0.6817687339878638,2.2482883323693477,2.89382413173768,-0.5923157517170636,0.675238428720398,1.1941634398501066,-1.6289394028237745,3.752081780940086,0.014875161631754175,1
1.4079982876126595,-0.06305731651728963,6.83484772436536,2.1313091073902832,-1.8940556001747288,1.4820487024487745,-2.05480025483267,-0.8137510224048997,-7.705779458495461,2.801486378961113,-1.3079262077364608,0.779319163915559,1
-0.06937212867222169,-0.03290548585973774,1.9704077417080028,3.2841800448589225,-2.9419879092351735,2.245231519322968,0.6110963870475621,0.7387405614339745,-6.758382351047171,-0.8661215642988461,-0.7268794276100934,2.530549755567586,0
-1.2464551089210432,0.03105864831400107,-0.09707312230881171,-0.6802541184510409,-4.330580364826791,-3.109686235139149,-0.21463755753461267,-0.09169151282363068,2.178239395300104,-0.884516638460767,0.11702746932582908,-2.3676061323288153,1
0.201064150763898,0.3724771721817153,2.31126846960529,-2.4407033410618397,-0.029961205370147237,2.363933040743617,3.5346109201164544,1.2027422553043947,-4.7166708420187575,1.3631039864571464,3.1266806806735445,1.55259141195069,1
-0.09424568430038625,2.3903491588610084,-0.8309861247845669,0.3104869566548455,-3.2504041850891534,-1.1823575724706799,2.112892544474997,-2.3383920514418364,1.091159434114145,0.0752562378414654,-0.9631166118880161,-2.4353748717353323,1
1.3154316860790807,0.2686222676235086,-0.44223817952220257,2.965641195762578,-3.9353111487698267,2.979298687593475,1.4207926722973587,0.6022750783020787,-4.689085289941899,-1.835583523994407,0.4632337479510493,1.266067193547846,0
-0.508816784406111,4.039975357553407,0.20663074954193172,4.3743604044161435,-2.0982850761563396,-0.16928702197194578,-0.859716404620609,0.943203250005648,0.4710854669862238,-0.6464899929221728,1.109726951936404,0.2640840216294641,0
-1.3383703368429778,2.333231567795284,1.5090240314413639,0.939065244755678,-1.8624015944444323,0.08158788532272065,2.080774651018047,0.2504354455887342,-1.587036047771248,0.010503208593674707,0.08044961669588102,-1.0866656592254487,1
1.5162182403476765,-2.425119233265634,0.3840772478109131,-4.143371596956493,-0.4195316191266003,-0.8379505972575777,0.7152864925802254,0.0720825987976789,0.5206611949772948,0.605731212895799,1.132256021380218,-1.121991415229099,0
1.7813874312679263,-0.41365200931396084,-0.8096094842865598,4.168632847553295,-1.7469218963702802,1.983124654278031,-0.3908398532042705,-0.6347466875241123,-4.360065041847072,-1.6416372596965791,-2.012993584929863,3.0384614892140744,0
-0.6845861504533566,-0.7111019621123025,1.375369654301572,6.413795243876563,-2.183357898335126,3.5147926447462647,-2.0232942790019273,-0.5533179028554335,-6.300290517297239,-2.353129556280353,-2.123160713591843,2.236629550232139,0
0.2639893208056627,2.7401111280486976,2.90562875061348,1.1299799780730402,-6.112378027076972,-0.2588657342985028,4.13638736876791,0.1416487164438645,-4.089640731331669,-0.6897280518175579,-0.509912449896992,-2.7569823627069794,1
1.8317279951857943,-0.2954816357986305,3.6422022839824395,1.2709551281568787,-0.8619310310958709,2.081907083092321,-2.5032912351830636,-0.035449546773528295,-4.15062956877948,2.294797051800191,0.46183515322647084,0.5317700444080811,1
-0.16621818273634034,-0.6670173366866132,0.9557256663683643,2.391322770898462,-1.3321781526195777,1.7441181146972622,-1.0985613316066247,-2.2729683110749273,-2.7660765107723577,-1.440504937448058,0.7079233662461879,1.063120354787776,0
2.2297985095418125,-2.6667182830835996,1.1115692206683416,-0.6365655061337071,0.13294127329282568,1.2873050687591585,0.4648420165667062,0.08749808746481137,-3.2837536376923246,-1.6910929903750545,1.3574528643951422,1.9490655197577764,0
0.28329918960571726,0.5387126649132998,-1.545723304466494,3.872573181057992,-2.8078551361125754,-0.155086139565059,0.2712154639736992,0.1509843703595649,1.506941374970006,-4.186852678235429,-2.6826643159950705,-3.340556030203198,1
-0.627834874511648,-1.4642524375364094,1.3829692064723822,-5.332591621078246,-1.4152282930068678,1.2611254879719591,2.1958429997098343,1.4037821968946973,-1.240084326889094,2.669156201148916,2.096160805151114,-2.5943229160956425,0
0.96655227072645,-1.1408033833231341,2.5187216964338868,-3.9850725248687624,0.8966026795366402,-0.4949093778957998,1.2366903808344012,1.8190538400374934,-1.5057406429695939,2.3528413842293343,0.7636762756072718,-0.31389846845426206,0
0.21102705243290867,3.183036563225646,0.5877303409899539,-2.8073563122716885,2.4486403606901184,-2.26785060987074,2.890468830315208,0.13886328811585041,2.9365761100789896,3.021158580446129,-1.4721270973116285,-2.486102113875278,1
-0.2253014646845856,1.6396095236095063,2.389873101284319,5.036840921170835,0.24687478153538223,0.016771546451979646,-3.5965882572963386,-0.2379807464700386,0.04121789799603287,-1.752429774920696,0.6377485285782095,0.242156573665687,0
-0.9936522119326398,-0.939656738619105,0.06842910900098653,-0.13955323247449694,-2.1882307831488133,-2.8883247991292302,-1.0821524640455986,-0.041013581017526134,1.1264828601812875,-1.5484010347073283,0.7709680978520839,0.6611628730233166,0
0.2959063106262079,0.2988263213624849,2.461222567204569,0.5223129369944174,-2.406177348428139,-0.6783477289359672,-0.5972578147196366,0.4449319234674019,-2.317059306398301,0.34863518615231326,1.1509908816564178,0.7097607009877633,0
0.896857164238308,-3.6823661016695493,-0.44793287523219205,-3.4382402304420583,-3.57045623512707,0.10438895018156802,0.1590297516828003,-0.560290476986782,-1.3006955312159034,0.21646781584149288,0.8614957444787875,-0.7852521109615062,0
-1.2482895599896757,0.8309606554226296,-0.5322643821990698,1.3090319845585012,0.8102855983667678,1.4070643087549535,-0.37995605894084283,-1.261129633412569,1.1702414477974847,-0.7866273611735144,0.6698051257003178,-1.1347008213405767,1
-1.2004581744663776,-0.6620152443432821,0.35699227176620996,2.9900462893903654,-2.5394567409397366,3.1248901952117674,0.9868667833385445,-0.4996758580042209,-5.876038342631244,-1.7520589071232198,-0.26718092417751294,2.347174859226019,0
0.00422778355866651,-0.3428891278733097,0.7820918460316478,-4.482558371721204,-0.2870523385050614,-1.667442460779717,2.6160537366968315,0.6141037327266312,0.8820630353819349,1.6420385997134912,0.09096564590708978,-2.1582540158212287,0
0.6187244927392145,0.743734269537394,-1.8942603021307272,1.1050179028424596,-0.7822693170939115,1.6090263529291504,1.2409504677920369,-0.6167900982834832,-0.554416192829255,-1.4896349655015384,1.9702654005608675,1.4958460463922023,0
-0.9683894235085843,-2.8604407172101514,4.5499739737837235,3.687836088673949,-3.020937219035362,4.4344798924063635,-1.0571742391140952,0.9244269153037605,-10.487797893541508,-1.076399775503359,-1.1570606343528533,2.4387783438726753,0
0.513722515990043,2.9999916665820887,0.5579256882472363,5.444326815298958,0.8021319348832339,-1.6285804405551927,-1.8737123796049135,-1.3215889394307856,1.455912036306904,-2.283770895342826,-1.264350353355927,0.8061297311880422,1
0.9434340018463422,-1.291963183817511,3.022516487033932,-2.2871353780522314,-2.3319498826500773,-0.6711502708586036,0.24119423247953375,1.853708866968216,-1.3730263786701373,1.5374266946524942,-1.3521085450573795,-3.6172401877800597,1
-0.8605925218927689,-1.585096706873344,0.6175589723525652,-0.11416962005921158,-0.5785717311383434,2.487376767596225,0.913370091442576,-1.1246971886568005,-4.239780078039139,-0.5405019667161908,1.3719162394383109,2.23721957868423,0
-0.9430636062760758,0.1195119672482372,0.59665301696667,1.481487573817423,-4.710208456206923,4.108672684503608,2.2027159578702884,0.182076625034909,-4.752432544805825,-3.0693177365868354,5.696109973604821,0.9910098392277769,1
0.35930824656822136,0.6873866608958583,0.5552188069323296,3.451256764055213,-1.0055951122734261,0.10940249858940898,-0.897527469988513,1.4205674960544619,-1.6828623407794447,-1.811169076587996,-0.2873804039154719,1.6332915885871648,0
-1.9173946988053125,2.1063740344733572,0.4087848426207218,1.8089063162297783,-5.232983130558991,2.7893190199248394,2.8940730569402753,-0.296096667004279,-4.373883034306989,-1.4713647383207242,4.014252160709926,0.9260134001507623,1
0.15880431578801094,0.32153424840399025,1.938787388236092,-0.9010480778648514,-3.5440423083406047,-2.694530869753701,0.8442712707569173,-0.9660535408728481,-0.4203520475385489,-0.05570713555897722,-0.3462417656446961,-1.6537392410149665,1
1.1910784350993415,-1.740348772219138,0.8238413102095172,-5.45161849448245,1.259784825868639,-1.6308089045096121,2.3421146120581007,2.2237087547625,1.3144638169534246,1.0370113602120392,0.5018161081235628,-1.8973752194676154,0
1.5373350676514965,2.471265027628495,-0.13011624427671586,-0.6311714922466647,-2.978833269666724,2.0214700236832384,3.549316805200492,0.31546108701876063,-2.1908566572056705,1.1036436699219547,2.060664993712457,-0.7768065380730251,1
-0.62745620327486,-0.906760097397761,2.8042450317182546,2.1829923001277054,-1.6409999838742868,0.013030069573242375,-0.7282085355610615,0.7150936621840713,-3.3484682111865043,-0.2092056531142673,-4.500056687378211,-1.8249580742920233,1
1.682901594232545,-0.8280951557883802,-0.1601285211592991,1.9250677939365153,-2.3064226983714073,3.7114072465981747,1.5892348197988748,-0.27231342667237507,-6.976156623731565,-0.1575044364022119,-0.5168896827903833,3.475731055831321,1
-1.0717560536431954,-2.584054519153997,0.522295139777615,-4.059066277944892,-1.5319692425542482,1.6838420977883795,1.3160995096794008,-1.3022901105669138,-1.2930442318898643,1.1063523205211672,1.4251559577177473,-2.226229279780684,0
-0.749365679251627,-1.338458885115664,0.7814105047267244,-0.7450250124503208,-3.317461969354605,-0.7631230947159008,-0.6558356046560117,2.6536270622195985,-0.7087374216445702,-0.2651816788212049,0.5583901738822623,-0.9593050534673541,0
-0.07652791855812388,-0.1716918719574898,0.8603443948855433,-6.001323650596568,2.2011631786215573,-2.316877124308262,2.9098785090093524,-0.32469837077203106,1.9207558554904978,2.7945017610805354,0.19466528344670597,-1.5617842775379065,0
0.8914163374113526,2.2217950265829174,-1.30382862332117,1.962087821753802,-2.6483598370548656,1.8530326629658591,1.5709016817817778,-1.5434350255270737,-0.6969463308931326,-1.4317778402090071,2.654464753249458,0.22967299806971586,0
0.07006333015319584,-2.7517375630595358,0.7825278376335463,-4.06669799802284,-0.9045310150287088,-1.434395720593974,2.1838014640741576,-0.11075963578005336,-0.5684562804433616,0.26077902215984505,-2.033854713841396,-2.3441684228858337,0
0.13291092374544547,-1.904382488398774,0.2235740538507649,-2.5053489274364398,-1.0270828721346814,-3.4535236536414002,0.0022364769286128405,0.6998099845097588,1.1144609699120684,-0.7594548982918947,0.41397355211110787,0.7175872685421758,0
1.0962249719098525,-4.8549538344840535,0.3783330998134662,-3.8924374394493593,-0.8801199057621188,-0.7406609047137628,0.9635449182034496,0.519846079869472,-0.25765583520198576,-1.6752423525027225,-1.1012553143723767,-2.420497777230685,0
-0.09084167176213961,2.808647442584067,-0.19879161765542408,4.056053918762271,1.7661045222542238,-1.3483874736410235,-4.019074947186853,-1.2469945471326531,5.486010305707926,-1.9172817214518068,2.116774625235565,-0.819242915250227,0
0.29955752728959084,1.4069978083672103,0.9751667501082918,1.948027302376053,-2.8553309327426195,3.2421080466661807,0.25041085587564993,-0.41633459272015116,-2.5921348698893887,-0.5289699516045743,3.3318936389863487,-0.4083095816174529,0
-0.34814798272395947,-1.1054555334137266,2.058676992393183,0.024292661491362107,0.39953912312673134,1.5559190864894363,-0.9719058535948675,-1.2926596702553892,-2.559674140307675,0.0443300841617873,2.0165442173804506,1.2809586336734478,0
2.138230666116834,2.4642760131670443,2.1115932196985163,3.1847489484909497,-1.9694535287195523,-2.7795783981125126,-1.1506088717127585,-0.9562485391518696,0.7008411357925799,-1.3916918069251154,-0.29206667652505314,-0.5313258461290218,1
-0.5093785763960906,-3.689766155941885,0.21922785276780832,-4.298224931949961,-1.9663454751483913,0.26726074825817236,0.9565520050657516,-0.1080871455142573,-0.9468719152093381,0.22829145898309178,0.7655814109110809,-1.6729578860209917,0
0.4369982658099405,2.5198183074825,0.9702805750154675,-0.2864005290386971,0.27945119953746156,-1.0436766943433042,-0.39925699366073497,-0.20038760820880847,1.9560970848039594,0.922425548714956,3.469532687247196,0.22240426155560777,0
-1.2754220493512896,2.7528366493384375,-0.1715122151079571,-0.29855563464336643,0.7050047393804642,0.7552484521175881,1.5795733397896445,-0.5093174726882919,2.1692262476773356,1.1424103999348523,0.11678587083286107,-3.2260566482343864,1
-0.044963259150293595,2.8072375629991497,-1.627451600959601,0.3144206562782328,-3.7731462149312653,3.3860567310103926,2.926659658610602,-0.0846520891404268,-0.3547501105900756,0.5144430997003429,2.1254464219930513,-3.121486176549368,1
-0.1460369311091459,-0.5675696406931643,1.5028124246641865,0.17946307525419106,-3.030795061752321,-1.6146548145629889,-0.31074203785838095,0.12243014170776921,-1.0918835405027576,-0.41130357765312486,-0.92059679797422,-0.930072458875175,0
-0.3675248678009008,2.0132459679560384,-0.21548875586764327,2.2162618644041845,-0.03519929829615076,-0.6252696062674519,-0.8006567853897517,-0.10652952896688836,1.7804734133351194,-1.4383476411331728,1.821120161310616,0.435331209576061,0
-0.08159309037175738,-2.3766521477194162,0.34766959193134916,-1.964357805796416,-1.8143456366549475,0.4103195616261681,0.4431103530145213,1.1399085368953736,-1.4240623663251462,-0.3736128775294909,0.7262076096349444,-0.49957006873689136,0
1.319429700237557,2.7237452624916267,0.3886750230113528,3.227372167843403,-1.5873080681773226,0.04898967946001931,-0.4974125007717186,2.1686765576353215,-0.1945189606306635,-0.8522098913696666,1.2864629890505812,0.6197345498586948,0
0.10073547464481439,3.191389577837755,2.670061622676823,1.3199327630667237,-2.9156262579508407,0.8099520909907588,0.9524620368236705,-0.8236513951720695,-1.9758475177665031,0.34389413988888995,3.6713440372865054,-0.4300901391118541,0
1.5600174724114662,-2.3142641958291152,-1.5157172736113993,-7.265159893698454,1.8629447333850782,-4.016992294116925,4.396070368350845,0.10294001177274525,4.037860524105855,-0.6495656177520626,-0.1947461860970905,-1.8977818873772132,0
-1.6646034249282993,-0.9875593727532432,-3.043233292371057,1.3142096523506483,-0.2521851043029206,3.963496452327681,-0.7341141993485216,1.5579564109211008,1.6945768776458416,-1.6900003146151492,0.35406608712068666,-2.8543352234578467,1
-0.29676688234197734,1.957021653547566,0.9220387341865257,1.4730375017776913,-0.4367138069835257,-0.6597076090537666,0.11907253449578836,0.48895851239754634,-0.2510328256544175,0.8402689543506154,-1.6376736549661288,-0.6921669809575686,1
-1.9450497296673932,0.027214462343814638,1.1104717489871405,-2.5163125924704444,-2.216126564868655,-1.6323299034299357,1.0977493452641798,-0.8526085017154251,0.12689227319079358,1.0244929715444235,1.0513229107274356,-1.235201699451505,0
1.5664145216930447,3.3492043241438543,-0.26864954147614273,4.440383747000083,-2.8373090036015256,1.8052167293574222,0.16528826933191798,-1.130843144022533,-1.2775574110841683,-1.3445946973769574,1.6538732343499434,0.36311532290099124,0
1.1527459848161958,1.1189809399988286,2.412653877603819,-0.6167576618322296,2.8591179275749807,-0.2581669237047821,0.9208982160169648,0.53435644716522,0.6120930096234646,-0.13534290755382716,0.9448464464352092,-1.1382565788330392,1
-0.6391694944210713,0.2787166410399676,-0.952537310002169,2.554253062174031,-1.4228337685953651,2.162856808491153,0.41033056619922426,1.281858670417146,-1.8566929939802894,-2.1941974739051995,1.2169332957798014,1.2272833105809422,0
-0.7318092791386813,0.22567230458088994,2.475479284563959,-4.635135857230733,-0.8813986518912857,-0.25344305967673586,1.718891156335591,-1.387850851830225,-0.45146313912261793,3.766492611438975,1.0179348108685562,-2.9258217058878686,0
-0.2840055584669641,0.27074726920165293,2.281979458134855,2.7967610950216355,0.5467647723590154,-0.3593393177859121,-1.0719957271670735,0.5957842506429314,0.6955174850401367,-2.878295003867679,-1.0969286696809957,-2.6921263326511116,1
-0.6421291231020758,-0.09659206669495068,1.1064430044687075,1.3808081562818508,-0.05677488764124616,1.6873568718304206,-0.5249762945207812,-0.08734026090977544,-2.78640611267761,0.4967000477238295,-0.4569724843267111,0.9410703902717088,1
-0.2014370790802878,0.4338058757619526,-0.08075962827175642,3.024029962017192,-2.1231481536284953,-0.40048736919904515,-0.47800151836374305,-0.7589449533046247,1.0379811351153634,-2.823508142462555,-2.0470653968976418,-2.9722229707868104,1
-0.7888680908835457,2.3830035729475183,0.6759710722601284,1.3451321613705531,-2.7953813611114633,-0.9215139532419223,1.498223196888548,-0.13700080333340645,0.5124571084992553,-0.39094352399692767,-1.6057772226215494,-3.3006454936870795,1
-2.5615811939866857,2.019061714529551,2.1163930562486373,6.995983656762051,-1.6140220125449338,1.4701671767724815,-3.391875804758268,0.42973952159049206,-2.6317759738570263,-1.4975281356423047,-0.9429595067578409,0.8093252592771467,0
-0.8206089342568176,-4.641011849319545,0.8573504596645793,-4.724649151662215,-2.254444591914474,1.9387332100607093,1.0221496549242093,0.36499013824175963,-3.1194612165854334,1.3379645522598445,-0.06471293237838927,-2.026011541788383,0
-0.8922563002400299,-0.2416717616322639,0.9526868610546152,2.995771821588517,-0.46478287200867974,1.4821245961419645,-0.47765923312520087,-0.4780140184323806,-3.781895186152766,-1.352084829569896,-0.38068921257550103,2.539196293189142,0
0.8030275845835537,-0.7286096488707738,1.0737304098961107,-4.557918449613612,-0.46694307302504323,0.16602315316398597,1.7986152048598951,-0.427398502830157,-0.08260485655879439,2.0031494289077436,2.482274181737373,-1.4805750099675832,0
-1.4113164577148032,3.009766605537188,2.4414573366420758,1.5488795601967882,1.1960174261451462,-2.472638150310915,-2.388788665835399,-0.5251312952224232,3.132320963544579,0.15302297851552926,2.66174908999452,-0.2611119347689208,0
0.3366092526587412,1.688127057323927,-0.6508763897358945,3.62938591381856,-3.576046993722989,-0.5747153059384549,-0.43971615992308877,0.467564454817976,0.9343450717208056,-2.0583664703011664,-1.7216445491216525,-2.417512319381398,1
-0.60036135795371,1.9376544660509194,3.5520027969402874,-0.469029544665503,-2.162705064556631,0.04356497433356288,0.3642143806050172,1.0811015716290138,-1.7029361652719555,2.2055661914659774,1.279653992328798,-2.017442277324154,0
-1.3306547414632715,1.4332694918323607,-1.2136808953581117,-1.7425456253094123,1.8551820149317466,-3.100830471927346,1.3789968861956714,1.3988931079978948,5.490282128206199,-0.9290296539572444,0.1504773851672605,-2.2817296403139657,1
-0.7241931657359636,0.8633664871731084,1.540158938170019,-4.1015371497125725,0.8168902689997382,-0.8395285140202124,2.377260006553492,1.2532416307710688,1.090309531635272,2.261903975774182,1.3722692461368522,-2.2766151751116728,0
0.574763034739619,-2.879821127149384,-0.46271260660926283,-5.434015541254676,-2.918820677050184,1.306167726040934,2.1135345725527572,-1.81012079022393,-0.8469471284775137,1.4947097099177336,1.7160907771467295,-2.6269956277324766,0
0.23805236300612015,-1.423992454183487,2.1465578144006723,1.6057622942344891,0.8476728061733254,3.658741394112372,-1.9185385496732863,-0.9867252342871683,-3.860683125776695,1.3799058250449163,-1.8754481076686367,-0.6262386326078839,1
0.13619777070570102,3.349334843758835,0.45786699580695445,6.890817391348823,-2.1946465918220754,0.3207273483204901,-2.331217918452738,0.31333144124326556,0.594503189347903,-3.0718821112889647,0.4219519443505113,-0.46162285264882863,0
0.9864860993616092,-0.22319966288347126,1.890341021826853,-2.6014709638619684,-0.585782001110094,-0.2490322482809899,0.546789322787181,0.1530345450601828,-0.4235919648084159,1.4534645198413287,1.9923517020115455,-0.9846382469736968,0
0.13492905115958126,3.0491607806544003,-2.123088578190683,5.953964105797885,-1.4872901262993106,0.175903546995958,-1.370710213807291,1.740160969678992,1.745115226193134,-3.7210188631120538,1.5896004931863117,1.488188210463362,1
-2.4379424831320327,-0.024345882953048403,1.9384627304777209,-3.985300272874565,-0.6039310785034315,0.405706890448547,1.4268183683403826,-0.7668727929029051,-2.0544203206873504,3.4501423733459293,2.6171250995684696,0.45917300541619444,0
-1.2303398491919024,1.5694581139618395,-1.135007623135186,6.123430294249716,-1.1428418546569798,0.8941440609889411,-2.7571132147442627,0.1220369280201861,1.8157525569209074,-4.042942536449586,0.48573442754633034,-0.5569155100918599,0
-1.3338663918977542,-0.352607926092974,2.3991376589407887,-0.7462337560674412,-2.278787000572364,0.3698274492420033,-0.7923097189393069,0.15894810396398504,-1.34061716676967,1.217614203289413,0.8636386531826616,-1.9059899333906585,1
0.25622497894535085,-0.560957992865567,0.9972653423533273,-8.418525866129084,3.964037316405581,-2.156888451915714,4.320353132395731,-0.5233064217405481,2.979518577384744,3.0658921720160635,1.081776805582819,-2.6678331352275393,0
-1.8425940592059722,1.7616161311522367,1.4464893590662729,0.3442293769206227,-1.5621101864834765,-1.9887577094714526,-0.8015470915242779,-0.6546282080379496,0.9365559486990465,0.3637841746002134,2.064267265932476,0.15996458312546147,0
0.060251692046617324,2.4642468785675664,-0.33986336532932593,5.060204396999455,0.02093197338836239,1.2316047973712334,-2.2746388556275483,0.37489730553643646,-0.20482024844300317,-0.7384778549880833,0.03490204383586737,1.463893796126828,0
0.12211688423662949,-1.4694904988086561,-0.0033353504371331777,-4.72471632009886,-0.5485615862295522,-1.0798226158619395,2.4756180029340005,-0.11726615760078947,0.3985760774023456,1.3780323066073716,-0.10184691807087887,-1.7131505589917855,1
-1.7326335634629073,0.2850708497552912,2.8207769776259672,2.3060656885655764,-4.065326786841596,-0.7765247561147142,-1.0656176856574104,-0.20801175194891494,-2.581438299441329,-0.5174048310632322,-1.282723960847339,-1.3477999305213924,1
0.715554052766303,-4.116622697465974,-0.5548323100575039,-3.7638408084768273,-3.053169260204325,-1.0227777694990687,0.4852869905873842,-0.26478919441060766,0.07580943953658434,-0.935062644172292,0.06654249105998611,-1.8442873671676199,0
-0.07882167349843713,-1.0836934520386354,0.3198026874194885,-4.890185505274412,0.6252729299869495,-3.7383201108209922,1.8769079921514358,-2.736373011833098,2.9980259759202266,0.5225100127667955,-0.06785304749572307,-1.814344205296543,0
-0.2722985095422096,1.4620844360436185,4.717816924270354,5.742896772245416,-0.9149791061190043,-0.12481631592861964,-3.4481991434455628,0.8392416878216514,-2.860186727016966,-0.561735742595784,-2.884853033137928,-0.9813110132572627,1
-2.023558266615797,-0.15338622071459174,1.1879333251263742,5.535957525214353,-1.6486924486328896,1.863427966513509,-1.5039108824815701,-0.2277674295460395,-4.548513167394878,-2.5367989689354458,-1.6968731835022663,2.1189246208372934,0
-0.28291124318289107,-2.7430478513535945,0.30509351697861564,-1.149297722978838,-2.7513919565813616,-0.8038524631018085,-0.4534487362216575,-0.4178528178910908,-1.249795279939631,-1.2809537823879324,0.5452894663781693,0.2561151546600229,0
1.323174103216765,-1.2260702531074117,0.6816645397867518,-3.0531441647058806,-0.8863263215433068,-0.010130795159000727,0.600353598464229,-1.218734118541509,-0.5645677956227373,0.8756214860653828,2.701609596007998,0.22987373523926258,0
0.23395944064252497,-1.4519871775115365,0.6693044162740891,-4.759650808062352,-0.9325708384548119,0.35313284955292557,2.132963208941987,0.765309116457598,-0.20798335548614225,1.7635960331162643,1.1736641630289917,-2.451153675223998,0
-1.4275207376363754,1.3281944043705005,1.4519096708512285,3.8714677094146634,-1.9644115546162255,1.8839941689831718,-0.8128227063611154,1.3185368772650403,-3.264505281531793,-0.9867266286853459,0.6953738995648007,1.096558393899356,0
1.7429930891259287,1.0852312052663948,3.728926832607298,1.461107330394169,-2.1471321709579874,2.5940877686273938,-0.8031671137578584,-0.1019255385727866,-4.368665707997956,1.6169662685852346,1.862507558155826,-0.300490953781579,0
1.790506716849024,-0.3459061721834015,0.7155001933737606,-1.3705634084261324,-1.663708523615278,-2.4827864639588144,1.1249929297954337,0.6628886828793584,0.781116608748183,-0.5455185913991369,-1.1436076492498497,-1.7709126460887807,0
-0.7372708565175852,-0.09542554589217356,1.7578659884678118,-0.2257029492141074,-2.9317571298234877,-1.4786886466684825,-0.7929687481713412,-0.9121600677553935,0.12587529615753493,-0.25164429229743424,0.8436499495299665,-1.6653468359258468,0
0.9761240271443559,4.151967013606798,3.94320904417324,6.217351914031595,-2.400885238142325,-0.9954049486475811,-3.656663921871147,1.5347251552326266,-0.1930984624117603,-0.6211374553212974,0.6823054497769396,-1.0649507909761424,0
0.891806674343597,1.5371932737247778,1.051891634579254,0.6480266811159517,-1.1483001156398909,2.039805266538356,1.967848523829666,0.9298735915890457,-1.295569342850274,-1.5383858046651615,3.5054614323576363,-0.7673399448458231,1
-0.3052032818086841,1.8067572838876855,3.5011940745649084,-2.718861262138498,-0.4264264478516361,0.3837415365610648,1.4004137176832026,0.6310374523340704,-1.06188360199204,3.4478516894742777,1.8447406158951938,-2.450726298581192,0
2.478443183193379,-3.378659597927681,-0.6186490724777314,-6.661846876307322,0.5696409317438555,-1.4193647691597533,2.0768007046512653,-1.4146087482654026,1.4201346011537648,0.8868227105277311,1.2510649904491715,-1.0117374653123454,0
-1.2789467803273233,1.395241209265729,0.24813073733092184,0.8112437297645709,2.067788146850533,-0.7260351953069448,-0.6605603022306568,0.47525499003914506,1.4244530032814093,0.8323327283842303,-1.12211568638129,-0.1124554254107002,1
0.36734254367766445,0.13168482915114643,0.8582051157241403,3.5281909850421473,-0.5525842799176729,1.6572473110800514,-1.2862308722702194,0.2546981850365038,-3.314702120354249,-0.9306684160251415,-0.41246823203245575,2.2577200997891396,0
0.028174979578900416,-2.9560365149003607,1.5425232603642192,-6.321080691365206,-0.46440122526440075,0.6212530394572433,2.665959819646398,-0.4751310831606897,-1.0335408307251364,2.164876954516928,0.03582224670461587,-3.6330907340935163,0
-0.5327938558629046,0.7219599591957062,2.0128697769239094,3.2704236023673467,-4.182701437592804,3.2691487232004244,0.04962155113795408,-0.012957255119945313,-4.311895227549788,-1.8850482177072885,2.500164942256915,-0.512144218690243,0
0.1460496935836336,-0.3407933145422193,0.34783302199650445,5.5734196127256,-2.016825836168726,2.109126295198756,-1.0723586500260127,-0.740974619130457,-4.223303861321739,-3.2949727968314755,-1.4695374317196133,1.983839734214433,0
0.18730436405426296,-3.54688774414359,0.2911982034236026,-8.01944337561387,-0.8811151539471782,1.684479617900597,3.051106045658553,-0.999831830550485,-0.5892651784218913,2.9368882063934043,1.5507747920851354,-3.794912608963385,0
-0.012286160835724326,-1.1512058673283074,2.9610511366515655,-1.320587349388501,-1.5424420106503653,0.8510732828779368,1.2540974705639223,-1.1038487773497239,-2.4694300271452545,0.5128846683973918,-1.695316927192727,-3.6881299254536266,1
2.342699836256448,-5.134150671080972,-2.2942841963210965,-8.877267730766487,0.24311728916305486,-1.640086333780121,3.4239395085396316,0.6718661120472083,2.0896099836688373,0.46442379470181117,0.57815824033578,-1.6733372776258455,0
-1.3085491691376192,-2.2761758863186237,0.6857804164050993,-6.307504204220043,-1.308039610176761,2.049235515780077,2.368448895671946,1.3470263653186516,-2.029943845207378,3.2610146585094446,2.8509492280389876,-1.3635338442963838,0
-0.5395905430925002,-0.9569714197604726,2.874123893506926,0.683179239142538,-3.316109016687921,3.2737108027236803,0.9346575669644848,-0.2739862042123801,-6.414676696533535,-0.36040363316426494,2.1932512709146463,0.8458433225146726,0
-0.28903848797120435,-3.442516349874256,1.3640457859015311,0.5789095561701959,-3.8900500035639567,5.566769520379015,2.337097467290234,-0.05308492806996485,-9.330799703716115,-1.8513086411611601,1.2322511045868958,2.0150304713953036,0
-0.5958177161206927,1.3548263009193557,0.9189305924915829,1.6983556061770781,-1.082823110951807,-1.3522342485373124,-2.2870265179198492,0.5122699810730561,1.2351304144021538,0.16319854195284367,1.0133594804348949,0.08994108179473148,1
2.7891774482872678,-0.08093814564432522,0.1592490588719928,1.4170720397393188,-2.9585656874942536,3.7715102732039134,1.3362066220209803,0.4145872085066176,-2.154439173484918,-2.771036905852673,3.296079224247175,-1.6921913082384892,1
-0.6263276960931999,0.019022974896112155,0.4618346729021615,2.357900922293992,0.43137802110608714,0.36557123462731067,-1.802647940508247,0.1978284722796691,-0.22856602817205213,-1.4804733088870032,0.8598771382475381,1.2214891365327263,0
-0.03790482012986597,1.1480643309421412,0.33724387936566647,2.5636498748503627,0.5004846771620124,1.3151401964839784,-1.9289750789747633,-1.03930551846827,1.0363174625783114,-1.3789837386078658,2.5262114506027453,-0.04890590503169423,0
-2.7591751025147477,2.4201463470024827,1.4152898478545064,4.014137572440394,0.03417711612816321,-3.361951934128879,-1.982683607719109,0.12655671978758423,2.383021582329033,-1.8162574556139615,-2.1028620899434145,-0.8082987301178194,1
-0.18471877577579474,0.3422926670771864,-0.9132233584491054,0.701108091449737,-1.2915020055686277,2.839365574345457,0.9453143206254842,0.2315657303114166,-1.6597661885524022,-0.6596580973193076,2.360631524900544,0.5875802212946939,1
-0.900512243439323,1.5090201124571418,0.023760976445501458,4.44481186753287,-1.6864595040649637,2.6550049090538765,-1.0183580337611304,-1.6363392466508524,-2.3298346161255,-1.3593489780064536,0.8439642438854489,1.0299105448560721,0
0.5223481009609547,0.9702108592912478,-1.5995223851133322,1.4946061803239128,-0.254834761876262,0.7089995237783774,-1.182749021215061,-0.49023164947646747,3.527050096822789,-2.500553545358385,3.5748069506289917,-1.1099084453085104,0
-1.3941584080674374,1.669014510248088,0.5660579181592884,4.124530243626587,-1.1912567156357432,0.5717693695639692,-0.8698606826025603,-0.46115138513790793,-1.1790724206102718,-1.9918705275375723,0.44140475279392344,1.0015403602947441,0
1.0521443836914628,2.687429494967382,3.776191481381335,1.322630259496564,-1.64110049627037,0.21120501316691753,-0.17783096422939848,0.15056071001570268,-2.2126363131330926,0.8899867812293802,3.033308634266316,0.16948593533054834,0
0.6151768995661464,-1.1296855959366947,1.273974754703771,-4.744697016625364,-0.9950796912894221,-0.13517192226725316,1.3000534835475392,0.17799492717803658,0.25846557341627907,2.347203071930489,1.512719918146351,-2.630800741830769,0
-1.6921469593811223,0.2845994906688667,3.3643280118860464,3.929171717279491,0.08216120581138386,-0.23706426982313689,-2.5662219194406823,-0.3239387570277619,-3.2584895667222633,-0.8117116480044272,-0.9340216047761929,2.1343871130382457,0
-2.7867248255974952,-0.22271642017238125,1.9092318853496457,2.6918223183947414,-1.3056453203456817,2.0634936325433886,-1.3132382028440694,-0.935970781136473,-3.7933345985395177,-0.5586483602774638,0.5433284462011827,1.2647256258361188,0
0.4994438410162009,-1.4989967709304712,-1.2219867958841615,-4.310655177837881,0.20061847980348624,-3.0086259611228745,1.8804043944716968,1.5255611187420128,2.3512293125904744,-0.3845538893314371,1.2304863714596062,0.4655545268272152,0
-0.6695764957126563,-0.20630191375345375,2.160319766253587,-2.8833723724845406,-1.7519909340928033,-0.42884165894949666,0.6980385096368864,-1.1022187126380947,-1.4094976281773666,2.347023903237799,1.5007169697261729,-0.8298839577468298,0
1.0778235533960094,0.009108123157203774,1.1909574668466707,1.4377975816586126,1.4392366307960627,0.8304134125202882,-0.5199800042420637,0.8157399892534746,-0.014521378466849363,-2.594670048450504,2.7021964859325633,0.624422024832705,1
1.2398526760867261,-0.8842003084059622,1.93799622509844,-0.6311294001630103,-4.0704392165737096,1.8070520790454947,-2.0300719036131003,0.7789503416990358,-3.281665409117152,1.5358518140325583,4.934951262231218,1.5101749257395576,0
-0.7841089058090013,2.7150938417543315,-2.9422529701350433,1.8655100954786306,0.3030655189444249,-2.1697530580166973,1.1388987630504657,-0.014585355234599584,4.9402372734363995,-3.380689235920314,1.318854116226798,-0.21460067636680402,1
-0.4043263880790924,4.658386352955696,-0.09996783680958599,5.133199171814085,-1.0642887618299575,0.12886236504568938,-2.4042145511815556,0.06995697574816954,2.939741286021817,-0.9970044131867939,2.2341139309901656,-0.9034599802946699,0
-0.18207818169308346,0.9178755850697434,-2.3031830610467803,1.414551735930807,0.5135227938566365,-2.3359180886154363,0.5111482973897132,-0.12486351416551024,4.445005833333215,-2.8858240857239235,-2.091123532244403,-2.0453192228637938,1
-0.027222115349824976,2.0510088324549436,-0.44418090696363,1.4381189057828638,-1.1087657809198317,-0.31265132450973043,0.41125118775179725,-0.5900098643507723,2.3973542187718775,-0.17550873022483449,-2.2285499219732245,-4.137290293962475,0
-0.6710827054642696,-0.6144232467756845,0.770307643833551,-1.759157172204103,-0.5269901256297318,-3.94409888441228,0.4651577839393235,-1.4576070168482957,2.439093718204021,-1.255237047013476,-0.461830564103223,-1.2913702038786545,0
-2.0656954593808834,4.141476056876911,4.2956554018606905,3.2719017540151536,-0.17140665297615976,-1.3858432091206017,-2.731740853140713,-0.8135689870652445,0.26080351776497035,1.3330722476115602,2.041082981675712,-0.11186202880384188,0
-0.2116559493689703,-1.5018840345758502,-0.6196705465323602,1.451826602481903,0.24915614608948045,1.382376773277481,-0.6834787607901283,0.6710960480373963,-0.93454488069297,-2.5839369802399257,1.1403357461803543,1.4246569640098232,0
1.1408144108944323,-3.6051416539044716,1.613213901981546,-4.427648731167735,-1.7642804519927127,2.8420644364241547,1.1203882204691378,-1.8727668414256495,-2.9292951176067015,1.5280525193715022,1.1879961661426999,-2.8213873053351195,0
0.6657486526313864,0.13500240161168475,0.4157135841907823,0.910421894868298,-1.8362062836596098,-3.725114959658381,0.34295590001678167,1.3103130798278235,1.9919172362208868,-1.9320465399172628,-3.826174390196771,-2.851656909823789,1
1.6004114092373165,0.4582311480798045,-0.08996489556523302,-6.732663786148351,2.216896736031667,-2.9146790022911944,3.654015127041604,-0.6726412774013887,3.540539774179426,2.360025550385251,1.613777997425197,-1.5821560633541858,0
2.1112577842249216,-0.9256242187094131,1.6350274613848153,1.5888445525035155,-3.8233709268735994,-1.4154671052006043,-1.9322176185957662,0.9947018818276537,-1.9429490236547073,-1.1044466721061803,0.42305491935520456,0.9623549944197236,0
-0.9795387733034968,2.706089331446726,3.0434796552654566,2.4883575502534456,-0.6555191447895409,-0.9236547748339077,-1.445836935428684,0.5925277508858201,-1.419166502866993,1.0764261962295656,0.9197916479071715,1.183251932207194,0
-0.10537212863311707,0.04406245791768515,1.384071266128306,2.0167780074892514,1.786355791371454,1.9144635904532596,-1.095589175496817,0.4141339730220345,-0.39393135940889623,-2.0268681876561567,2.0607153505854328,-0.0006961791569818354,1
-1.382531959127136,1.1585994168764446,0.2364351161339826,2.9367321316389945,-0.918574509724373,0.30371996502964116,-2.747571766862799,-0.7253350567140804,2.4718923425681605,-1.3087297273820475,0.738458174081847,-2.4082451631681554,1
-0.7868206760741269,0.7603480594695483,1.445874882461878,1.6125869989757715,-1.0908571723540246,1.065975760765588,0.24211746905770415,2.0587607863591817,-2.6005691543640403,-0.7286673370653542,1.5534795174155382,1.2752684716435956,0
-0.057615701131007016,-1.003529457670444,1.0235803479815182,-5.383181579710757,0.21752601113174164,1.9307871097314848,2.177543202613361,0.19694513117975038,-1.6758031201794086,3.501723752112792,2.9654546989391193,-0.6025126283599922,0
-0.4213558521226195,-5.40653580956006,-2.402992263654544,-6.6775396684438455,-0.7494521676236884,-1.6492085683811677,2.071337062356365,0.7511116824917462,1.7593310775891855,-1.0189364055829997,0.1869012097564542,-1.2132519623155813,0
0.1208588089763724,-1.2159490135575188,0.33440685900581213,7.005871003904562,-1.8409131260393243,2.0076809546389196,-1.7833146944376237,0.3426075423467374,-6.607402773217798,-2.8550761672668723,-4.643249886378215,3.973642487010516,0
0.9966750037717249,-0.9137400673267004,0.634311378561117,5.488875452067922,0.6251402934959511,0.809608546139678,-3.4554048177579535,-0.9315820250037746,-2.3019464166464054,-2.4538516118087643,-2.4117184446628634,2.5006842803236875,0
-0.009633553294811822,-2.084611707404189,1.7561426267338471,-1.2466522749401217,-2.062704480459028,-0.6967330897050413,-0.28515219605450026,-0.21299344542284265,-1.4671595871344991,-0.29522470200511197,-0.44903939847077834,-1.2276757012544794,0
0.8357396318554764,-0.6702637428262459,0.5529894213134934,4.524580814027646,-0.2274923130857619,1.4867100837841165,-1.580615749741081,-0.7286984804315071,-3.78823876600454,-2.0533180540704787,-1.821141924057366,2.847396868574119,0
-0.17290351531906945,2.038979128460547,1.603652533307245,-2.945844497557731,-2.22973937234324,-1.6379077453614197,1.3149140435730453,0.7531486642778843,0.7110095158896859,2.5115749732739756,3.2994344236020137,-0.9515607970813372,0
-0.014866841314379306,-0.050836147856353486,3.0073352298417673,-0.9678568671171193,0.6425616864193113,-0.21025673986104576,1.9539673780275746,-0.4122828651569118,-1.2108684791048139,-1.2573268464944949,0.7023754079750363,-1.6849108740041174,1
-2.81518283201253,-0.5423821756631213,3.723257672178487,4.250533972472838,-0.686272449630281,1.6460763545801518,-4.70324473044629,2.159143926078434,-2.9559909324565425,1.0426830929006456,-3.1798706099935474,-1.558393890251394,1
-0.8249565978061859,1.6560821014206368,2.6032017904513567,4.561392803553707,-0.42575799968759487,-0.310500946239445,-1.6602271735497192,-1.0670109825691436,-0.6134593215954661,-1.7748611984115414,-2.0310523781478107,-1.675636364694311,1
0.3115522299873659,-1.2003870649287691,1.1103365602647735,6.495439481083167,-2.7386461683669205,5.101859433435702,-1.9603001323385527,-0.4579651558258762,-6.464645290981998,-3.161126343083096,-0.8818750667915296,1.316829925685202,0
0.1756761836800064,-1.6334893722141643,0.654201087720935,-5.446178897177628,-0.08510707143505647,-3.3618635544187376,2.085051702538725,-0.8439620375665043,2.447711571692601,0.7234220101719893,-0.23922289799147034,-2.635806232541361,0
-1.090704762427377,-0.6101502328274873,2.208232949496036,1.9397201369243928,-3.947592859823813,-0.3337270330358624,-1.5786645399663315,3.4027376521279082,-2.615671969069006,-0.7408160412597655,-0.3404877864189433,-0.450677688986995,0
-0.598253274431427,-3.1695711302843392,-0.8429371070181801,-9.741694991504218,0.051041605803255674,-0.042304722797357086,4.372754685501967,0.32905644692104924,1.8983208087216126,2.4460676470851785,2.3713385710477546,-3.8160974557556058,0
-2.1945296575964415,-1.6175357915080326,1.9588088020521879,3.889584154863569,1.018240065556256,0.770425743741971,-2.9347724399997253,-1.0080649408898346,-0.04668910358691074,-4.8095738726847905,0.8383232512280133,-0.5452688939941968,1
-0.13272842110103406,2.723490289582889,2.118100044012469,5.432091829754597,-1.3791248372890896,-0.46381391238480063,-2.504172678376759,-1.6659569801361716,-1.0539394359545653,-1.0513766213621218,-0.3555329644421896,0.7330012796787999,0
1.3478445191782427,0.386726911995643,0.7988369989091393,6.31420319253722,-2.084748668145474,2.472942436349938,-1.6418658196261067,0.04768941948402347,-5.281833560681987,-1.8245466743663377,-2.3007061486598537,2.580846919794883,0
-0.806840802401203,1.3758885379323988,1.1415403239798028,1.2142746824232447,-0.5440946651681398,-2.8333897976114457,-0.06039115324507405,-0.5347041446150567,1.8729140996297275,-1.3334738410177216,-1.214456620617792,-1.572799519509924,1
-0.2807199050728352,1.451217034372729,-0.7209090203793251,1.097396255418798,-1.5056861807033992,1.4452149866026462,0.8766055379478415,0.23544779927994422,0.09530663612124923,-1.4455537722064502,3.1897595972701396,0.02240242652129909,0
-0.5677554867934005,-0.016516366261167592,0.8875626295317619,1.5419572650709215,-4.657815962292325,2.1860644107253355,1.975796283918155,0.7784789880039477,-5.682076631808268,-0.9369204473220716,0.6838784343286348,1.2261356490367266,0
0.8738917553774068,0.708793160014878,2.6031421674371886,-0.9685869821016585,-0.26686297291177286,-2.3319607744238016,0.5009660532298166,-1.7922180511380892,-0.44724562297056286,0.9964158021999103,-0.6733200769261098,-0.5542072302628442,0
0.35472023077727416,-1.451636269513636,0.25547306278862225,-1.9151723171090478,-1.0911625993582557,-1.7257888051572983,0.5839002494142154,-0.6776163586964785,0.05620009918035483,-0.6043219828488118,0.4544305515217534,0.21770191024222485,0
-0.08767146571943532,-1.41076756254125,-0.490083246433926,-2.809779746828204,-2.5003370316113234,-1.4696308461190055,0.5835655461960856,0.7620260319711766,0.3149413002623187,0.19849884680815244,1.7044115722951814,0.19457406249992193,0
-0.24677609921085422,-0.20605524430465794,2.648629308836413,2.6220744917891445,0.9999427546111752,2.0818791559997583,-0.6581541463044549,-0.2926575913254419,-1.812366421646981,-4.503685775078167,5.415210492925432,1.5600609090478028,1
0.16117550033234718,0.30803013472791163,-1.0671278621892086,-1.1243534661117198,0.28553170804608974,-0.22736032938090922,0.5587466897165363,-0.9536794708544668,3.054293697243128,-2.115307147549066,4.433545243908581,-0.41253047486467964,0
0.9046623908721462,-1.1992843805498807,0.745156450014824,-0.8858366434170023,-0.9891062030767861,-1.2720159128684605,-0.31376363768706694,0.3775902255104743,-0.3016954874199023,-0.5258939486145058,0.454934368538639,0.3325728569600046,0
-0.5830084674037085,2.912953234897943,0.899549238252527,2.0925531569694793,-1.880019743582734,-2.976486671711936,0.6379682960399456,1.224298601291038,1.9380365866609635,-0.33732843639429644,-3.526140252239835,-3.3275973980790496,1
0.15325805879241033,2.202811276906317,1.1494709951745978,3.1388941600242752,-1.955553182720522,0.23994010617148498,-1.385838332338478,1.7153066916471666,0.1601976363135556,-1.1800980229035938,2.112726576031264,-0.3959567238566699,0
0.20443979569337822,-1.2862909045845379,1.0779114987064085,-5.981821429345725,1.965514928531844,-1.4979493407855349,3.095417191565863,-1.7200136742159224,1.6111513669866675,1.527750382782969,0.022965911591483534,-2.846591526051575,0
-0.1077642052043109,0.36981925838885543,2.0258870037448684,2.6247352911871618,-1.605224906600212,2.673178151015047,-0.6464781673705657,1.1733098768464787,-5.075492679695783,0.39981296732745863,0.6251719685556183,1.9757413161113595,0
-0.7781720273436901,3.5888239884789934,3.292867057367861,3.6026173744545487,-0.306012719141844,-0.17800714934839879,-3.119527421784978,0.16577959837124154,1.1481476925616565,0.2602883342119673,2.874516981150796,-1.028966933700953,0
-0.591531959108835,-0.10704923705468739,-2.8105941747088248,-2.653740962843861,-0.014611834997075412,1.2257728912414168,1.4488149173638107,-1.3413705146662656,3.074363998653295,-1.1037945058677612,5.220837090939726,-0.36521647715557704,0
-1.0514366348724573,5.202291147309268,2.8019997859622423,2.7384544753453652,0.6726285581302025,-3.629269362780625,-3.199533197566539,-0.06924981189071867,4.723765380486949,0.852438329497168,2.825404237192485,-0.9211510498998381,0
0.9400928608297732,1.4656195196811408,-0.5127261071728788,5.216601869750528,-0.7628701360201438,0.27302011846498175,-2.1595151157886545,0.5511689173873862,-0.23185676789260595,-2.146808131015822,-0.8166322170690377,1.3993731863593575,0
0.019218415278219835,-0.8950110754686768,3.398008297158924,0.907921513229639,-3.030750987792965,0.47687246156112284,-1.5341437414789971,-1.4809496576318737,-2.943718081885132,0.30494368359525104,-0.36011496435870183,-1.7435507728530864,0
-0.043659127817470625,2.3361751791592855,2.534321516392968,6.086428192064442,0.3615270848781278,0.9794552425759557,-4.83242188195719,-0.5643069341645376,-1.1467025460760976,0.046317223834231314,0.323189396696544,1.496685134354772,1
-0.9951420122241272,0.5448979137093383,-0.4244394566409597,2.8610639127121704,-1.2422617932072162,2.4194496308702442,-1.1425053485686392,1.4636187605239999,-1.4339706223167636,-0.9655674664989755,1.2466291489628905,0.7609188172817556,0
-2.0157160724171796,0.9265662855770594,1.7888517067606247,2.4750898369333743,-0.4050252949559505,0.6773528499265746,-0.25538212768932156,0.3053288168843705,-1.8069876206585924,-1.9262015008579318,1.9128849533383456,1.1588180769381538,1
-0.3401583237756344,2.346514725872467,1.8598719682277558,-4.711758427906806,2.102517764418238,-2.6952611308535035,3.0706742391546102,-0.014403725134155285,2.3222063456487136,3.2307313719340427,0.8984723914591993,-1.886863174891817,0
0.316513077581238,-1.7511226863934928,0.5429475916601285,-3.939377174811552,-2.9374640253088007,1.4491813830308198,1.3220154509171154,1.105902556829496,-1.0901429759103944,1.289919822273316,2.6483208550518778,-2.2809374386117245,0
0.08778590023764903,0.6049808605148317,2.1278232535915,1.5367914220042873,-1.5690156011272367,2.7696259004258263,-0.03227299252129301,-0.8108143757252008,-3.6913555743287945,-0.15092758535981132,2.6158929786393044,0.6650546355792037,0
-0.4461891410436636,0.6284574109526717,1.9182319991864238,3.48993861673165,-2.3134364151349827,-1.2464322758480808,-0.5935947854619799,0.9422487973802186,0.9820874676943391,-4.714014403867481,0.21157323533380612,-2.965183611358369,1
-1.3519999680924621,3.344406074536113,-1.2414431868548705,1.4143068858043304,-3.5491869661886986,-1.4138159034394309,1.8297028552150212,0.635056818156667,3.030025675592362,-1.4464950388140785,0.17906153046434325,-3.558691185164528,1
-0.6747224495080347,1.2443726863122946,3.2808562054150467,1.9669996250865243,-1.5440445100439215,0.8097683728528117,-0.7571450008764677,1.0966651194485697,-2.177895102293572,-0.7662479830418358,2.594826074475519,-0.17631937000466902,0
0.5415459295101483,1.9632548827105527,-1.5592191058468199,3.0048488263313695,0.8706270077260627,-1.7025486372076288,-0.8354186603068431,-0.18792646862692278,5.025410546343611,-3.1645025654298773,-0.8550845109436351,-2.3992626854672006,1
0.08441294498192449,0.44656807521834874,0.1974659594038497,-5.555741993333115,2.1202370788845823,-4.406090426716279,2.4061473866196383,-0.5829173555117508,4.262389069341,1.5603222928297962,0.8964597181031623,-1.1615381052776412,0
1.2817262865203247,2.174987786539069,3.9181063866029024,-1.6702441020461423,-0.14100331331743388,1.7966205042913375,1.072696839765819,0.4538468939521329,-3.0434110441930473,3.73649402122924,3.0291396844612493,-0.42333984604040653,0
2.3904604571520283,0.6746010301499783,1.4649914820034995,3.84801686455536,-2.4261989083380344,1.9483815810795262,-0.8812905505451647,0.09655453534624031,-4.4748057395736645,-0.5974459975385358,-0.2678561531620305,1.7389528179585476,0
1.1039426821917566,3.656349919702706,-1.7615567521547821,-2.168996843150229,-3.0641713891308853,2.3161108257113776,4.762862030865444,-2.7795933159555846,-0.5494782197571031,3.325970668019221,1.09380374125228,-2.550735732774573,1
-0.749910431736933,0.8919357749620858,1.11693990713499,1.2981128272287592,-0.4323455461123872,0.36660600036349866,-0.595137263171827,1.4422810888817605,-1.166990647145635,-0.12776152114377803,1.4837314298940765,1.1692420333404934,0
-1.3136728364249652,-2.0754623917547024,1.2089838942892024,-2.7465897600299796,-2.9462279076113327,0.4880892427037655,0.5476689525486088,-1.1674227349869304,-0.15391771086336245,0.09229074507671742,0.4377701542532251,-4.249076938559527,0
-1.9026921048496386,1.2476922455601644,0.46906905251354425,3.2854538485458646,-0.2503138378995914,0.9960770446362628,-1.5505189875788654,1.003892242781392,-0.7215103199704909,-1.0186062364816313,0.9024184801239359,1.077898913334586,0
1.196445086772849,0.1627611054642102,1.5534215262842692,-4.166190910336657,0.5638860320517527,-0.45800824063171397,2.2422097802159473,-1.420201421440335,1.1581432641819218,1.9247414167721226,0.6860857816776835,-3.4528413337791184,0
1.7862060000908164,2.191931162297227,-1.8724010859430926,1.058911002668198,-2.0242572771499887,3.0756924357526074,1.2861947947460255,0.14182471857928566,0.5855076395953461,0.3338957547445949,1.1871208079575797,-2.558783515590629,1
-1.3637850295092178,-1.8596400112383145,0.5653421535852381,-5.998798032813377,-1.1150222286425016,1.2945156820341577,1.6349936871633703,-1.068605230262619,-0.8313014967575224,3.043640562263016,3.503288321440971,-1.1476113742453524,0
0.865906909889599,-2.7748436594159682,0.1588409786505448,-1.0584607189812045,-0.8663727421256578,4.0077706701819125,1.6338126542600167,-0.8513450929186138,-4.572004730296809,-1.4948162582097555,2.773081205583389,1.5419825640028102,0
-0.6786526864849627,-1.585746838222704,2.655287709997661,1.1181016919645004,-3.5191433274164186,4.11431574609856,1.1349707371994273,1.4432272075561883,-8.206906807094402,-0.18750018563066362,1.069535182113022,1.7350858159107776,0
0.9964732101386365,1.1560216044272016,2.4010827942905726,-0.8826230141956066,-0.5658675590127488,-2.3407301424196656,0.058650727899902666,0.6737595987169488,0.5411233880181344,1.0298892383592186,0.17464401171288546,-1.0793017672580394,0
0.9753423994600604,-0.8207473247389965,1.5030769766943184,-2.600841238440033,-0.9450993001808625,-1.2531710458468421,1.205859056318384,-0.6667593267858705,-0.8500570547962387,1.1078961239677894,-0.35991478287669687,-0.95795910696194,0
-0.18830696649820122,2.3556828843387327,-0.1971572484627364,-2.204041228527897,-3.16569139907498,1.0212343790849592,4.557372496009652,1.141770789823403,-2.474195816270483,2.000513359935814,1.93638120755193,-0.07162082548730664,1
-0.2510494010236124,0.6308212037187344,2.5364347084878833,1.413296227143908,-1.7442097870166235,-1.6027157039624826,-1.0897766217282192,1.0437765253872344,-0.2974238020281731,-0.8058768500336577,-0.017694877172402146,-1.1210628594482788,0
-0.3738708233740942,1.1344013074862394,0.257447803458711,1.31915979834037,-1.0026840989895773,-3.9952793260951465,-0.37747781721594853,1.0480452454380491,4.191854771339078,-2.3269977923830507,-2.4275057336324704,-3.5214093673572235,1
-0.6493060892758489,-1.9109985957136137,1.7018133698491522,-1.4229787428264555,-0.6982687843846406,2.8219314185774884,0.9569244424571393,-0.2662549083841832,-4.62677470948048,0.19426069272144053,2.7084644310424624,1.7227710198783204,0
-0.5061555620908619,0.4277601664981159,0.4881366037988636,2.126740110238579,-1.7969983781429237,0.4302478623167246,0.2154801064706522,0.608700524594843,-0.7196845452954364,-3.0189622526021136,2.04853041929643,0.15004530550806994,1
1.3821848656724691,1.5996308028756347,-1.8788922323340556,-3.5305604674348396,-0.37727651483732105,0.9885589945815845,3.1724471212512153,0.1702354317447147,2.146790831727691,0.2655375355104359,6.156874540381373,-0.029967121312118872,0
-0.6159727776295738,-0.4653509079738043,4.115493047011225,-0.09803005206824641,-2.329296109331802,-0.7030159475871505,0.47991428571541106,0.12758179567878802,-5.30090123463274,1.65339835215733,-1.8988164285432994,0.6204665123394466,1
0.6120448010589554,2.580196267175845,-1.2551823472738275,0.8983054429829044,-2.175694898437923,0.5627611773830685,1.727579633748698,-0.6981027252508852,1.815376850544406,-0.9166680073564292,1.2959246145591292,-2.538936602117989,1
-0.2754082472253742,1.7543026628939913,1.1615246923159868,4.702411514426219,-3.1035997620779785,0.9541595604843398,-3.5956567642579245,-0.6592546059214474,0.5235015429186298,-1.5339322419433696,2.0075266472016815,-1.3908260652774331,1
0.4114563971383432,-1.0562659871984557,1.2505207014218687,-3.8886586021678817,-1.7457774160580128,2.3437023676528805,1.4740570404457063,-0.40773547842308633,-2.289885488320342,2.598400864228066,2.841911681477878,-1.3359855148586575,0
-0.36410004682601715,0.6487692865598986,1.7767653927601983,-1.2980909350423564,-1.5959645086228975,-0.18521837336956914,-0.7085956008655023,-0.8150986740570614,-1.4373805935000699,2.138338014554233,3.505677708831869,1.6371784534891272,0
-0.04184690381065597,-3.6005369439526254,2.7781336693014187,3.1946159209280958,-1.6966336429303053,4.47057464146679,-1.245852670413646,-0.6096807168221504,-8.598846919037042,-1.8367022380211857,-1.0025805070107467,2.5523657498898107,0
2.0102827407726154,4.935140665564202,0.18571993242800067,2.9369276280463277,-0.4761027804281559,-0.6052034372500552,-1.5131737675995698,0.6094044354652511,3.870105216370986,0.006344068049027873,3.5710475461815787,-1.1253182457720392,0
0.3347269259082861,0.39769420969747193,2.421602641638102,1.2332857820657874,-1.4501242973174129,2.0169320703687106,-0.7289295689310674,0.875852689487822,-2.5812416959897657,-0.2567522076780928,2.8230096659004618,0.02439699701111775,0
-1.3775552071715707,-2.709407077457322,3.237538279254681,-2.903337015948947,-4.016738284480494,5.150740848933286,0.2868775708113347,1.6042257872414145,-5.026700995426232,2.558279518081148,1.7542817204983239,-4.492347721562643,0
0.5788328075924252,5.2430648159839945,0.3530791462157572,3.7079059946100825,0.34721840199738385,-2.6711873362022542,-3.129297755593966,1.2473560016863643,6.362764906132978,-0.5921900602212948,2.8906679547373493,-1.6116685322703757,0
1.7164436243798642,0.1268022527539332,2.9418563494919634,1.3461655543374471,-2.2051106989149813,-1.0614844547037132,-1.8655752606740486,-0.38037701499562965,-0.02896564806443663,-0.10493735605038657,-1.410142122834285,-3.355129455429763,1
1.5314560662887395,0.13516644274190492,3.017366847365497,-1.27437002869763,-0.8970121886619882,-4.06805952296636,1.5456653779728424,-0.7462757138831378,-1.6154149460062346,0.9096379630105351,-3.434552296099233,-0.23444713646921933,1
0.1407370888497432,-0.7649446540755332,0.10289449683880614,-1.7006301128108656,-2.8424000856191207,-0.13543260705987104,-0.06497389716693092,-0.9265753883012326,-0.7913895173870868,0.40556902962308616,3.142578596504134,0.8480591144952083,0
0.7367876998650261,-2.5839212488834673,0.6564673823747872,6.3895165244171235,-0.9691627057325429,3.168827474277043,-2.2583863913786506,-1.2844840782417584,-6.712364422269238,-3.3968555715508058,-3.7619356093228307,3.4687930347763283,0
-0.7170286081697865,2.395096568445835,2.3693015753256903,-4.093449999138039,1.54986506679084,-2.6100117821837596,2.329808435683945,-1.712150472434325,1.232328047334987,3.1982380453852906,2.24487263999878,-0.1861764952207534,0
-1.2067312015762588,-1.2511185483142069,1.5577091567328745,-1.4027498044378863,-2.6171933616396945,-0.36148841028741796,-0.056027840319856415,0.4427329397954901,-1.1390568847483666,0.15902745977566024,0.7427628619893374,-1.401135711395027,0
0.024511884571060072,0.10710775508726189,2.081889311500616,-1.6942550446173614,-0.35048163640772567,-2.073670746077792,0.6328674511478407,-1.2592707109744954,-0.32494682535596675,1.08838383091517,-0.4515830533337888,-0.5946440122383625,0
-0.7398079823186823,-0.9925725794056361,1.452338150678571,0.23634506517021944,-3.658945571051707,0.4552287998308926,-1.035895997789971,0.7185633776140494,-2.151418217613696,-0.1642889415424127,1.4297500487274764,-0.3395660428651208,0
1.5157696909546907,-0.044687572260385444,1.4743731602538936,1.32421846461427,0.5397463729434839,0.4025005821030362,-2.032862998225172,0.22237993043073148,-0.3745642434318116,-0.47316157317918106,1.7164916171724658,0.8486366008373508,0
1.9795075341091157,-0.6736352023833294,0.6877635965735955,-2.9020983827069156,-0.6970475059994525,1.3757032432105682,2.515917399061725,-0.8804098509821845,-2.05728375976821,-0.05350281797394929,4.116359665784417,1.0110692635605276,0
0.9555360257614003,-1.8305295982828902,-0.6957914304511608,-4.755978972799978,-1.0787029110981017,-1.6021479142714476,1.5841052901979025,2.263227528627352,1.0763738501636466,0.552552102063879,2.300785554157267,0.033585818147622515,0
-0.406489026776307,1.4214281186509887,4.503654404619336,3.7509010529322446,-0.9040480920712448,0.7249699267881644,-2.761315844768384,-0.07725275016084471,-4.353359520275799,1.4032155138423934,-0.4179554772862386,1.432104675715629,1
-0.6406986539551202,0.10792131168689822,1.6658125571286675,1.1689133729661523,1.2678049181383866,1.9189900550263839,-1.8155510190007695,-1.0045986313709345,-0.6252842999585609,-0.3844161755188956,2.9743239170685,0.5185705728965924,0
0.8245156849543731,2.1257987667450813,-0.5475747187020874,3.9742951909955204,-1.6796521692375534,1.2833123238952857,-1.0626057512249456,0.15643086780447168,-0.5110615990326675,-1.8881319237203504,2.671545845265378,1.7371945738888641,1
-1.6439161138039382,-3.567311228532807,-1.053553081622404,1.5621463906842505,-0.042557099850280555,1.9423178472933216,-0.02312100748779433,0.17881966907884111,-3.953865749547315,-3.0670895231128705,-1.207595226306252,3.206961035157115,0
-1.2444546087047608,-0.5941021491889633,-0.11414401802955343,5.706294885096313,-3.663542867493997,5.312462942739014,-0.6333819711039899,1.577330077581557,-6.867893793181738,-2.1040316571814035,-0.9721161133971321,1.8493297976666705,0
-2.3935696074849893,3.1283013170822507,0.8314661942227285,-1.4397580560245562,0.05581012296397736,-2.7596530173202467,2.722730271118059,2.6279173935581683,1.5005276904455793,1.7657660511406847,-1.067003410195075,-1.3892600493553038,1
-0.24760833527746215,-1.7616582478794283,2.051623145644104,5.640904625847754,0.7018423573661532,1.9228085528616963,-4.653881127148996,0.13401150429967065,-2.7843918073497123,-2.703246916319144,-1.489727624755269,1.3915019860942412,0
0.8879790489891717,-2.9603290575130607,0.5020989251670473,-7.427262760145367,-0.8113354706747538,0.832312299071226,3.1491560080501158,0.8929952119024254,-0.4715766589305152,2.630441119761884,1.1850083514728478,-3.342726871164329,0
0.8023804432293934,2.9322419258132855,2.183380490884984,-0.2913340005601783,0.974770702056293,-2.699091618089792,-1.328104474855323,1.310811172492305,3.0082026998516764,1.2114942278203684,3.2927097363116284,0.008388279398585885,0
-0.23447012736851675,1.91921671752584,1.3728471772826631,0.10442439605430094,-1.0580914018343957,0.6573819438322684,1.9360497123745466,-0.1455075166933527,-1.8916232013604202,2.1281186440206836,-2.354603490815297,-2.0546559374863147,1
-1.3387397676697737,0.1893289258987234,1.0169797810199341,1.0718647320959744,-3.2663047596542123,-0.8997070752209056,-1.3201766902612824,-2.6070501088513955,-1.1756859742943573,-0.46930007164155607,2.008521392518271,1.2558394599530196,0
-0.34501714784584886,-1.1672105051803339,0.538502385923896,-2.141436262465591,-1.5864850945019655,-2.594609271628938,0.06521789640697873,-1.4104041966213876,0.5888190195739592,-0.14518932399873385,0.8446927730199588,0.2739738510042069,0
-0.30652469327341786,1.1387046624790231,0.7131520758369359,2.003265697868674,-1.4941850552092466,1.4927635402170967,-0.16569570414812673,-1.241638354456278,-1.839805761189577,-0.6156395631761451,1.8299486042740356,0.8043776244665313,0
-0.5106652558034078,1.729253714422458,1.291493664056374,2.414000923049794,-1.0629521838235476,-3.5161280501482173,-0.35909726572711187,0.6202514281930348,1.3307918382318797,-0.5091377949962973,-4.879895940888475,-2.3884576936472692,1
-0.6139433563489594,4.004467761085915,-0.4220053612794359,3.4755622039504916,-1.1509565470538368,-1.6259301910480222,-0.706427746038121,-1.137241466996258,2.012543116429323,-0.585299978427384,0.8310534179741349,0.6293758807310785,0
2.6857816009106563,-1.618116433227947,5.521565328121337,-1.4853374937676314,-1.1549850348867505,0.5939586664783023,-0.09989219658653581,0.4083852025366237,-5.927083439302147,3.1594213325221805,-2.401450810353496,-1.0421008009635275,1
-0.39925202798238923,0.8295858752820688,1.3196664414359482,-4.134597096746402,1.748453559917556,-0.5964213002626209,2.207247193051142,1.921817010012903,0.5574308559725485,2.6153845553606923,2.004507728359633,-0.49692583709093097,0
-1.0187679549077742,1.0226538032193444,-0.7384431858631109,3.1976984843333947,0.14855606239249375,-0.009687982055295086,-1.2956151680999213,-0.31502799095533884,-0.05779143028714453,-1.222219423216287,-0.3399969469059647,1.9058254248398905,0
0.39713841665317107,1.3475569798770548,0.6259757557732872,3.247062290462046,-0.758579113352997,0.573353255471778,-0.9118112474407307,1.6196930779473966,-1.4140016074658874,-1.0591419879610249,0.4438141334954563,1.4332060602695043,0
0.43209312291580354,2.012614415349214,-0.4937480067590665,6.4466223144983985,0.18450307209645467,0.49963896506478367,-3.126667555546807,2.0036577429901774,0.5215529633716518,-2.400642838193951,-0.9383591436748566,1.3095031938168602,0
-0.4759573366696438,-1.0646050309490707,0.2860718557346996,3.0612831403387997,-1.0700913361294884,3.7548728188303806,-0.4715643839275574,-1.391769166294136,-5.15598363920918,-1.1172129624701483,-0.13461371509377518,2.4049064156104274,0
-0.17595227926951218,0.2944751598431783,2.6632944487270525,2.5800151087203456,-0.8228991191723979,1.6215560621573677,-0.5242498155141098,0.12411095207927152,-4.830894310581955,-0.11906839423816051,0.19180144418971967,2.179837585262812,0
-0.49950855283674783,-0.11504844624825494,1.974104629212896,-2.8703188365837966,0.3007905204170307,-2.5148254892896857,1.067724956035497,0.8420799661018075,1.0067140090973203,1.277149295661148,-0.9338944122054704,-2.084667086544543,0
0.7969501822340905,2.3623107419309983,2.305381733081302,1.7664803278728787,-0.5775443573463463,-3.3613367044918543,-0.9041613847447061,-0.39910472854590595,0.14171477894350515,-0.16819421922277278,0.7668678179109254,1.9145696598025488,0
-0.6846552256203129,-1.91060408063634,3.252276435869096,-2.4679143270781356,-0.9029699190461624,-2.671841243591404,-0.33148312358624177,-0.23547675720718028,-1.2747642200769964,2.1603779380259973,-3.9911464193157515,-2.405439585430626,1
-0.003970402913209172,0.5128253304290835,1.5639811095102776,6.452564126900995,-2.0227000126674977,1.1062842840819154,-1.745284730275137,0.08623873376819109,-5.762196213771941,-1.4644623609259497,-3.4909275266054136,3.2683415230887487,0
-0.8775065954398293,1.388658482272056,-0.7913058295595865,1.6752281925465606,-2.40049789337544,1.164048819461224,1.578181581487129,-1.1046544801411722,-2.3485399696209783,-0.7441108461398294,1.0078830093365263,1.6825889875280755,0
0.37894142747979565,-2.8983370624587845,1.0824349845797825,-6.617205373620028,0.7489876567914688,0.11429441329150092,2.76528333958122,-0.3372187424089195,0.21811295981252113,1.907834011449558,-0.16895580966904067,-3.7390041320737257,0
0.578439606354987,2.116193067678103,0.2145283389872905,-4.188747742265542,1.1463174357694896,-3.90025641878234,2.646401144741281,-0.9566927233297985,3.267920288242868,1.3752694610587972,3.065771670044286,0.687824280405261,0
-0.5985714404264132,-2.5812242645043226,2.7494600354702534,0.10706226058020435,-0.04981521685303092,3.7121580395313982,-1.2665595326581078,-0.9718658578855145,-4.392418822649252,-0.5970155114122373,2.7948614410493846,0.7737592390511364,0
-0.26104590683675616,-4.49421539504102,-1.6733019195900565,-5.2310460851441825,-0.6304508595807103,-2.55992887795959,2.6528753162257726,-0.06647755651787812,1.5041189817981409,-1.822842588323978,-1.7696467144465675,-1.744884259430283,0
-0.7001397674677391,2.2407748635884173,1.4119048021371476,-1.9031786700485849,0.47844661016092926,0.6691756140524026,3.2079959327483603,-0.45926332367964695,-1.3345470139994116,1.2732740737629338,3.087508982050796,0.5359865704652529,1
-0.4416941784902326,-0.8817730910207211,1.2873730958645406,-4.10087428572062,0.001468540945463559,-2.718281735683825,2.307130904056841,-0.7744419403791802,0.8711539188150499,0.7544752784835179,-0.7179541685013213,-1.8585446945862174,0
-0.1219253450490201,0.9938764122758035,1.4046874809377379,-0.9999925600799685,-0.7260043636468836,-2.5039198159335085,0.49638896994575066,1.094493352525443,0.6966463588792767,0.07390937013437116,1.5499227329865302,0.4087865133479305,0
-0.012782709789202349,1.2950693354912768,-0.12016789210058887,0.0967106864084369,0.2509964775174285,1.4171549958629814,1.2324797729208243,-2.0190320902754935,0.7144182250989384,-0.9443203512582578,2.6104034683342308,-0.9696533892009499,1
-1.3124309662343256,1.5877504614444178,0.9792297015700271,6.232211360570172,-0.2889309028448217,0.6873419486821066,-3.5893783444182863,-0.31662073904313953,-1.3322242142719865,-1.2345311609614271,-1.4196193677483637,1.5982518892078392,0
0.051846950479485156,-3.986321636048947,-1.642604177136532,-6.240455115261909,-3.0002125940028144,0.4881323391568604,1.7402645751391521,-1.5018894886662848,-0.11333875797864708,0.9531558531622725,2.4313318215634445,-1.267895411278922,0
0.01951147683923563,1.6674257030212591,3.099963729145904,5.094314627534919,-2.1296037383353426,0.5690366849609678,-5.1960982269110305,-0.22256293265858162,0.5200431831805845,-0.47646536217170454,0.6152195503669073,-2.5403854761182574,1
0.06645096147879417,-4.567183689433308,-0.07494073581025162,-8.788814624525887,1.1844374802811664,-0.5755900242177054,3.040071359991706,-0.021709355705911603,1.5693070832860945,1.7593035699921722,-0.1772468195220933,-4.029766681965972,0
0.35138731913812665,0.24453421040173717,1.8000294406447346,1.0182143010131035,-2.828222424911419,0.7573334852134159,-0.30778403226979445,-0.7854217083818482,-2.2589244557735664,-0.3253066330200658,1.3729600611338502,-0.39478595366115243,0
0.6947593062678442,0.9484775094198479,2.6659325180131184,0.25664574031060566,-1.2607433121252305,0.7543904687728145,-0.05122233972761703,0.9368837993012797,-2.030808858968342,0.2773154888598657,3.0337979668675983,0.2777603565959378,0
-0.9018858907504247,-0.7892811513768698,1.2579995145975922,6.3217677296255115,-1.0429494584267844,1.9990307913453291,-2.9146926390488566,-0.9652920722448233,-4.730421192661388,-2.3104683280150478,-2.810754445255247,2.4918282045561053,0
0.946900983191935,0.3670672546240965,2.110698873991407,0.3665501484171904,-1.4866604965200905,-2.716561855608418,-0.8057003877798203,0.7458872756514565,-0.32986966181307426,0.14178012906530224,-0.7315025442487189,0.05309368877923326,0
0.8514391441225184,-0.8161831316187778,0.8827321700136037,2.0030828977618262,-1.6950481282177616,1.8447954217148594,-0.1829897212128273,1.0977798947670196,-0.9774949678482375,-3.0534098089703487,0.6186959147211096,-2.2771163492549067,1
0.18289801994780006,-1.8077823550933716,2.5286007277412805,-2.058258240740114,-0.438421585840725,-2.288475276188685,-1.4812585694954221,-1.317592068807545,0.28896105273794925,2.1748738961597516,-3.630451757248729,-3.0666005024613834,1
-1.1016870030055173,1.0171662465512632,-0.49971025056150853,3.137694959774979,-0.377302178122055,1.708326723114551,-0.3174701796906215,0.28774241489664565,-0.6276360716008317,-1.683932962429247,0.013620036731579743,0.027224025969491805,1
0.8228870732211897,-1.2893598806975388,-1.2391891048298578,-3.6700641179301297,-2.1556776515311737,-2.4757692490705354,1.2119638791827412,-0.3486762689336534,1.6746635556189342,-0.3571892965882677,2.6007704532639,0.5721649029310818,0
1.4456906115064485,-1.4964523192874002,3.8263484842972466,1.8230414864535691,-1.356000932749808,1.631527884674459,0.1450738292535585,0.23136187053785534,-8.086360446774941,0.06333954677040299,-1.1571809325083797,3.501283352411689,0
0.9477313575435709,1.3708194542709777,-0.20188315648228072,4.5527217066076,-0.2196831224048239,-0.15879486550629363,-2.714606937427635,-0.8410232198823429,1.1990323219145502,-2.1643978678661275,0.03671180530185536,0.5342266226684906,0
0.3881015236009356,0.5222457863914158,-0.7663543107154644,-5.437966779185058,-0.5328267926747987,-0.49008073832753374,3.279619356734079,0.47643165408744304,1.478738840718021,2.0393945537805944,3.8944759763755967,-0.6291804141153718,0
-1.238845201395768,0.8231334992568329,1.8660579854114197,-4.19828503813062,2.43646038531614,-1.505656682742394,2.134602002881161,0.945571523982551,0.9331842590016417,2.4180577797501197,1.511478927175745,-0.5043059223143365,0
0.3211511419881149,0.5674345237710356,0.6289936092883253,0.9258239358526084,-0.1867754090509437,0.3790931602883788,0.36665804627683685,1.0755100422961206,-0.08010248410438929,-0.984117815578893,0.11173787472018537,-1.0316512240438545,1
1.0351466464951757,0.37730345948349586,2.08039104996543,2.7106602699295816,-0.7779361211376529,0.7002338481263787,-1.9699092841510215,-0.7142177583105631,-1.5201432592270623,-1.0699649009254317,1.1843918719877413,0.4728482693753493,0
1.0829511855204879,-2.3348488075197475,1.4560953446222422,-2.193869371030483,-2.0388926257439994,2.9368968753366755,0.23725722133121152,-0.28962327714740704,-3.661883699162471,1.23371092572146,2.0286473304807453,-0.521699289284575,0
0.3861049151594207,2.093562565404569,0.40727648574715014,5.2551558781083765,-0.35828950750192945,-0.4704236278190784,-3.4231945214442328,-2.1127442345503624,2.4508195793926206,-2.148117719310779,-0.5610515537129038,-1.4450715005102852,1
-0.9531661506683665,1.4135499850489555,2.3571169967740637,2.2814232729090196,-0.9904093158941367,1.108191735502394,-1.0237545962941195,-0.16213644296718147,-2.781402542418634,0.5553144604507836,1.2382670051650417,1.1782534882392124,0
0.7872449364061692,0.3892873732673281,1.7313447298206044,-2.2754962211014584,-0.3620112104258877,0.5128419155874935,0.689901031862463,0.9372268327344219,-0.22806545722587881,1.5205480509823373,2.5354670181802543,-1.3158037725801726,0
-0.46236114915604065,0.45108661506347303,1.110896223090557,0.5974501293433894,-3.7304005821009247,-1.4581266462579812,1.3450513211103665,-0.5008393714024244,-1.4035680599780767,-1.1799173981794897,-0.7483947566013505,-1.104362348786853,1
1.2455014504805957,-3.684475793619108,4.505020661853075,1.2812034769582783,-0.1255435435908715,3.5531222252364842,-1.3434632990122237,0.15418613038964532,-8.610897784909698,-0.24515731830252097,-0.23162554066033358,2.95038932928672,0
0.736892421023173,-3.537289674184738,-0.3051014327158963,-9.079407107143897,1.1004992944881722,-0.2754717082388427,4.710940888248911,-0.7163810530835396,0.7396481116302336,2.2674481218295277,-0.07955706211399272,-3.4962960764404087,0
-1.1268734380540313,3.800998918988027,0.4646475560094011,-2.1736339970968768,-3.694245160788262,-0.4299875184457427,5.405401999944834,-0.640547921685266,0.08478710873417994,1.9131961397052613,-0.47519500069043175,-4.679121002900507,1
0.05961584255892774,1.8692701570350239,2.833171402215159,0.07443856557255579,-1.4483602924073087,-0.11270787179807729,-0.022258169758944568,0.8558538580091372,-2.3618129420199536,2.23061917860612,1.5729151425015904,0.7131140828081872,0
0.9030985513587247,-0.5762851609623496,4.974705190836902,0.7292070475658599,-1.526792044986688,-0.7346597809338102,-2.2819989061905295,-0.057099560238198864,-4.660077856692221,2.7911055522851305,-2.0555638627794677,0.6008763267885915,1
-1.083782369831578,0.08414095398808386,2.757459629288837,5.087574488465054,0.27982813594198075,1.3934165390579332,-3.481010416994953,2.4543426226289036,-2.973273382950189,-1.4490341438936605,-0.5463006947966138,1.5374776812690931,0
0.09210152306252128,-2.5397889405218113,-0.2540445446382491,-5.914442796477435,-1.510880372363587,0.2819610727203179,1.535949265860529,0.4642915703184589,0.4872679509429397,1.8108997292303228,2.4827032478072057,-1.9867240589406077,0
0.09667619243096304,-1.7266188053662557,1.6882451316861515,2.0413482719883445,-1.5313789607169155,3.3814683301471185,-0.2755223008936728,-1.5491407492975704,-6.230627935380624,-0.7734947020396685,0.1842461825030668,2.290850609478171,0
-0.465241306536961,3.6166794259257276,-2.5841763037255174,5.75586201370541,0.17885050065767505,-2.72018040447201,-1.5274857138456004,-0.7342936006452632,5.191783604136245,-4.39682617153367,-0.05401806434660983,0.5075913511081178,1
0.9060655163188176,2.348896789283851,3.284738614215485,7.587471126109529,-1.1826963469292047,0.17975509734602557,-3.862349104312571,-0.7916645059803993,-3.030011903852937,-1.2978137088362496,-1.9659863417428802,1.4404586527320276,0
-1.3293483668254125,-3.007333013075987,0.4103541563594043,-3.801369204181896,-2.7980587045058005,0.5214755412948411,0.5148849524818346,-2.0929338015144547,-0.7973260038716679,0.6961211077575581,1.0302149220739558,-2.325360791384072,0
1.0476852020096188,-2.475424528866633,0.9984208612074466,2.1519222464385392,-4.163942635350464,4.625023249290962,1.267924606341385,0.5769871151522176,-8.12216299964082,-1.9871359477766197,0.21593077240244318,1.8122447501128507,0
-0.25454657522873575,-3.0108228719191774,1.6114462549105921,-0.7195961648860846,-4.221576326857757,3.1486745398109717,-1.0470522574663006,-1.3258172633175902,-4.270828200979569,0.20432465753237172,1.762274797838627,-1.066777557193135,0
0.38420902361118153,-0.6249013922127762,1.2013276721460215,2.3883185890006433,-0.3110438599239761,3.2883620142305796,-0.7331547008973867,-0.15211743945733394,-1.732445012124759,-2.9869036181564987,2.865260450535086,-0.5573313853924613,1
-1.2180165304991364,-0.26204814903322093,-3.341474059794556,0.5799039238135585,0.7159022072350274,-1.1270034034396352,1.2933328223726135,-0.9588459945989697,3.23010080362605,-2.598179843161645,-2.6687829216224968,-1.3574685786222478,1
0.23550978377635395,-0.9141515337643529,0.11667782947905225,-0.08543158248453463,-1.774961123723727,3.4669800011474967,1.7873789869441357,2.0124145760844407,-4.692126431128796,-0.3796841946673507,2.1620330204593308,1.8400225035410012,0
-0.10863545600558576,0.6727034402270058,2.2455832072413138,-1.4863039788889825,1.218954710160232,2.453484435331851,2.450432602437449,1.1911704875488753,-3.6519682302550094,0.522087667470998,4.3790864483176035,2.219818384051263,1
-1.1975213221703709,-0.8811096579948245,-0.8523938546928131,-1.073786378997115,-4.769172438717188,4.692764668872605,4.43740864471863,-0.7540783939350918,-6.025476450481928,-1.0706082343777676,3.404125749492123,0.9547703503059117,0
0.0921558265406675,-2.3032349398366714,1.0629912581363599,-2.1435945552536757,-0.35813880972817835,-3.7019613712192516,0.6420523243306893,-1.1153419873417707,0.49070418771563645,-1.0984491862093742,-2.510958860899346,-0.7290668313769247,0
-1.0193064483091079,-0.6343074750383657,1.656601664728599,-1.9513299435360345,-1.016811001139606,-1.7877065709258906,1.0556112344967734,-0.092736533555633,-0.0014989924820609625,0.19874849643848058,-0.8821664663210054,-1.9562668252327513,0
0.2584191035768722,-0.029981830227331807,1.8575806088289353,1.2483697237640776,1.5222620638159778,1.0573137478700168,-0.6165954753594105,-0.1312189361399757,-1.1296457759399359,-0.9130368333954324,0.6851194079898062,0.13907654135292735,1
-0.424760402651162,2.1186963287457274,0.5029889650631082,2.073163792960076,-1.5538154182002863,-0.43914340190092305,0.28968935499225035,-0.008844970287087622,-0.29805701652931404,-1.1454242814236546,1.6502908846712008,0.7637002146339552,0
1.2651221897242582,1.2665620620047453,0.3776347390069883,-5.5233388855293315,1.9066306485716753,-0.9325617314540053,2.6522884502012185,-0.024365133703269065,1.865207009192908,2.7956085959767814,4.787083514388853,0.5734956990586715,0
1.6720447713421076,-2.3273531043104674,0.3198431681764481,-2.910333285419587,-1.3070943691939543,-0.11771370475066145,2.298524916622178,2.1588412866314024,-0.13538612528589422,-0.22575304750877268,-3.1740457001135662,-4.595579238523289,1
-0.14281693451669084,4.327165807908145,1.3509543317821582,1.0134323924834758,0.6305514412119755,-2.82969081159505,-1.0589400440821262,-0.489312979760286,3.572072140121264,0.977588690127756,2.918727791269569,0.14641838972265742,0
-0.513718670529673,1.2307547941961947,0.10535550225739088,3.74874834544902,-2.320446538614036,3.054857900180808,-0.07905309175925224,-1.1631388452268039,-2.7056329695153716,-1.829053658655865,1.630426807640191,0.5164959312351878,0
0.4153179457998247,-6.481518065558541,-1.6201073744908667,-6.448696164426957,-0.5801367046063856,-0.9027690598664209,1.5286491956379193,0.28705579760310984,0.0051104228266911425,-1.1683962468187667,0.27471693493864513,-0.23237638694060914,0
2.0826175945169254,0.7647273291183911,0.1659627471907742,5.151115350883917,-1.143030482163135,2.2258913782780296,-2.384041521513857,1.0025290211393028,-0.9651683311528734,-2.6465197433123775,0.6367649714736622,0.15306165820245388,0
-0.5065230636137539,2.8224490923485446,3.0117311106892637,4.575727883694267,-1.4681304705097422,-0.38587894281215473,-1.9127122458503845,0.49962590537670487,-2.0152853904547743,-0.2134530547798974,-0.002061678417446977,0.8284972267636166,0
-0.5074827208193728,4.451906925678513,1.0757407199627629,-1.3429647921467571,1.3892782585569097,-2.959106632243633,-0.22734435791158236,1.416958261953776,5.549345984059737,1.24473488166961,5.424736344441821,-0.7882925133160594,0
-0.24325185121232265,2.1818612438880898,1.2811923292000498,6.710283098005594,-1.5883315607898023,1.4450826588304295,-2.7495506497532665,1.0327445576271084,-2.0808481312482847,-1.8128310612402827,-0.6592663996810562,0.8842740219608876,0
-0.928233629270396,3.1787290488277216,0.2641648596991806,7.29350988644465,-1.8838816019652067,-0.6209093559688146,-2.6332821502460675,-1.4785906728625335,-0.41725195580510327,-2.064406652958719,-1.9667590288796042,1.1255515862528822,0
-0.5988229450780425,2.225353033330515,4.8611097042444396,0.9438587457184714,0.7804035300701258,-4.50605730702676,0.08713851478879464,0.16780802168516282,-0.6807038505142675,0.3115672014266806,-1.6944353945873,0.2814841413671676,1
-0.6524980351927304,1.9810602807763196,1.2874942756719294,3.723936310627021,-2.2776771094052775,-1.0384873449351355,-1.847869223743671,-1.3753579901946509,0.41284179768166307,-1.5253036474309165,0.4363533813189422,-0.5367950962191692,1
-0.22709654249518194,0.6395258302520523,2.348303321427351,-3.6881968988641214,-0.6911147916453095,2.451377320586247,1.4992388058164718,0.7481139173043445,-1.5276739629549994,3.521924150397632,3.4239519242816274,-2.3153730698899064,0
1.8626531937613244,2.6500386987179825,2.8387873419666807,1.6986871817460332,0.0015851315220059004,-6.8609069504947024,-2.2971607472708158,0.3617149039004792,5.108833166746865,-0.8132075594355038,-2.2130196652633085,-2.6102895638357353,1
-1.1561289900739753,-1.4005518653448261,0.626028162079921,-0.30145618250117073,-1.1968336227138432,-3.16126248222367,-0.6273782272781985,-0.6419225635473785,0.32397537165537926,-1.7180676395390688,-0.19361895086619074,1.1818009402296226,0
-0.32966929733437567,-0.9685717936737231,0.49545493645498173,-0.12639259970995512,-1.7218252662098659,-2.658573143797369,-0.1786631907842693,1.1642087890564108,0.4365550002734552,-1.83605236378799,-0.11190500334257858,0.2538182941868352,0
-1.5807358537369058,-0.1642589357471046,1.6674897934550068,-2.288117478439043,-0.5163978908277376,-1.4367736443948724,0.5172978980424556,-2.3232834936878577,0.031946041811431056,1.0168435087315444,1.1667362479219368,-0.5206515031120476,0
0.6905829936331914,-0.08950507604207902,4.223707143708635,-0.3271015454233133,-1.614222075520892,-4.3149230772602305,-0.8075856856231274,-0.5620081027361622,-0.4482189272552508,0.8778668502789817,-3.6815981606811694,-2.4164951649010433,1
-1.9885443796666666,-2.130044528049144,1.8288800953124693,2.9041695649372765,-1.394124986412818,2.8355425424555447,-0.9971732278992292,1.0197051710870821,-6.199215465876294,-1.4428118345301715,-0.7896297530898988,2.4917019522904402,0
-2.3946448656771473,-3.4081762621448446,-0.36686294119319696,-7.527270007661678,0.21329923607884083,-1.138006729398198,3.0387370323812584,0.9520326402673622,0.7595210806914929,1.7962424612217651,0.2283804484850166,-2.0032181515611023,0
0.7010235893410109,-2.684237221683464,2.000194681289823,0.4934862832006431,4.0233893686044,3.5962250800373208,-1.3844719658340696,1.173749862940899,-1.1394474856112733,-3.2332425219066008,3.8418141105875723,0.4259149066351289,1
-1.2732822629925449,-0.8629816262220198,0.7096312159975484,-0.029981389357302247,-0.3168181605140611,1.4246937040391985,0.8232835870825301,-1.1771309341994962,-2.8823412186628086,-0.7993098722248937,1.629377459251593,1.874959096087644,0
1.675893461754955,-0.9170322239876945,-0.9443322644306662,1.9467906201009513,-1.1694117280083234,1.6158504296381038,-0.0599261305948291,-0.6355739326710477,-2.4940397094580287,-1.6754384686846375,0.06924350004403834,2.087241958639843,0
-0.010775868049317317,2.523001819385876,-2.159735478471162,0.4093412448951366,-2.230642354293515,1.7313635951124098,1.7818334838537795,0.26359986058497964,0.3828434492984583,0.7289438070214562,1.8101090248797487,-0.5282446492412578,1
-0.8862318657461025,-1.9366617629904685,1.5450695799379268,-4.899658101149482,-0.1686357995155554,-0.8395871562696076,1.5546481463686095,-1.8781154909321418,0.313630194230696,1.4604472488746159,0.43576931187428913,-2.705831617592962,0
0.8061610986035261,2.361416372048357,3.9693372713332593,1.5664251628706622,-1.3452330662738343,-1.9951424495077288,-0.5991117116999187,0.5616036831936777,-1.1379382592320832,0.7622207777770772,-0.1474397396742959,-0.7536126333582709,0
-0.2891951925565156,0.5334705736612821,3.371639680607015,1.2215015650032002,2.8556055998195093,-1.405622828646036,-0.7996737810914254,0.1173793842292096,-0.4129411437084126,-0.20203767588657784,-1.9688588313841544,-0.43873088069709487,1
0.4672713799967423,1.2720321851138034,0.7626056277305303,4.094411595880535,-0.2578892426999262,-1.8188879274515233,-3.3572148683260306,0.6192900927229342,3.999700599872043,-2.3538793980409536,-2.1398635537072757,-3.767921171284595,1
-0.5468673464970253,2.5278262913284544,2.5386550196305686,4.256060180826953,-0.9730552895374688,-1.4212783589306728,-1.9390496071444758,-0.1288589329549574,-1.5760460147299826,-0.20291614202709995,-0.6857564223205697,1.6666401647327924,0
1.0251945631019652,3.5639850468211325,-1.7503973548027365,3.355121927565794,-0.9312619577765703,-5.005605124846098,0.803258387951419,-0.6485712948049118,5.744762385567763,-4.475534652494523,-0.8105206260223463,-1.28499568159447,1
0.4127385139191274,0.14178338507985888,1.3288000937853248,-2.492880812388932,0.0007669199257722692,-2.2697147772231516,1.6283358095267007,-1.0388762761767592,0.9876008417427594,0.8029337859169642,-1.0791881139180584,-2.0542713884826247,0
0.3960654711073658,1.842166806645007,-0.9305498544004036,2.399221020385405,-0.41103699460760135,-1.6537549494201742,-0.2483563352751894,-0.23730804804255518,3.194004093418484,-2.4560122968087508,-0.3222743821509749,-1.4545358798285735,1
1.3956899163877863,3.0269575358141663,-0.849279393311225,3.9119644414481742,-3.249220772342892,0.8012873535793604,1.0489821892637297,0.8600953382141863,-1.258297288536568,-1.7466994721912918,0.8837368902161689,0.7776358000183233,0
-1.4740485553079432,-0.6748318803585985,-0.5036722066215664,-5.047073790590096,-0.48761457894985316,-1.9539080231324082,2.7180579447157007,-1.4684448218125161,2.2279037674860387,0.9143417997421219,1.1267989124465503,-2.013512309893363,0
-1.087711771282221,1.0133949881785838,1.9926241119637425,-0.22468581321504313,-1.7432175220277677,-0.42736336100524797,-0.6731916951895878,0.30502560846382726,-0.4583743280300671,0.9604799581899314,2.2830038177058896,-0.3903712164018537,0
-0.9783489027784016,1.7357444801044566,0.8519316292763164,3.173778845791677,-2.701843532242786,1.8439289996634398,0.7193121756470333,-0.018699204236001212,-3.6600671010730146,-0.8778460869446056,0.9213388161255115,1.3290721591339205,0
0.999936475836576,-1.9231719403209078,0.4327034601252655,0.6031123696673166,-0.9610638368039075,2.595573461782671,0.4872746188052395,1.4622629533161373,-4.07959198049994,-1.3944438518905422,1.1098671800630566,1.8770281433811142,0
-0.24816922860837365,-0.8819086794062467,3.158414676791053,-2.390338367564197,-1.3406852255370585,0.8704238232658408,1.0107532740254406,-0.04560343706381595,-2.36738030656015,1.7575768621988623,-0.08423367658281666,-2.8946242120100374,0
-1.1006685124422888,-1.0348744462304817,2.812678618031506,1.688610145746575,1.0801172459814197,2.149166418681978,-0.3100134250177706,0.7055102198188876,-2.0280712109600274,-3.1663731638648,2.046502414874698,-0.6971844296086457,1
0.23413416936748155,2.7807037264169856,0.06616606819119253,4.136438079248358,0.7097194849581814,0.2136739979836575,-3.071754784635364,-1.0176003364951032,2.2158767156990224,-0.5760261143769965,1.3924953938418876,0.2988651132083686,0
-0.3069107844313495,3.7233082216555524,-0.6963970018742627,2.577436721492897,-1.96622893426058,0.46033706629701276,-0.3169474581274626,1.3201013019688017,2.5876690415912265,-1.17993306151096,3.7153341923588203,-1.2331375655085797,0
0.28602285239054526,3.390185040637418,0.7256303300635734,6.299513447562193,1.1323220864035646,-2.058695795752772,-4.220569297010686,-0.17114979455911083,2.4765819159543017,-1.1973480504990275,-1.2324770628462471,1.1709208193205256,0
0.4275749682988213,-2.806560952233996,-0.27092046106920953,-6.523195122224332,1.1424370136396083,-2.5809024474117805,3.114053772416106,0.9797042227809103,3.1107529861526633,0.06779310846435704,-1.2838880087700213,-4.017093468340297,0
-0.38226953127039515,0.4583050661521031,1.1124648966661055,-1.4663889452118812,-0.626592150848798,-2.5763917561238374,0.4900628057305503,-0.16581972893132738,1.2984573154693486,-0.04101897013915656,1.0064285927343006,-0.44001989936123964,0
0.7289062311608138,3.845774926540615,0.3783338866075415,6.279664321385633,-1.6090208702921913,-5.200408422716892,-2.5799458044459147,0.8264687926960065,6.440705655053525,-5.0544236254089485,-1.8050914025182572,-3.546142642957413,1
-1.7813749225084043,1.9485827993039067,-1.9558592642365906,5.198373669315866,-0.6707916684965615,-3.429233227894611,-1.8073656458655216,-0.24937221419251324,4.559447939083256,-4.0558541990677455,-3.3695391488012145,-1.3273875527254952,1
-0.11439655194309913,-1.9147034540860193,2.8643562284221495,-2.498633313739002,-1.0302813716979193,-1.9125924736519353,0.4693583352829689,-0.15402924845049967,-0.8600773966678656,1.2362447400998993,-3.653389357350724,-3.6318055120322903,1
0.10475868463735917,1.0786369314281408,3.986633349571692,-0.3765195871330066,0.38255939376722914,0.9081085099606688,-2.1867442090991553,0.02367287493946678,0.7762008052118535,0.5288319917537658,5.592941585870608,-1.7450648268128597,0
-0.8849628495870866,2.016349031588055,1.0209425323225187,-2.36591221243564,0.5763274595789281,1.016452158459154,3.527009943439078,0.6825697062762643,-0.048513697232843614,1.4734302700096462,1.2405730663279861,-2.42817514468303,1
-0.2659894040756066,-1.6301802561733072,0.7233076921497389,-1.8447818458899672,-1.5412458022579623,-3.1164246046448065,0.8518842090841309,-2.5639857696129336,0.7086552895179157,-1.013683090515991,-1.9678007009163165,-1.6289109819088048,0
-0.8732140429909276,2.2998462657183456,-0.5844481152147765,3.6386708842968347,-2.4649435442267573,-0.4465041621656922,-1.0448131190297103,1.6048163854898752,1.3043978586126943,-2.0517708649665916,1.1550728657492082,-0.3336756199843527,0
-2.3816834320057314,2.4325435423021995,0.22871906776565543,3.7166090219477517,2.325412084046777,-1.5811626243249104,-4.03528578048517,0.29096637121547,4.185026613764929,-0.8916315440080604,1.095142325566334,0.44373358067392654,0
0.5461903083440809,1.3552443777362273,3.50043666992419,5.181895202881285,-1.9185659585483428,1.7796233635444403,-2.561169097472789,-1.8673888823990394,-4.422205542102834,-0.39432797707460787,-0.13241966059164567,1.0356166175314352,0
-2.3833074986637923,-5.291942115147643,-0.7748520393258906,-4.685687462775948,-0.1598309211200193,-3.0842887512242014,2.1155609241238444,0.020344066281184254,0.944844901880325,-2.3677252450642494,-3.3215846190244873,-1.912722573559929,0
1.178071131383931,1.0862152327870178,3.0455182497298168,2.22627031539088,-2.0033823027514988,-2.170679524805827,-0.6218335288916406,-1.1456255187726918,-1.623787053926167,-0.591596782392769,-1.6842794322822483,-0.4248681762534777,0
-0.47819884697140885,-0.1589760253794954,0.1164560013311684,3.28811812781855,-1.5164138250238528,2.3134807137050677,0.3657566998345405,0.4838272096949219,-5.756609269430268,-0.46157657219357995,-1.607935244930383,3.6392252937271046,0
1.7720734120228971,1.415266881156556,-0.6133827980281292,3.867227218881172,-1.4912015186427086,-0.942372296921667,-0.551490537406393,0.5999700434671053,1.7608361104017716,-3.2402674945884824,-1.5095335759588668,-1.7812197692807983,1
-0.11095388484680924,-1.87253711967473,3.048979193821625,-0.5727491822475456,-4.91830182068345,3.194194500451326,-1.3127511326358268,1.311131176837637,-5.197241961642738,1.9448458416606906,1.657366407749939,-1.5043409748636942,0
1.037905950542355,-1.2141742759615095,2.1649680476660467,3.344312837876697,0.203214589521715,2.1728251028688597,-1.9799911012025866,0.5204529160960681,-4.60238771249542,-1.0861351929394818,-0.5254642399279648,2.4775141175914293,0
0.10491958065396927,0.460420568868682,3.0197521091776336,1.0723689572704633,-0.735861954477701,1.9018922402254739,-0.6787461505845832,-0.20028629409549126,-2.7341244888619127,-0.1981030999900879,3.057714573022344,0.2613199571573054,0
-1.4437906206803306,4.420919486393722,1.3164473654630189,5.848457854200589,-2.2815164180743004,-0.8720344462081542,-1.6858032515598416,2.355753509178014,0.07501407837814783,-1.052795991464655,0.09990444745049065,0.19846020973445178,0
0.33880048984879235,3.936088206422147,2.118774062714513,3.809435075721004,-1.4358363874506694,-7.4257368997725965,-1.9665564272856266,-0.3061215601833045,5.365407834140926,-2.6561738275429416,-1.7128838165708578,-1.9327616384780668,1
-0.5055199499137302,-0.9687078200672989,4.110857764136259,2.892878396287171,0.4782905082299995,1.4191117997718614,-2.30293601139835,-0.6359792476843293,-5.638061243560319,0.1676125729512885,-0.6952047334424043,2.807482839026177,0
0.47334230156209217,2.954923492639864,1.1241742022526577,0.04269207359998917,-3.679272155681408,-3.4718045915564257,2.898844477208076,-0.2133093805150906,0.015162756587322815,1.15964535097849,-3.919130513936566,-2.965224759437177,1
-1.1209860459175727,1.7075461590378724,0.9015152883621944,2.154246822496316,-2.6341150723470217,-0.00540165854557928,-1.0024168051501017,0.010388002144565676,-1.0420468671014507,-0.4172509051873524,2.6372053718344395,1.3227251794190882,1
0.8560519641836488,1.9050133327350514,0.44158457798686923,3.298128601360172,-2.6465156538195824,1.0480761205604194,-0.4413591276405683,2.3888247881124336,-0.7404101269177685,-1.755314770378277,1.8090004376262558,-0.3248773050713989,0
-0.8673352072334776,1.2460158438229518,0.4657051900454743,4.6053048183179985,-2.627775702677844,0.9069211822931722,-1.8356490017557066,-0.484638213735727,0.703839556026009,-2.8114645970415517,-0.42544565947982593,-2.904807960535128,1
0.1380691413746408,2.2583355402212364,-1.6451162571872069,3.6822387545271518,-0.9806447603603259,-4.26009075935358,0.14486864141076095,1.1358459903636846,5.024293506248485,-4.441315383949295,-2.901259556067264,-2.375790898999959,1
0.4064875112485481,0.35011673060423076,2.5343978202820248,-5.464453834397765,0.9490937313481289,1.1426842931072048,2.2017803105136515,0.2583316418641071,-0.08707278494646709,4.388589562084179,1.5945191226096331,-3.704303232874032,0
-1.25694033538025,3.2595262903939366,-0.7742902848077917,4.369095516905419,-1.822204011305769,0.47616214307695925,-0.8693588192785777,1.4038153308936814,0.8988672563062099,-1.4979805280629022,1.1857699830679953,0.12116601655513759,0
0.10761353914311589,1.34551980378223,0.30568290320865865,2.747057914178499,0.413631925964528,-0.3191162155865659,-2.0993810674069184,-0.4716358269178757,1.7607327109948467,-1.6053871829126753,1.648366548368144,0.2530650336996485,0
0.36322820958708973,0.999108371822363,-0.2153763426406794,2.5513313052392794,-3.8478217553852967,1.513855528100449,0.6575187139901357,0.5046076872423779,-0.08225756009973706,-2.971860210706317,1.270084168708239,-2.8948894327692622,1
-0.2778519850792899,1.4460596115566484,2.8718312133732162,0.678345653739804,-1.7504679881044864,-0.2990333577831813,-1.1065628555203264,-0.2936084891166485,-1.9086844318140186,1.3550082826833805,2.4135465180706843,0.9748480258798633,0
-1.2882857347455121,1.981554156157752,-0.6689729328400005,-0.26928999464285464,-3.0452205812345636,4.757956475826617,3.3064277972668434,-0.946453950690973,-2.311779243525306,0.18791435557070146,4.175326914177567,-1.663871034131195,1
-0.7878018163462678,3.7281114448009265,0.4212528206806119,-0.4744681423186385,-2.9830274325845694,0.7380454735813998,2.9553447652710134,-0.6035672597962868,-1.1525302598573448,1.1723468131000248,4.222935914165771,0.3294955537984865,0
0.017327450742808743,-2.4889837541721134,-1.0062548611968776,-6.006140679129336,-1.4468417623888943,0.2924339639304583,2.3988636386410302,0.5516136084182516,0.9186600779474602,1.187487059612624,2.1250206233689894,-2.342564771568264,0
-0.14436081045721483,-3.0967282503636593,-0.7220593873311354,-4.44891253742467,-0.622941725392454,0.04153077008066064,0.6968448922507748,0.8751956440039658,-0.31069480982614195,0.8168078273143962,1.9273658070098327,0.5236334639205638,0
-1.244478028615413,-0.9089764678936836,-0.09449698754035651,-4.001725286490565,-1.0850364103851995,-1.4779207887746457,1.2863599842875333,-0.8572916736570495,1.130427066420611,1.0703471627161285,1.8274587878819912,-0.697574750239325,0
0.8366991624144682,2.341233481121199,1.4659260332271846,6.356900307533866,0.6027595767079195,-1.6257586065142915,-4.232086966535983,1.3802687921929375,1.0076279295586301,-1.6954240148690944,-1.5878805028066472,1.1546521042550562,0
-1.2427677031633495,1.3692669862613942,-1.5269978314077015,0.25389810486874054,0.4173860998365886,2.924804615286911,0.9292107664408026,1.5046176604957646,1.2475425158845062,-0.40163675408038313,2.75817190480781,-1.3339956563751372,1
0.41802513559098825,1.697591799844178,1.0106583377183678,2.343522847503091,0.6738630578847573,-2.733754941962583,-1.0103833707257026,2.471992035575437,0.8915872368175712,-0.4975290865191483,-1.879332123574873,0.8734834667830846,1
1.0892222333896158,3.171722151897548,0.15497570453664877,2.9575132106866073,0.8869707010744263,-0.7950797385105635,-1.6578954926920306,-1.308820036297978,1.4798463715838188,0.4040429223601978,0.8778074637190338,1.4356866674452309,0
-1.2135174364205437,0.12349216581649114,1.767757668849341,-0.4402893359314265,-0.8670963364813886,-1.3858705163607892,-0.661717117115961,-0.3895817347164097,0.4363551824395563,-0.118774256977765,1.2248230780153988,-0.6865787382197872,0
0.842153111929865,1.1571514284303497,1.144128800956971,3.5613072909720165,0.28026824750721513,1.1742659156888342,-2.2956483233599094,1.2723055361266253,-0.33397409101278996,-1.2505494839353515,1.32215846124057,0.5303935555695976,0
-1.2647026106790027,-1.2425189739956495,1.0957180928608883,1.307477509954542,-1.3877997500754458,1.530076347424051,0.30008856992949084,0.8923616435975974,-3.675813627549251,-1.8669316053356748,0.9695623056754218,1.6205728401631019,0
-1.3719403342499414,0.33109174395400953,2.473404251476648,1.1497001769290573,-2.8534645341676157,-2.8628104740720657,-1.6778376362297918,0.1947801042868128,-0.4255291693114689,-0.3033597204958056,-0.29800117682370186,-0.23216705990928488,0
1.5306364768946799,0.6971960081046171,1.0538873751353561,3.752615016348383,-2.751698337407843,-2.6407515029544593,-1.223594660860607,-0.5562674240352427,0.07548186102721435,-2.743132848170407,-2.4655427254882976,-0.7306670216485874,1
-0.40564962127866283,1.2838038493586144,1.9970209773907306,-0.019148660047548203,-2.2905153310014166,-3.54242366032869,-0.5030250504385931,3.1951550576890875,2.026715753136403,-0.08094533217612288,-0.6398143138747647,-2.681997238557594,0
1.1050408888324692,-1.0708317637849856,1.2504375982867968,-4.200647773480312,1.1145399768359034,-3.0381067335441303,1.6295709728892422,-0.20655805372530803,0.7513043179411689,1.23622659070264,-0.35954127790369217,-0.11270826680260737,0
2.9919068827284367,0.053808498910820624,3.424957610415295,-0.6300802647084236,-0.06721600723901455,-2.0327465079464764,-0.31346098224316765,0.17239076544481183,-1.6922916078067032,1.7201583591945773,-2.0258447638877897,-0.42341835052727794,1
1.091675908946828,0.8309978074483961,-0.21713929884098682,2.137709335152372,-1.3636647672902822,1.8446879233698121,-0.502028363849119,-0.7795983631138073,-0.08342229257550068,-1.9349404784654851,2.7831443488540804,-0.2640064677985712,0
-0.7822546851536881,0.0020917913033553504,2.0329038933788155,2.1010208887988977,-1.312759116036399,1.419654299222398,-0.263871610649721,-1.0560984974810297,-3.1038334899942503,-1.5649625268959952,1.4764821617559938,0.8543089591899822,0
-2.0385622838014887,1.5819339768501566,-0.2761632435942849,2.758988945797799,-0.5629240979495009,-3.3670221672382206,-2.0499168335204976,1.536042879258258,3.7791869530597166,-1.7537693095583253,-1.5430879364742147,-1.179973307549176,1
-0.4993395975206487,0.6318030654907736,4.224953284711576,2.973269218583819,-0.13513162484424335,-1.2871524171118283,-2.5113077542625235,-1.4287859265407514,-3.6081544478236456,1.3550270561975815,-2.7608933686956947,1.5758879093028977,1
-0.6872881563064877,0.7155278348435047,-0.027147645560084754,4.953426776160037,0.9054449843618022,-1.0565373918137637,-3.1139742965968087,0.022142562570172823,0.5788442895617222,-2.2281104686041324,-1.749098756980013,1.9017736991786918,0
-3.59274683100687,0.9031788424080208,0.5562247198217299,1.263049671816234,-0.6108752014039913,-1.8699769586588353,0.00510814854654118,1.280666256672079,-0.5619159206724291,-0.29604390824457927,-1.160897896642384,1.351035282556619,1
0.7916838956239427,-2.0537774539881752,1.9915642373932352,4.36722951512599,0.8079808280017855,2.1955359167301975,-3.895588629243242,1.0505765541886343,-2.6927818814706934,-2.6561376871504345,-0.2911756806355523,1.2768185228384574,0
0.7035666375304719,4.357513428963226,0.7307322458344861,3.92602444414335,-1.5613990363513055,-1.0021958033535405,-1.0172598733322673,0.7742165418183575,1.7977810660106086,-0.9396505492120721,1.983563472940888,-0.3504521283172011,0
0.3745019611951954,2.965420220401188,2.4978220794147443,3.907736700077486,-0.14298708191550613,-1.150002551005346,-2.6462020433930866,1.1623792230634962,0.21251706489841862,0.036732085577426465,0.65640612837111,0.6552330018484338,0
-1.0320158757355504,-3.931039179662468,-0.4967799805554727,-6.714792098951315,-0.2935563869989617,1.1933814863729473,3.0927141224088595,-1.18003551462185,-0.5614275705641689,1.1100347207758405,0.7061493411999666,-2.5877867021208596,0
-0.7812915350061337,1.6451167144563255,2.3268905328206526,2.487583224827147,1.3306100140323514,-1.7558497356501457,-2.0282067535190587,-1.3243270227196096,0.008352120618974777,-0.23716394681455533,0.3833316610850044,1.8335913003251099,0
1.750452845130475,-0.2121969137839672,0.39097015286820846,-4.7501367255404245,0.694146407816943,-3.5298885754791893,2.6116817204665757,0.2816241222700317,2.8404531162650337,1.1164074783484326,-0.8405268879140804,-2.4207913015167923,0
0.37369296129133844,1.6342201016607802,0.2481628831317848,-3.472515238178002,2.238352075529708,-3.033483999805544,1.7839583888560626,1.140763010064265,2.829130871495854,1.5329776395555406,2.211940792355362,0.9276036433065105,0
-1.463269883816991,1.6415348478536875,-1.9383932089225406,5.6643388378296855,-1.9022481062071257,0.6343000958690441,-0.8735249708816051,1.1485457165192152,-0.2938906686398191,-3.3051029491525923,-1.0397463414664774,1.2863504403583375,0
0.13439920817352455,2.0649944471823027,0.711104369212918,2.215156426834116,1.746163158678149,-1.4249076094825073,-1.826065570323962,-0.9648841052534108,1.8752228920314686,-0.4506576726712527,1.1277910036389682,1.3625542603009109,0
0.03978384457403792,-4.381858422589969,-0.17752042223920195,-6.826284748477105,-1.2824460140694436,-0.8704708270103715,2.567350273417205,-1.517354271858644,0.32656853594970614,0.8485260481611725,-0.9349671807245377,-3.485279791370303,0
0.24965915017837229,-0.028620096721420074,3.1830330445394814,-0.22263152312652001,-0.56063166678921,1.7127559910970618,-0.44595309758227997,1.4892105421822055,-2.7606620921856178,0.3878728255360411,3.545875272509359,0.39052819571843456,0
0.39003961933968656,0.33975408432105114,1.5654209437027802,-6.347492642779306,0.2625732650624859,-1.1042383283355584,3.4785857181688864,1.1040436951833923,1.177144155324075,3.426646822210867,1.07916665202741,-3.481110223318087,0
-0.6990051902074881,-0.6200758333523275,1.2946122790255847,-1.7213276246499774,-2.7515293819390454,1.455171305384603,0.1988837384390143,-1.150360243044331,-2.6222912036457706,1.669070339035052,2.627755709640022,0.10197798643482714,0
1.561826040399506,-0.5494256840855738,1.928420861469092,-2.2693525465370645,-0.6607947071251195,-0.6237085803219931,0.5373527466394648,-1.0499412623968638,-0.4237574177692124,1.1308968049816384,0.5156814589533721,-1.5888445422043276,0
-0.9511778359736703,-1.4081750946447347,1.4591654093558362,1.3274578775385775,0.579387840490212,3.585571640330474,-0.7327734750910304,0.04036409393678207,-3.3606543466497274,-1.0357520180470676,1.511981752113753,0.6784255409194369,1
3.477822554283471,4.858657457117154,-1.7877471842526966,0.6366904899982345,-1.4756028837549806,-1.2961326261236605,0.04069482309446548,0.8833227134541775,6.461350312536692,-0.6436880272687914,5.513287338076123,-2.2892969995797676,0
-0.5926574536609818,1.4270450126104894,1.5170083967002341,1.6936759627315932,0.35764448135186044,-1.9486758115352312,-1.3588031891883918,-0.31256944496721994,0.7430057732346639,-0.6420357633246111,0.8741344101757772,1.1329775585069508,0
-0.7402593606203306,1.9580896301677706,2.013478676927034,-6.389107171326588,2.822899985553949,-0.2713013633203686,3.5041420385239985,-0.9612927469476016,1.119632490481558,4.64915768253081,3.47277944623602,-1.360239361737279,0
1.4061238513105412,0.09495427573125059,2.7405848338583816,2.4605385392101224,-0.3399839273657548,0.40292878359567985,-1.1520875229433927,0.2685983449231724,-3.575590193584359,-0.4956026066906579,0.009250729117682766,2.0521375371672286,0
0.8028162649528677,-0.07419377964398666,1.32366163338992,4.378172138682637,1.9510201854074696,0.8253405231388035,-4.427030006908691,-1.8881150187055165,0.1787515002040748,-1.4948399860041777,-0.023608226345245953,1.0656982436504885,0
0.7099918890419668,0.7108480607132048,3.9997873380261644,3.6892187631304463,-3.5710197717585515,1.5237149484495012,-2.4988762099353927,0.6216670626980366,-3.5481991356019433,-0.08312138752446385,0.026874621042062508,-1.7407151314389329,1
1.1586184446949148,-0.04990653153847446,1.3977050922801089,-2.6796124077791936,-0.8070389151183057,-1.252059683077937,1.1653005769097187,1.457348598648413,-0.632210891842385,1.3812751096251916,1.4456773352570345,0.18407017417137328,0
-1.8879201491032818,-2.4707481686299966,4.152145459010786,3.8970850904226695,1.4316139625220226,0.6314815556605704,-3.2009609868142057,1.5410957301340156,-5.96267670149988,-1.3224985302285988,-2.5926612676597593,3.685561154643399,0
-0.7230673802962441,-1.2194512137630427,3.6170198238037794,0.905306488840047,-1.379611249058345,-0.8101122164126724,-1.6142898900412987,-1.3056515108791138,-1.0897166371731426,0.36263924754718735,-4.618808110778934,-4.674997771775308,1
0.1813867616837911,4.9754005560620715,-0.6800383315941023,3.9947939600333364,-1.4625872580340247,-2.915990547650392,-1.4073911932176737,-0.01651922645044193,4.637909610017919,-1.2910031254821397,1.3714682140724275,-0.7042131140332726,0
-0.5106479736238695,0.857239496813186,-1.8297463855006555,-2.218617401846965,-1.3209663177941366,2.6228687654426643,2.637533331189872,1.2423470504920553,1.040437501203891,-0.9037178472740686,6.21454325929429,-0.6501528736565381,0
-1.4757297500673385,0.27266602237228654,1.289334835095293,-1.3262869291825647,-0.6796688334108547,-1.2332034590437644,-0.041115602791551575,0.9665715028419196,-1.019909165042301,1.216006334714126,2.1746350254805034,2.0870666348399323,0
0.8126190902758043,3.1953798743045354,-0.8303660878805497,1.0118627564405858,1.61771244167858,-0.5992122630539585,-1.1517166785632198,-0.2890371566488765,3.975872283373878,0.3217868514246196,3.31904929351795,0.3353748604611908,0
-1.203248734230127,-1.7911945267410694,0.7067976853319758,6.613610550751549,-1.2076526350646468,3.157515982427652,-2.3282994257928964,1.2727126122476606,-5.735522999245088,-3.605813848157142,-2.8060182734534282,2.6896734923082697,0
-0.4780877251201304,1.1107429785317084,0.5332885916282109,1.24887464883772,-2.1175377989650244,2.072685385869044,1.2651005672242288,-1.3056293366106533,-3.4401781116572296,-0.0645905402092789,1.866387472806354,1.5179545898079256,0
1.119510130698893,0.37396035557535756,0.4667723062384912,-0.8827408293569375,-0.9914971942772539,-2.143737617138627,0.8153848292840644,0.9826243156979101,1.2317509661623132,-0.23704822407804105,-0.7338795831090813,-1.4474037078136626,1
1.883357591142344,-1.6931557266687025,0.26774133858050964,-3.7525724767399087,0.17344813520162483,1.068110253443478,1.546600450791184,-0.673874295883308,-0.8143669108393049,0.8626193091251513,2.379559936633224,-0.2034970300576563,0
1.0890929003290035,2.1332421138523854,-2.746175323505984,1.3858913485005522,-0.4997880714453957,-0.9064844839428415,-0.005140268844062712,0.5597426758175398,3.753648148808493,-1.9814704946085695,2.794533195852479,0.6427357821555268,1
0.2278789773026214,1.9141805997896246,1.911349866549989,4.205451036110598,-2.7472626245965843,0.11966236733709534,-0.6708507259633085,-2.0501701565328516,-1.4487042215772585,-2.0664682517323936,-0.16213074936662075,-1.0396118080878742,1
0.6144848029192843,-2.4386984706347303,0.4163231474725638,1.83333284205542,0.5634018232024864,3.483930671528573,-2.296425840630749,-2.2065317209894797,-2.0706745400162996,-1.9400688840072005,1.6659233143836187,0.7608927351698418,0
-0.2269574188830338,1.0557789170160845,0.03704311131036564,-0.4119374604378378,-0.5923157969455031,-2.727767904802418,0.005083310636616045,-0.6545590471158562,1.6771162842309097,-0.4511953326785143,1.7362443822873763,1.284563520428018,0
0.3828451572610101,1.5591103185530317,-0.14583021517736894,1.5137621844310356,-1.4451528816176054,-0.6636420721264635,0.31155456748394617,0.312182649752916,0.8086416560888047,-0.24266932734403146,-1.721010037190823,-1.8694656660018667,1
-0.3585777227619831,1.4935489221011193,2.175052389920257,1.9878561194612678,-0.7086249941314371,-4.143271185876893,-1.11514217316569,1.7340080477862807,1.395947324534665,-0.8131788113957245,-2.590087086701244,-0.9966576811981823,1
-0.6974112325891402,1.4296957395765726,1.2252850289904176,-5.626136768032102,-0.43262859103788953,-1.0517580834474496,2.4585677608363983,0.5721457102811183,1.2323579487406642,4.004500750360613,3.420990085253504,-1.5164034851291062,0
-1.5220225910234049,1.5776957267642988,2.03974983771256,2.3460778015967,0.6953981399430349,1.4667903279946364,-1.383204346381926,-0.10568916667044681,-0.9604708791891859,0.14088158133984852,1.3300299220139786,-0.04128375518102123,1
0.8841205245311688,0.7541745680532611,2.278143118865135,7.935954984895147,-0.2371670834140739,2.5504745722350823,-4.2779257445350245,-0.3393462704850256,-3.962419318032491,-1.9761765384313656,-2.020698634928348,1.818722674577519,0
-0.16351483586815127,0.6163576553148482,0.37362292300578936,-0.16977626711714994,-3.3439114769661438,-2.837630487770308,-1.0569531199138251,1.6922906463639662,0.9128796464000013,-0.2992465319376705,2.639470099939119,1.2717266382826113,0
0.5894448374502573,0.8063124051679464,0.49155534523391986,-5.642273090808945,3.4126413526541786,-3.619005631168833,3.623887997468875,1.6152709066989652,2.976328242050952,1.8354323694793908,0.6199310138124434,-0.34441794552774496,0
-0.005495388855388401,-1.738308320588116,0.11360480274983609,-3.6286132729969847,-1.3567326818066636,0.09096351285177362,0.6865715495117714,-0.6361939987255719,-0.7057328418173278,1.2305294725815736,2.5070275238630804,0.3441462952845804,0
-0.4741502246312605,1.8305509072830066,0.19540771363015508,4.851475759059217,-2.591762983391774,-0.13488811474821638,-0.24177977250916327,-0.7293426539008906,-0.9359891191134575,-3.045588626592364,-0.9752601003745058,-0.1288793314045681,1
0.3371493845077663,0.2549667835897793,1.357396593340025,-2.305261454750946,0.9819021415309417,-2.3649216716158286,-0.4719275768906597,0.05957912333016605,0.63596154269802,1.275331692753151,3.2734556857710193,2.705083308141847,0
-0.58089392732116,1.1726397353243891,1.8111210044692287,-5.387004879205652,-0.45045625866138017,0.7349254127466949,3.0463468783516365,-0.2635262557593001,0.5915561602658115,3.5885802891544754,2.868530066198195,-3.8009795097686228,0
2.183473124197588,-2.1156826930782255,0.8300629579745364,-2.677447479063557,-2.123320278816519,0.9458100688220605,0.13172804783703806,0.7143428348796169,-2.61654713282146,1.2777722032961896,2.264891781007154,0.9417165216471513,0
0.054356194746526344,-1.454396604060966,-0.1950166129776445,-1.5251532005923683,-5.059101923108027,1.1706348132423545,-0.8873193792340595,-0.9960018722379729,-1.4869955563776045,0.4416551806640381,4.2487212276974216,0.25443295145195854,0
-0.579587131321667,1.5662303377022808,-2.9624554179846494,1.3756826212869093,4.90473684659266,-0.15762983624042226,-2.903503727782125,0.18057924705820358,6.732995500901763,0.4125890410191779,-0.738173420757869,-1.3329608477606463,1
0.18718141538416608,-0.5971467071978642,0.711767061895632,-0.4676990555723158,-1.1902844995360937,-2.4292148679967918,-0.8434549265641529,-0.4963605304135049,-0.5263627077010788,-0.47470481209337856,1.8737610330842056,3.009149632480714,0
0.381479876874686,0.28208155472894725,0.5476663036372894,3.7430581911965493,-0.748180545281942,0.0936864680147429,-1.410401469615191,-0.8887100791542756,-0.5831676559102466,-1.6370369288237776,-3.0951978620566147,-1.1593084844243595,1
0.5541576227454512,-1.8374339572352363,-0.5008794026086003,-3.7283376067990166,-0.5563009355546518,-1.3212670345589612,0.9066692487663214,-1.2033761563309424,0.8725288212266297,0.6382928519092085,0.8450303931877167,-0.293408794265581,0
-1.0055497804992484,-2.9429975457211377,-0.4181475281557645,-4.112329486364489,-1.6418122427030823,-1.504524991995702,0.8026016655518019,-0.9397045820623482,0.6938896420244774,-0.127403585324793,0.8568958153872247,-0.8872470187034854,0
0.7127821597453483,1.7847005954796518,2.747596433634686,-0.1285864095429913,-1.2450395440614672,3.279611241019493,3.316251410057848,1.3450037402688138,-4.111293273847435,-0.40314709133416926,4.1440026113723185,-0.34657139397501047,1
-1.8493976968510097,2.5502413859845916,-1.3243523588645756,3.0457572321273894,-1.5532924277385174,0.13631707907717105,-0.3599960386547527,-0.020054424995925184,1.5398930127161743,-1.5373866714004834,1.332307173060845,-0.060282512025253365,1
-0.04618040104607567,-0.8301402777304489,-0.49945371978427566,-4.134232898558123,-0.5573850750653567,-2.442321361276206,1.5332673538691908,-0.9076960803117613,1.3022875707465036,0.7703256777321933,2.1027896564735507,0.9045567528563487,0
-0.8933440967437731,1.607689578108199,2.382176781976754,2.461771837720378,-0.0003981400266245272,-0.06964010210477056,-1.4677799747540186,-1.0662907682354312,-1.5869036994967047,0.3530074947386319,0.5787328716790943,1.2321127880205545,1
-0.2758487613966442,-3.7725108869124395,0.5506088233135824,-2.8477863505959906,-3.843835417426048,1.0509767557129273,-0.20054223907525426,0.18306028426050439,-2.0891805736695357,-0.2719436888810409,1.7413229574091043,-1.2676037433980127,0
0.6869835313045347,-1.2654369120618079,0.12536409550476357,-0.30158871601804393,0.7662162532677137,-4.3488209093208745,-0.6095834415457955,0.2980298345283224,0.34537123934663405,-1.643646939759396,-0.28115305269780166,4.186803363330295,0
0.4206849548180041,1.850529534120638,0.9933336651190132,0.3210740470866319,-1.3211093365721764,1.5582928634234707,0.1599640585456059,-0.038686149423747686,0.7106604993509023,-0.7252460849564641,5.07572439539151,-1.2810691999135448,0
-2.1367621879081793,0.8757480076938354,-1.112525038538053,3.3679070367006507,-1.1659186815567875,2.649641181247979,-1.6190450847414706,-1.3219174866196515,0.1463131543441413,-1.7209369105932637,1.9902940638583022,-0.10669789401208063,0
0.8717636563307989,2.5359735479071763,0.6992971780094479,-0.9695312468962547,-1.3732712519139214,0.9513824085291273,3.2006303036355024,1.3877392997478475,-1.419192972883287,1.1534401450513676,1.9762033679567739,-0.5299345009066738,1
0.8441590640640102,3.5625404194056594,3.9187086911806555,2.0260142769891396,-2.2025799178206187,-0.30549865929896725,-0.020911146616274023,1.0208601478905797,-2.5857592404455794,1.2629947255822613,2.308756955524464,0.48127561796414253,0
1.0888716958502505,1.9951410159296974,5.123443827288855,2.240774426624865,-2.2584205296274487,-3.8543006020355666,-1.510355743030248,0.6878661552525386,-1.4742634725830894,0.4952473002689881,-1.7526249185390013,-0.7531408577505665,1
0.11762073140248222,-0.4315987717913934,-0.5398053564219378,-5.353205673831961,0.836526526778752,1.04372337053726,2.278922688578297,-0.030167355475685904,0.03419940156879414,2.9808641280153307,3.7412518875948693,0.6082377244007648,0
-1.568508984343989,1.3368073987127809,3.2198563270898477,-0.23724033738610978,0.7752082025836695,-0.9483777284894752,1.5574770024202391,1.6306705255820482,-1.4147646073633233,0.6319752763066124,-1.1455387040631444,-1.2473612693048088,1
-0.9376870276562352,-0.2479193282221248,2.2406170505841994,8.093839198530858,-1.4732777565597954,2.1021943995903323,-3.9174703501266914,2.4739894418570056,-6.643034707905877,-1.2874335105340302,-4.622096099116977,3.3968626652571325,0
-0.6424400216344592,1.8638120833206981,1.6902575460751663,-0.04598476471424239,-2.6197289581861583,-2.7752872673426054,2.590762057431257,-0.8561964463811991,0.3306000933429896,-0.3313104265778981,-3.014881740853876,-3.7033917617799323,1
0.632518736850345,2.2280312935187343,0.6375288641421122,3.4602572946995003,-1.4662102996572686,0.9043416397744841,0.2639101182143746,0.1873565990383748,-3.2888972605798483,-0.8843509952882813,1.8252290715823554,3.701850716852597,1
1.122711825258746,-2.4828360442163477,-0.7440648854209309,-3.036581268083613,-2.5420141670716934,0.7038905994368125,0.5141090360798981,0.579165798262454,-0.3918570517739714,-0.26164345451368476,2.742003989902046,-0.4690074584608328,0
-0.8177256249075963,-1.1641296994409887,2.956763651582775,2.7458391208903166,-2.8359649527732866,2.98724544841076,-0.7135177679116977,1.5541823822841878,-6.3354423515233425,-1.10510846288085,0.6326080698647716,1.2377167061572114,0
-2.188155772043101,-1.0291247996939878,-0.36106901348771014,-1.886338199128263,-1.1734202030679537,-1.4044167811960504,0.3752686402157429,-0.08270882698836318,0.1629189666388547,-0.03138139505642168,1.2124508362638151,1.0200856482946405,0
-0.5383527151991014,0.9130097912879651,1.5615900570151453,2.239018218794374,-5.794992396783807,1.600594322405945,2.016644873364794,-1.2064509560017582,-4.371771963910979,-1.4279442691896813,-0.2480142358781765,-1.7767664467341908,1
-1.900166695896235,1.8168843454759864,3.8146794007338256,2.7005041327818597,-1.3919113331310848,2.039071598555518,-1.2458687686970447,-0.24572716241834067,-4.205865311297972,1.1512079547273566,1.8173571435485218,0.8854634169624234,0
0.8157382069299894,-0.7866604751712722,-1.0621179401531022,8.386251003163249,-2.041345469597788,2.203992665018081,-1.9960859541875804,-0.0394358072941681,-5.157858277125144,-4.287121783888056,-4.823879831427302,3.359648476706337,0
-0.014436926367713297,-0.2763644436733783,2.4213597136004195,0.5652252736853074,-0.47445292160915786,1.1589263178580071,-1.1478125192542767,0.13865515856602756,-3.898871986451829,2.068607222783783,-0.16327599710086138,1.694712525102012,1
0.9833883269276302,1.2617454778951052,-0.2117242015988463,3.8562739577620455,-0.6678385534512798,0.7739189135984884,-1.7895863940306653,-0.2680194971995249,0.45820809455296785,-2.1447400765856246,1.0650461183841948,0.39184104879665727,0
-0.7846091745450665,1.3201838468551306,-0.5000307230219596,5.329543651741857,-1.907470292577031,1.6324831404087128,-1.5195923045915194,0.21001807707595635,-2.103962571017414,-1.7670597114328288,-0.8420371961404267,1.5096743859508375,0
-0.43530398433708367,1.9661845742013435,1.064434852813354,3.1256402990542598,-2.6582632698800537,-2.5935522500739956,-1.752489804966516,-0.6546503721213264,0.8077630754238645,-1.1963444539065344,0.01890782487985687,0.20675569426256413,1
0.24775415900930484,4.046114673751196,-0.003192585289969241,4.271545933833576,-2.3174683393995705,0.22242035672403937,-0.3184566220699091,0.241023388175451,0.054380823316604945,-0.736299381739536,1.2228269119661475,0.33048310630178757,0
0.8080773435940708,-0.9892158965259958,1.7478396287955387,-4.027414201064939,-1.6941348316652995,0.7856449784435233,1.8486584725482418,-0.603890183005066,-1.1936488430473164,2.189615197433196,0.8498490207949978,-3.1007166930381067,0
-0.9491510991271574,-3.029948619056451,-0.8253545747450877,-5.20497894281027,-0.8931968410430321,-1.9961821756495022,2.0072942067888673,-0.5519619488493829,0.8872798291196331,0.12154585277114194,0.19604155992325834,-0.7676666641530672,0
-1.4004192186593765,-2.0913374883771247,1.6178473847282968,-4.123630479570277,-1.2695317987852512,1.2986696793743633,1.3902438327503752,-0.6989901968096958,-1.6922851300719448,1.7910206967628923,0.9785023843927333,-2.4975313308884903,0
0.9238074201171929,0.31635585323483495,2.183886299761042,3.1446191570909723,-2.0160836516042773,1.2826907233876192,-0.2264335280249009,-1.2564983854873202,-4.599149048994059,-1.1264157467397808,-0.12725924717574166,1.6846969166358425,0
1.6329687345272597,-3.261315578562861,-0.9575486826336987,-4.578515188373694,-2.1044549285689067,-2.812806413493165,0.5340941036512407,1.2063698749938716,1.9441189441520588,-0.7948201990364518,1.519483831262725,-0.5744513271952141,0
1.1378591574310306,-0.19316370332823385,2.4206710831869978,5.932603993296305,-0.6033179978402106,-0.04510280325887428,-2.994545384923462,1.0178496897531655,-3.958889286053085,-2.0740202256203695,-3.010614440322322,2.5596397749271924,0
0.19834818156193365,3.5223286551287867,-1.574858054858328,2.5718941311821997,0.26807959450203844,-2.03989454592509,-1.1149347823891562,-1.289687037051507,5.449205754770024,-2.0584914688036027,2.533027725432909,-0.5695027953620886,0
0.5851649465310053,1.8244062099565315,2.057895415192278,2.285788218869414,0.32814819554848995,-4.206415838236653,-2.5641022787668404,-1.7510799009898073,4.308088921804743,-1.2561837540155456,-1.824126571881262,-2.9756157910238636,1
-1.0032811989005082,0.33299353066473447,2.3879899003361436,-3.64436879388814,-0.7660446383219548,1.0364818211069085,0.8150389094850676,-0.19822167989831813,-1.3552263522748726,3.5590727230972745,2.9660930955111464,-1.1777901034063736,0
0.9158323963791997,-1.3981185054788736,2.2320271335187285,-0.20745099662535635,-4.14707283857984,1.6665877147775143,-1.8963083660785731,0.04020522252541717,-3.4384469748635067,1.2525026760283242,2.3274215858260074,-0.16512043534809895,0
-0.09053605594820043,1.8934135677571056,2.308477429958196,1.4423337228082103,-1.8789640605971196,-1.5595947541208135,-1.0578582050374474,-0.21559773999953985,-0.1594811434913832,0.13568983687230918,1.3664412850594536,-0.0926090048910565,0
-1.1680249070319817,0.5058492070675287,5.845067054398901,2.705602863349277,-2.560483982012161,1.850573624120337,-1.0711006552123812,0.9926805653692472,-6.833413283970741,0.5651743330796204,1.0237883173185256,0.8714447006540678,0
-0.5722226062531549,1.8177613106414534,1.6109515576790523,4.891604668077069,-1.1691934544003924,1.631343887768756,-2.023612826917304,0.1530122657442942,-2.5486649336563243,-0.7102641026588258,0.120172148895901,1.1382925485771593,0
-0.4841875967503185,0.26981106481782635,1.9872611796825428,4.273413604476744,-0.5496181006575949,0.35945963151747395,-1.6455087704776763,-0.29089672815547424,-3.4360217187549504,-1.5224175438387362,-1.2811305605780547,2.267709335141955,0
0.12103714673953136,-2.3128412751143714,2.7738548020144,-0.3313045775397394,1.2398499311062752,2.41985783440364,-1.3702382156001356,1.6737060638161159,-4.311663799282507,0.5960794247121826,1.6527632285098646,2.2487096314286603,0
1.42026026298201,-0.5447223915369428,1.2355811986605465,-1.6563744840525063,-0.5877470256138724,-1.02377972111949,-0.023921950201454156,1.287555988222152,-0.2705442658865996,1.379079615362194,-0.5821324889605587,-0.8744102482355477,1
2.3258927477396725,0.13727352939127557,1.0050725501761648,2.0405471697502136,1.1073758054409462,-0.5684900728996265,-0.6058134894322911,0.6034415736533877,-0.936620296331695,-0.37658956461644366,-3.2328430888876047,0.09510826532946992,1
0.7739623697604482,-1.802859576087429,2.2653673572030995,-0.874772100278607,-4.377270307702949,3.009671908003984,-1.4519540077058668,-0.238450407969941,-4.862311364366935,1.8940416225834062,3.2454797686062165,0.42177315959596284,0
1.7127872158456796,1.140147633378664,4.1785337236937465,2.1094990027099287,-2.6262675217206124,0.3012662102578263,-1.0071545366056602,1.1354363339855618,-4.70767212882591,1.1258382668923117,0.6067404793831366,1.180061113320177,1
0.6974254721003847,-1.941855220009423,-0.13330312950836043,-2.6438061299173183,-0.7538364743715341,-3.322122787057686,0.44576136333076766,-0.5768919889127124,-0.044343841965511166,-0.2698766683989893,0.3816678545985164,2.534188314891803,0
-0.7498883002590879,1.6261427313056227,0.16697629398076186,2.7054807219290398,0.8914833757678373,-0.060968289734388614,-2.074967149861564,-0.0021259443313305882,1.397896917144098,-0.8079310036091709,1.4198751136988734,0.8859678876190039,0
-0.2938790851964513,0.8000625225156679,3.166180933912091,0.991763004737646,-0.2318490195747982,-0.0700697175848064,1.1475587856684166,-0.5548110521608915,-1.5231316199538234,-0.9621355117390762,-1.2347895654868073,-2.5105862936842205,1
0.5335325197680192,-0.6170151168488889,-0.2757631361325974,-2.5656906892742417,-0.6855828363387639,-0.512919414885608,0.2170165893772129,-1.2605421538259298,-0.2413655928082069,0.9534719237926943,3.6716074898873132,2.4300431806644127,0
-1.1038846701871845,1.9229666157332628,0.9793090259659257,3.67976794173163,0.025290126864384144,0.481614378679861,-2.8215998018673503,0.6303999311759363,0.7473407564320559,-0.6498807163364548,1.3788738396195392,0.24464763070867668,0
0.6147934908905427,1.786614689224209,1.7513672288789504,-6.233523860812293,0.7855595044919377,0.2424611039782134,3.0336925965664214,0.332054836262131,0.634352343814405,4.756433829827438,4.4287521193481565,-1.4813419257008378,0
-0.25287678623841087,0.8936615758971533,3.225146668520681,6.3464765488363195,-0.13857548947423104,-1.5664946371433666,-4.037867047236227,1.7427381972756635,-2.0098721442956027,-1.9654686860491422,-2.6851002375643116,1.7936219337092014,0
0.5071958258728902,0.4387326238266449,0.2547379637567482,1.2993967647208005,-1.5131173331894923,1.3728459267263537,-0.16455511526689215,-1.4548971793663315,-0.5241186543823976,-1.6497740231491882,2.78942184707593,-0.09087147964712217,0
0.5543800346169463,2.906921710310632,1.111852569309481,3.036018944807499,2.6416285577419396,-2.6614078358263136,-2.4787945987347424,-0.6625886262535744,3.9892364883947047,-0.8900090429966463,-0.06635088168067826,-0.301732943271931,1
-0.2337481361713242,0.42303485792291573,4.488630955405901,2.1208084334454957,-2.2077374301815897,-1.5836206057656184,0.9814553232961529,-2.688149780223439,-3.1800837523363805,-3.1842154622596444,0.3447297578624674,-0.41322443564467803,1
-0.04721254897942593,7.0862508457749165,2.041225001624407,5.361675926234407,0.05413830610986614,-4.392052262796079,-3.9805272861513723,1.728527801575553,7.559079853778415,-1.1046132055494589,2.9282773658672596,-2.5903493863572518,0
-1.6362659025746504,-0.1261684778873926,-2.2114389760825857,3.6601831282437427,-0.7535801734001695,2.326010988688929,-0.20150135028727867,-2.6281534753772946,-2.2319387774123087,-2.1117153679374816,-0.751196242694816,2.5724323125525292,0
-0.1929996087921375,-1.7721068110210751,0.8091547599666367,2.261362988340527,1.2862239080805917,0.5115503376168955,-2.318444869068536,-1.1467575937494643,-0.7614168302551917,-2.5929133472196417,0.31014460412694655,1.4593036542293154,0
0.31000890810410053,0.799362465971641,2.611392017155894,-4.459263481556726,-0.9127294534895632,0.745957836699046,1.570040349147782,-0.7816244133630316,-0.7509033633423103,4.313308560035075,2.132742838480335,-2.8495165246311025,0
-1.6009807240141078,-0.8750888469152687,3.513069100755299,-1.1210856127607427,-0.8792075764717299,2.3023837957819078,0.667398320217758,0.7381010578649189,-6.077842988558491,1.910413924706821,2.132755389546811,2.247901861583874,0
0.45716207068644205,1.1327274876777642,1.9803163650361486,3.3931317304981468,-2.009290392675034,1.1831764130518587,-0.4820546193684231,-0.5125678611848566,-3.3483338802385845,-1.2050126371658698,0.7191027535607007,1.0920354566620545,0
-0.687513656119767,1.4790210652564333,2.2586564304350385,4.843509788227259,1.7406207594744418,0.3379993121174141,-4.278685689521901,-0.24590931110163333,-0.09138264412240168,0.1586291790052725,-1.5775387523671618,0.2267572682229233,1
-2.628961093799493,1.2903675742029828,1.182519361167628,0.020111588921740142,-0.7847801610999899,1.7644790449564396,0.40404154458409813,-1.2998872512937873,-1.622866235994371,0.7004112662020696,3.5914252785753633,0.7951960937160838,0
0.21153813342297934,-1.8224532945473941,-1.4727316311782075,-8.40412353690616,2.0363424892200994,-2.5467682149944966,4.222885290467193,1.296712898461813,4.003222996600501,1.6178781367829034,0.7590227538565099,-2.620707732506113,0
1.9044603120609795,0.04511491801154477,-0.1341238017377233,5.349948158779292,-0.45421084959240254,2.167429927684876,-2.85374784662661,1.5762102881673732,-2.1623560894846237,-1.788901911106401,-1.1838299792980318,1.7025971040570225,0
0.041386225501126424,-0.535797964921809,2.2254422502986957,2.376479564315399,-1.7237748517034688,1.5694794338433387,0.3340382148488259,0.7731428590359872,-6.276433225493981,-0.4389489031666888,-0.8402904003594533,2.9446751413012655,0
0.6729669522144507,1.4538214126123041,-0.3140472613385883,2.860814834131352,0.6335038712970293,1.8708704747500957,-2.6949794993597305,-0.8056064381473018,3.3039722787315866,-2.278449777476639,4.121892274901727,-1.6157759344455767,0
-1.409357481178938,-0.8207546701097101,0.5857065261180366,1.0309932509398363,0.9362823870975414,1.790084603719868,-0.5745883250633061,1.0447923359754046,-2.4869693156615553,0.5880936326169572,-1.6338224599534956,0.7862669262921558,1
0.8849607964201154,-1.4873088935997014,2.5894048900200652,4.731539782386881,-0.613817158281803,2.524052665426882,-2.8469409441148192,-0.7059912134331818,-6.604550263379386,-0.43842155295033913,-2.4371763128514035,3.276594190160666,0
-1.1052480932646231,3.4860145842097054,-0.37122146153644264,-0.20343376234367824,-2.406332053085754,0.6979282427685713,2.1766229329434643,-0.2486670207324138,1.3608337728690674,-0.37256719787049974,5.254119015469671,-0.9771450129308392,0
0.34377572752388474,-2.3987048021220208,-0.629440011714921,-4.71176209582838,-0.11481416729500449,-2.9094757031291487,1.4503367965905383,0.6703280081480485,1.731535966765035,-0.08740112566699931,0.68115726583026,0.01423837796891414,0
0.2626123477581687,2.1051687059565345,0.5040133727395495,0.3188905235354993,-1.5054977412793042,1.0545862381193492,0.45948255174633545,1.3987412639592032,-0.06339200894393084,0.33245634696795867,3.700739104152659,-0.10390760239692876,0
-1.1233024578862219,2.8045908336791108,-1.0964568567404243,5.893833303603787,-1.4840161009086814,-0.16479553568337946,-1.5718114177452214,-0.49668032386106664,0.7037992602390797,-2.494190421538387,-0.7505819178545872,0.8545327743458166,0
1.6356505050785193,1.662041190082099,-2.4770369514805046,-0.5623053060306371,1.2745329269548287,4.33485496105212,0.802086465268287,-0.01597505053390569,-0.1106244121592206,3.044819713376455,1.628761227600556,0.18239879277665727,1
0.20450321906748858,0.7999256002595386,0.7078813369587476,4.70744817798308,0.05741927177030104,-1.0853280652568205,-2.3102435433274344,0.1297516878314856,-0.753059134676152,-2.0489270625642213,-1.8090968941570749,2.0091300217396943,0
0.28332541857594207,-0.8885959029232295,1.1020559794165599,-2.150596848063079,-0.5154354409198891,-3.7547045429745767,0.6523312936806933,-0.47700248842059534,2.501596716801805,-1.2126354238608021,-0.8174761740314014,-2.329665255071713,0
0.5550511725448615,1.8540775564110612,2.8417988654153463,-0.7767532027153415,-2.093910946370655,0.04554189258974983,3.553973627997931,0.9502447531871886,-2.209743026036256,0.20034016682846478,-0.07814395403417129,-2.861010263902042,1
-1.5318804581775984,-0.6249586464907675,4.20920405810144,6.284775501281286,-0.9050087111014277,3.053909675625416,-3.7182356861332995,0.21927971353466347,-7.329244321316429,-0.47147239810226904,-2.2265944512794373,2.5956250496268236,0
-0.9474371519242829,-2.847411466365423,0.4605517986043467,-3.2698113640180564,-2.588847632238336,-0.6545471903419469,-0.01697780325093623,-0.712515972649407,-1.2770214806449027,0.8803799522768978,0.7453417559711313,-0.1777755382695937,0
1.005055133980985,1.0256907768808123,-0.10749317739419428,6.364841095971373,-0.6112496319497032,1.9669805312266702,-3.601814386926894,-1.4400144450708081,-0.7837331409944924,-2.168144245951976,-0.7026996491581297,0.791110570607336,0
1.766103677944303,1.8127216540874547,0.9417870377010378,3.197044275975777,1.0738005320867647,0.5806987554907651,-2.9971095760193966,0.9694787468038774,2.0020409371059618,-1.0428338002866535,2.3154371240699723,-0.3422288200563932,0
-1.052573873670506,1.2916151729573957,2.568860503444644,2.566219769545736,-0.7866666816354625,-3.073868611076856,-2.06532306736424,-0.5278385660290006,2.403218336366294,-1.3550057172348309,-2.450344462653764,-3.487219246013039,1
1.1367926278755904,3.272503147860779,-2.880557507928074,-0.32358867193094076,-2.1853216486518026,0.023358582226824853,2.0635347673051423,0.8336174912412554,3.513316544070757,1.5381065015886248,-1.0389307556565792,-3.936512556286566,1
1.2188209582070424,0.8078885594914862,2.428402496872131,-2.3884978946348485,-0.4051678213232738,-1.8123319499934494,1.0034125922108366,0.782002971144675,0.04261526037622661,2.113935486662955,-0.08894563289898838,-1.6458157330347547,0
1.019300446440367,-0.8803108215582265,0.8642035704891451,-4.010385746387676,0.6516999046188674,-1.640039671284495,1.3320495123185123,0.10833686083504625,0.888964912825735,1.2588204297862748,1.0852330154591912,-0.5908087932555084,0
0.648580937581085,0.35303602441745974,4.036438832164379,1.1640940195436116,-3.821839861922817,0.22403159969990916,-2.095504941482592,-0.6861059072070211,-3.9213918119491646,1.8040445471972895,1.251050776404225,0.1998382279829376,0
1.3069404801579232,4.012449790635108,-0.9878005161665953,1.6831133187146987,-1.3624946397682083,-0.7745150909744194,0.40301107118943635,-1.6038841366379815,1.7179955922367025,0.6556754437544039,2.017493107355523,0.6886269833723226,0
-0.6556731443350532,1.0697618790476364,0.17998922298014286,1.256495216179315,-0.2177152348393735,0.4242229186812334,0.0886232343036103,0.7954192027944196,0.924348603980499,-1.1582952839351377,0.6031654496130907,-1.4426355805494857,1
-1.3182030092224268,-5.271765782251748,-0.31818514728802905,-4.126465276656047,-2.141676095219479,-0.5148927088204089,1.423816159392522,0.4053996413538128,-0.4384383515349903,-1.839946900112725,-1.6183969396459026,-3.0708037615885124,0
0.17026931438252335,-2.7797823259730934,-0.3109590746708488,-5.231446218882639,-0.23883735742308243,-1.4519587142102575,1.3668651275601271,-0.035904595748877034,0.12258654914941952,1.1296929911816203,1.3013730618656272,0.596926268829302,0
-1.2488058034921485,1.4528698825099233,-1.950273681552948,2.468711773639394,-3.363074665456509,-0.12415969089165779,1.375036815905745,-1.7410698150878352,1.7959310514674693,-3.6889869594565075,0.4354219328808102,-2.2954816580190434,1
-1.0413068393283558,-5.2339783965034155,-2.781418021227644,-6.108499911418701,-2.805123448808811,-2.2364614625774903,1.9546815284096202,-1.147173228691945,1.2577601887730283,-1.4517853234125258,0.7809218529756652,-0.32003808416177526,0
0.2691786993926965,1.1802805524367361,1.8115217312884062,0.16653741255607846,4.478447307976597,-1.8999514689393955,-0.8061113220426499,1.2168713231856711,1.729354240331828,0.8706934203558152,-1.4043822568952296,0.28905851862098797,1
1.0710779833724258,-0.9184470051704923,3.5485532792431913,-1.9757252089966444,-2.7621280224485423,1.8631970185120243,0.692871872773833,0.8620071293813876,-3.0714985668213988,1.7085293515142232,0.6169705078049513,-3.715811648686169,0
-2.643404129541926,1.3414771644127172,2.517006345345327,3.318222102146483,-1.1438474278295196,-1.003150483693516,-0.5937974587494455,0.372609250381462,-2.756859937427783,-0.5600368234819313,-1.9575964809440478,1.0607440051462378,1
-0.010350977343170325,-0.07902136572647656,0.36353497211461105,-2.3607867618760636,-0.8346871705169029,-1.1315797381367332,0.34072282543916566,-0.976689032042182,0.1589474236710011,1.3880987610094218,2.012566941353755,0.8343591875471286,0
0.28656785026771053,1.0660831053515827,-1.346597944811672,2.7801105625785287,-1.3050976591576278,1.8449882341954589,0.24719175814410588,-0.3626424309141103,-0.23081595374775862,-2.556626220757016,1.9754769047259109,0.5142765662700055,0
1.3651741038415348,1.0192634725778587,2.840613286778833,-1.7990661011890254,-2.834735899404404,0.17448113226527218,0.06665352980512063,0.28328271185022524,-0.7747967818862215,2.4257429764445266,2.140785063701935,-2.7606306483643994,0
0.44411511797668735,-2.301690773762642,-1.6968971529069359,-5.3604446400875565,-1.1654222654826085,-3.786603789961918,2.087825133042341,1.2580673536052782,3.272945301970816,-0.5546914622024528,0.5665604640842745,-1.1126336804907466,0
1.1346235564671945,0.2070095230031972,0.8701075861969372,5.49116241689075,-0.21127286837022452,2.316218713376279,-2.658758867189436,1.3947482856058921,-3.529180246745096,-1.2707268003875354,-1.504061564116442,2.268373587219978,0
-0.8573760790322829,2.0897449982421032,4.003969212569912,3.528557634994643,-0.5862764431890434,-0.36091798530445973,-2.5100522020487794,-0.7259328111003073,-1.9571794486933807,0.25733264704508474,0.8167982274326138,0.6902692005899469,0
-0.04819322723116649,-1.257265346202948,2.3897978893365472,3.377479556545535,-3.2614902826105028,2.5968143991977417,0.10116262329972825,2.7004033203873075,-7.802046947581632,-1.2020401869000348,-1.2882893820569636,2.5835663202953354,0
-0.9960151814195946,0.44164403710547995,1.9181329679686514,-2.7969234710219744,-0.22444794934494472,-1.535114683549283,0.8800987833903539,-1.4779043825855356,0.40336633650800147,1.742181520701009,1.2632743634441161,-1.034713445266541,0
-1.0351495399696948,-3.6647131846256027,-2.9369056570435355,-8.067094242086176,0.9040426115328593,-1.2105801668838811,4.149046182122936,-0.08143540336513093,2.8452979103406966,0.06948486023926082,1.1828193763202217,-1.631490341586069,0
-1.1842588260277498,0.3420727438014417,1.5528320735310719,0.04883448958096305,-2.7272938427127627,-0.9523030691318511,-0.39804873939794216,-1.3423230258716587,-0.9404688437812178,0.43691656932120293,0.5718028954131822,-0.572947043917674,0
1.0556553240547197,-0.5251025837522274,0.3115945959298274,-2.724310860245246,0.8180002097352164,-2.5682629456384696,3.3135662972214996,0.43683976930367585,1.2059108085733603,-0.5959571336338176,-3.0618983034172644,-2.5332534355050966,1
-1.308493858423902,2.2343895190471974,3.398700025804217,3.0313197167185524,-3.1175708942212474,1.2807964954496582,-0.018731121880576795,-3.0278002060686195,-5.156808758122038,0.8696157680445784,0.7470146360268484,1.2754063379481577,0
0.8625959580977819,0.298617238113273,1.881696940473597,-1.0002670997954783,0.2526993586355477,0.5780734981017803,0.45342485611660055,-0.2545376632434916,-1.7797430527670164,0.7062461242317151,2.869416512269007,1.38304443570025,0
-0.5380714820872174,3.442845918297424,-1.2018067313477054,4.034952886622104,-2.5812051838860373,1.416788197636577,0.4764462891026071,-1.3014318049364135,0.47043834660554995,-2.140066839745062,2.2895483939567978,-0.27068659791845584,0
0.7632322020549255,-0.09751260547032303,-0.7844752119470033,1.1261578489001414,-1.7408197588415755,2.1767777508585655,0.28516484149051946,-2.590474963873234,-0.6550557255045284,-2.068898060819706,2.838973096907152,-0.060336378319769235,0
-1.9143483392913363,-0.6676255821030506,-0.31607554693679885,5.808112130116649,-0.8934990024729254,1.0272689067844103,-2.4033702984434004,-0.522600061249001,-1.945354336530123,-3.8092729321889705,-1.9312681328302488,1.6971182617149,0
-0.14230432982082453,0.4313605801923296,0.4576492542826559,5.045466601751106,-1.6375065985668047,1.7601797309703415,-1.97918983757106,1.902628448088906,-3.6895284839369733,-0.9538294317989819,-1.7313003859014922,2.1843529112880136,0
2.01504966327826,0.570002921600264,2.8122059360255993,1.6091613266996783,-4.068501101680986,1.6518135422689622,2.27182672065405,1.5047235508353345,-4.477335398244412,-1.8733447607856717,0.5750694041632369,-1.7584792745648823,1
-1.2774262644101109,-2.6910851391664075,1.584258042485187,2.340694819354575,1.2927941242144754,1.8971240864001446,-2.452936043291368,-0.1831766893033877,-3.7614110542803187,-1.4889058084522973,-0.5857096378647513,2.7020835762588526,0
1.1033498723272492,-1.0114187748319277,1.2069868186060944,-1.6812936755404269,-5.07677514026811,2.6300249384988126,0.25543666867928316,-1.4520955679995993,-3.1185160094747695,0.9556827484503096,4.158828780989139,-1.0684848295577465,0
-1.424360376716528,1.303578095351758,1.862914433077519,-0.9612218447287156,0.38638990633856984,-1.5024751265630356,2.031830778681954,-0.28503425278345557,0.49869164270283384,0.753880125006763,-2.548821083730005,-3.1740646903728673,1
-0.17219599607679692,2.199314603125466,5.69554132810566,6.771520814715267,0.5710114379051361,-0.6328292683125216,-7.527937945949599,0.9064348140900752,-1.412458649533731,1.6775123743954663,-1.8502957968492377,0.22612076612308907,1
0.09992434538468815,1.2467268972908043,0.5839349121949418,2.091486685026129,-0.6263570346249936,-0.015349859224099927,-0.4350383425949431,-0.640830952333349,-1.2218902341272564,-0.42742228670688687,0.5558704327205624,1.6439911497330761,0
-0.6019227156425949,1.9942202548347252,-0.30864426138902346,0.447624236529705,-2.50614233534918,0.7603954328331429,1.9385187058433675,-0.9398168300123715,-1.2620906300549297,-0.22668144148547775,2.565281635281396,0.7568950040430463,0
0.7309267803762081,-1.271822649083007,0.8420274796957843,-1.320701599211604,-2.7388640308565417,-1.560490723667213,-0.06193128770368728,-0.7303506384038864,-0.003303354359520753,-0.8017275051079735,0.9470478412957838,-0.908846722401695,0
0.7611410726031054,-1.9436578799685424,3.254106675948331,3.9130059038525737,-0.9756583596967472,4.414107324244638,-2.6431646989965025,1.41343006385868,-6.623786393084221,-0.9745760850956864,0.13847024464108237,1.5655502582309437,0
-0.1668415156034746,0.8066112712655698,2.3263688873007844,3.9811318129459714,-3.087422323679008,2.8586451836867446,-0.4791045364467469,2.4315586390941646,-5.865529355865468,-0.42311104161594426,0.14070577991478095,1.4313643356756736,0
0.6499908705435561,0.24704862495236957,1.89067786615623,-1.876547189405915,1.7645438279006536,-2.9028473641393626,1.9285133504994638,0.019089596505963265,0.7324126471817254,0.07711467701128649,-2.0161941473997924,-1.1583538559104203,0
-0.6805400136638502,0.26875407901707526,1.1384006512929867,-2.319482289144482,-0.6441708320160289,-0.45050089087463485,1.430314899103848,-0.9007639467720618,0.05229998039112645,0.9488044753706222,1.2727604570044455,-1.3454384561042891,0
-1.1708010101478747,-0.967619056343689,0.8906210281904821,3.4439698043446914,-0.3523502582575684,-0.024239937029234992,-2.019283627879993,-0.078937973359507,0.8938586807888622,-5.114191901721074,1.5406843114031346,-0.6363307011465325,1
0.359840829600505,1.4283692720130703,1.8049316738279186,2.6684212766870137,-0.310491380284901,-4.612613429495555,-1.6660164520271912,-1.0981720214154964,2.520760479953547,-1.3475046235406136,-3.862543409842533,-1.8516755503255657,1
-0.3847168956936604,0.2803216549662344,1.2186271228633307,-0.9148764270927455,-0.9928813077923988,-3.1307186562566294,0.2513199778428681,-1.2691067763531225,1.5513884486890293,-0.4638066001623673,-0.4043848311951319,-1.2763611124690613,0
-0.46713502028355663,1.8735427367181965,1.2745873351964445,1.5306540765346819,-0.956304652787049,-0.40495385028434483,0.7136463296552795,-0.0003246960776389987,0.8041869420046608,-1.1143878820245632,-0.49374087910724307,-2.8348694976465487,1
2.07395698432922,1.377228391645493,3.512711700151587,1.3921072426377283,-2.3109419439684658,2.772822368063414,-0.5393326444273524,-0.7434588297277258,-3.9201977498563263,1.0255833328704265,3.310761953149336,-0.213988796966758,0
0.8168516225697159,0.06343479934794982,0.9791047562678752,1.591843234451408,-1.0572289280872402,2.292330034183333,0.6324416833840012,0.4747509663376349,-3.787255617381187,-0.8533101787678358,1.4249649537474802,1.772832986679322,0
-0.349624503079643,0.3481587535636165,-0.22946260608699043,5.257312399749932,-0.04839179104659774,0.5737637874775727,-3.3016772731970083,0.2124297496250732,0.1292309127309947,-2.6589714660734485,-0.743936757544507,1.0452885875125904,0
1.357884477977257,-0.33605273514850165,-0.9653954652603038,2.9362201414161526,-1.7193396088697117,1.253330994297031,0.7027739909061252,0.07447045871946391,-4.313212102923581,-1.282178498358534,-1.8218716633871055,3.4408850899972574,0
-0.527351440252135,0.7209678014384999,1.3160687030625766,2.015228093305211,-1.698314443121824,1.8830630877724492,0.45603576269950785,-0.7041268621934741,-2.461173636433122,-0.5500870093205603,-0.5047320739293051,-1.2828590477469664,1
0.5195878000182184,2.154504779467496,3.160171735768795,-1.395683149082726,1.5512314186542282,-1.2404108319008011,1.4135148723304163,-1.2100880768704287,-0.5257723977167792,2.3806655798659344,-0.11933460517996375,-0.8281180554018424,0
-1.5254560752082384,0.7079602099316782,0.7704676139213615,3.5998675839325163,-1.017707747716856,2.548691416463746,-1.939688181738421,0.0872840831819984,-1.5048320969371836,-1.3248574267774886,1.6738972332257385,0.24849980845552588,0
2.517710525072774,-0.4159757958023784,-0.6183916379334107,3.0907411500376623,2.7002887362958194,2.7329321132044395,-3.0014754673172153,-0.006705171817474505,1.525339505506507,-3.0305906079196876,3.4860552502485747,0.9897994912074626,1
-0.2419293463679659,-0.2786845278300891,1.4904938271746158,-2.4371352917591995,-2.865953829986064,2.8801486488249317,0.5321885513392618,-0.20670417024240284,-2.640235608152557,2.2734008828043555,4.313117919245149,-0.8040021622099153,0
-1.5225215351261396,0.03813061358717307,0.9178435233419334,7.155158823095666,-3.006529159472491,3.9464299053876974,-2.2475855234249105,1.7736031520121351,-4.98066813431687,-3.1834955042912307,-1.0173092572451816,0.8899600054002847,0
-1.329312185252034,1.0189670472137715,2.138446994131239,0.4368290359002543,-2.2880833035950925,-0.6775435232951244,-0.27326739861162386,0.7873573088654966,-1.4277278127314252,0.5126274243454936,1.3696061532362336,0.03836013714059172,0
-0.9429002079252653,-0.9067607552353862,0.637198644834154,1.437676466805758,-3.1418113694240417,-0.9737799767409392,-2.235714059512394,1.6062966429615502,-1.13391249791602,-1.0377428663059103,1.3233370340571675,1.5861897947867751,0
-1.4625471844797457,-0.05896658175725289,5.656233859262194,3.6581246691763294,-1.5731420345040044,-1.785947975458107,-3.7984593716469064,-0.8934354692107637,-1.981774107819326,0.2854608868661521,-4.737022731533475,-3.3575471103360455,1
0.21425317601780844,-1.943488410415743,2.4986268708039727,-0.10004019794777465,-1.3605111267814678,2.272667812721939,-0.005228132740018654,-0.547034255243462,-3.9082538027194325,-1.3520706633716606,2.6867996823174916,0.48982345549028594,0
-1.1869072798159224,-0.11096618496127042,1.5868024045559912,-3.808601104830258,0.7569246576942221,-0.5050638542364256,1.6543842393017243,-0.49059602206855724,-0.1408476578981217,2.182043812519586,1.3572898575088526,-0.8629574577216518,0
-2.46368599197193,-1.1216091862663515,3.490849380154936,3.6015185775297223,-1.8605312167317647,2.6207464063639847,-1.7795306722427204,0.7392144415628538,-7.11991986784506,-0.07639024117145543,-1.1274723848399377,2.3333044820626663,0
-1.9643709443707629,1.2952300702055757,2.131932798294695,2.5061818142606116,-3.4384635485065864,2.327908439290891,-2.8029937582786326,-0.658614864006275,-3.6756935386514002,1.0832859723550388,5.328160317057644,3.0500226613620463,0
1.0049605026002704,2.6054329258647053,-0.5167455740748956,4.186091125227869,-1.8296338560323027,0.6709922699426926,-0.41235796761279864,-1.393028163378425,0.35770878652149307,-2.341601072956945,1.3383209208541484,0.06901439574461399,0
-0.44198290617801944,2.381616038362459,1.8263540728736434,5.537118850891364,-1.3975435546406882,0.09670955372611456,-2.0363065817917994,-0.6045387019862746,-1.5070312373712575,-1.661584845809191,-0.3354236669390649,0.802614284620142,0
-0.8291905016925851,0.4371809207043862,3.067645306061601,0.7689193007168778,-2.4630164633137914,1.9399004633230494,-1.254698116607687,2.1787332758618696,-3.597340164558662,1.477051870643399,2.5447486462452806,0.24421161475582442,0
-0.24944012162466472,-0.28922693236326813,5.095188468841294,0.2786786408032605,-1.251116641802918,-0.28363735087373176,-0.5211779028086793,0.15015257101162588,-5.947551123593887,2.6409099565939598,-1.8519873817795065,1.2761440310726408,1
0.049555105181957215,-0.42481133815666694,-0.6721187241459186,5.268051127716595,-2.6234892815327946,1.5696552120732878,-0.05356183037833728,-0.9445827107749252,-4.736546821808668,-3.1109533165742036,-2.699260780732629,2.7786789459718126,0
-1.3525388095168223,-2.4790849565690554,-0.3641450325224773,-2.2775100458830138,-1.6224065389570885,-1.0592100864888234,-0.07531201428319356,-1.971744153355817,-1.007456679785273,-0.3466505029973648,1.7415431163294426,2.158687119976927,0
-1.9218483360079939,0.04923365980988459,1.7247817059916923,-4.581485002808146,-0.14403088698045075,-0.47516121482000495,2.052793861507956,-0.938325394255868,-0.5724300351999597,3.060461713745035,1.7042977370371437,-1.0226548465045084,0
0.3356094443611065,-2.358921848002026,-0.4609459262598561,2.1557017597822696,-2.2134194223705785,4.193062245767745,1.1444598686856566,1.8144049586649833,-5.634877101171581,-2.9956438357918493,0.5581553767182168,1.9411910666259544,0
1.2092651895078423,-2.2209453251579094,-0.2734436621045484,-8.721905391191582,1.1363032892121083,-3.035905405636554,4.476369005336303,-0.1939190465755728,2.4171205118372177,2.3893266294959776,-0.7484288926346279,-2.9123949507293916,0
0.27470370328914634,-2.8737957686189093,-0.3403785978631322,-4.528849100924459,-1.278757636286506,0.8075961839659522,1.0909800943027748,-0.36533357790063614,-0.8747607700112517,0.9381618870509322,2.507606860033718,-0.14158979231995306,0
-1.8911082512481503,3.1352380459514007,0.3792530464470516,2.0605596143744043,-0.5988587920608544,-0.35438721416469043,0.045170151020085036,0.6741230664024644,0.49548582943438585,-0.1066745387305369,1.964493113843234,0.8708230972409836,0
-0.9273379272781146,-1.7145736106104406,1.4819308196040257,1.3922599906580837,-2.8612292205194167,-0.3518018510088421,-2.078719019851787,0.5033001252235296,-3.2121777630105552,-0.6153658250595717,0.3248575054767884,2.2401098010452376,0
-0.9825719220032466,2.080779577251281,1.7686911219340913,2.2423383802242953,-0.16600650205371248,-0.14500911171415276,-0.9501562145069203,1.1511163641543776,-0.4190304998748652,-0.33612079112258264,1.7612645927077186,0.7755769161526486,0
-1.4102173241875093,-0.7327109395380709,0.5944368815453716,2.084045962878445,-0.07546115837914302,2.357374082761324,-0.6340169238241882,-0.22843382792590614,-1.9752890024396155,-2.4760719280058656,2.2755344479855273,1.1564372733453934,1
-0.0914700433213259,-2.4996342944851797,-0.6336537880469353,-4.230696346331242,-1.2099211961291405,-0.5505646165648583,1.2369456741453742,-0.9488675486281092,-0.08257644722532996,0.01298935458969519,2.891463896677646,0.7866571646798122,0
-0.3490736236076966,1.521571658058676,0.57241187755721,3.0497946182774966,-0.8737052645536139,-0.2856449002436492,-1.410143673447224,1.0871687480156058,0.8816916027323746,-2.0515578647080823,1.5818954656434334,0.009499483735548764,0
0.8765655473717229,-0.5267842113308516,1.467245806414653,3.6539056832300028,-6.414944658998401,5.686166939594901,1.296993761986486,-0.7396194552621307,-7.51965178909829,-3.792252967321998,4.924498405396288,1.138404963158143,1
-0.6764153192792373,2.6408144966734373,-1.5314214331779126,2.8330133199527316,0.3370899291670264,-1.4444511250136918,-1.0758753846891154,-0.225824915667654,4.049146907167276,-2.3034642260023874,1.7606784796817365,0.10842282780347512,0
0.30784980248201055,-1.1152761847249058,-0.9663114230424104,1.302130854982937,-4.35637793892438,2.260764674195273,-0.5871857370447353,-0.2984618923864059,-1.3991252128882756,-1.2043285849443235,0.4355045076884987,-1.7641232557050697,1
-0.33563141269934055,-3.4841226102916565,-2.2375022845942616,-3.704102022828104,-0.8193693499082644,-2.66666752299639,0.8609879862375597,-0.48938431538018945,1.082044866626591,-1.4188855424540647,0.8656280478175565,2.210375449517621,0
-0.920112018288793,-1.4080158542401513,0.2257057340304417,-1.5501267785316257,-1.1477734100326547,-1.0296278238476715,1.5488143695203984,-1.0256847698713203,-0.3266692874725357,-0.20367677627135405,-3.0264826714024036,-2.403632201330402,1
0.5735149815584801,0.8034361409301476,1.4004513281836481,-4.698401174467169,1.8479816082205924,-1.9102241139760094,2.3363739919834074,2.1998913734674193,0.9082344729184622,2.5182434257847843,2.3867587988610373,0.46326108765767593,0
-0.6272540469959151,-3.8998276228689885,-0.8681074248336396,-4.803148961740056,-3.5385647004296703,1.1247844505359286,0.7989463566788274,0.02254831309700238,-0.4401477302000367,0.6757387095710026,1.4424953231548026,-2.681596486573468,0
1.7952215659262893,0.6955569301087858,-0.8787456796963877,3.4843360057434287,-0.6344314915248472,0.7478523830456515,-1.2724036722076617,0.6547626280427673,-0.3023670641260307,-1.8945940482215773,0.10448185442351499,1.2920617713470697,0
-2.714701984752801,3.358825147193203,0.4371481784757866,1.0328927221831938,-2.548901468703653,0.8453602815139918,1.319520186009251,0.7748207476493271,-0.38719502427391295,0.25197387265451976,3.61267657173524,-0.14449154228959116,0
-0.8217960006567363,-0.9929655440438228,1.0132092251743812,-1.1711864888833914,-1.8638571984872665,-1.6636151002559232,-0.7287289013160836,-1.6563976263961107,-0.2928186463779188,0.13672791137759477,1.031224878885526,0.4348727603183902,0
-0.19687417081840136,1.1117301452377504,0.2851495713571104,3.4631929041243152,0.03301064742124815,0.39193725216320663,-2.098175598971541,2.110684469484356,0.43581949136950066,-1.617734430927733,0.9182869339588426,0.721332927769629,0
-0.5024850909349363,-0.09234478201931462,1.7198651012964632,-6.827733342346861,1.9652223475178077,-0.1369238218925486,3.697173259521876,-1.181453120557597,1.0489250153453735,3.784429965405497,0.5482083476157006,-3.933191122733038,0
1.3539568005454028,2.9518019983851778,1.1227806399292508,2.536403121646288,-3.3590793195773823,-0.16725856206866285,1.6368821023193039,0.25605403320429937,-0.6769632220302302,-1.6456081313888633,0.7309073205824409,-1.7994183529720134,1
0.8948563287343828,-2.8319613897988445,-1.6858217672832803,-8.444538293314963,2.71233189942801,-1.8124960924205433,4.131802799686897,0.5547035384877921,2.4790605559236765,1.6688835405234959,0.6080457959492958,-0.8634429319456403,0
-2.2791421812332078,-0.7821025944114228,0.8504688653290104,-1.6513273532213517,-0.08367466892790676,-2.5364955588809543,0.8782909221098641,0.18601144510571402,0.6663460879797709,-0.7109773560123289,-0.46024749041190693,-0.3038828934413794,0
-0.571421010651419,0.040359484819679325,1.5021694392388056,6.4261829546741165,-4.239517213859935,3.2153713348867243,-1.1974199357029345,0.3950036708745124,-5.2843508466012015,-3.7070732290585404,-0.46581246094869555,0.37975446352914854,0
-1.4387107612709749,-0.46236849073701736,1.262514336363813,0.5422108872492373,-2.7323575581539483,-2.6989098644541913,-1.4348498368347857,-1.0311018587194314,-0.2273337858285021,-0.8213798053429273,0.4259028232770189,0.8152018530794074,0
-0.5795969269609478,3.5954541964125335,0.9898555489782734,4.167898951659673,-1.4537763081623953,-0.06693461424392333,-1.157781834543354,0.7540510018151044,-1.1580925275282883,0.5664377416778612,0.13500352599165,1.4522619566728636,0
0.10172731407183086,2.9343279008424794,3.2081444918729547,0.8682464009615235,0.302308743709915,-1.61504127862441,-1.7358195310543238,0.13963162889121836,1.9582388095874583,0.506496473350921,3.6893647609895153,-0.731372495616675,0
-0.5094977082797025,0.4863988676831016,-0.5903003131426299,4.054271126114624,0.9710494708709845,2.5252972856716696,-2.7131010273061555,-1.3312814556726538,0.17590665841725636,-2.8466454342381167,3.6946877415413315,2.2217892157753143,1
-1.040173739021805,1.4895117672226978,-0.5817496876303243,2.822394896735219,-1.7502429243244355,0.7658721527703688,-0.7870555613005441,-0.9464751433985521,-0.26102329209164493,-0.19058064514775486,-0.9350882323327132,-0.5048226840053028,1
0.44064155115016923,0.6118907686846986,2.8267942967057733,2.2124774203851194,-0.07523722132846866,1.1260132104736493,-2.092015787852654,-0.5421810187292382,-1.056578161570775,-0.9216980498605416,2.5631486113698188,-0.13103139880652415,0
2.3234262809110517,-0.6149259217451228,0.8355364937064265,3.1319095388847225,-0.15551894909361508,2.5903853545085798,-1.703326651554281,0.2518237726389447,-2.8131612450032244,-1.3991861067365512,0.5682011593374517,1.4170218672354142,0
-0.587528218967628,1.723119480499304,1.075568088984264,4.9205958175120115,-2.693895768995934,2.6019180563780684,-1.5687858536940382,-0.3043341395571458,-3.0771862339722973,-0.886807901332852,0.555915177729005,0.4963783288114175,0
0.33574570276792026,-1.0933066829056393,0.1813460489096761,-4.876141020888927,-0.8241947534749183,-0.764104437354396,1.8701948442571101,-0.5859623928809357,0.67853406781345,1.8956811695283386,1.458443773077851,-1.541735630106784,0
0.09738199479101528,-3.1227534049051373,-0.9088681910066394,-9.062032327055448,0.12731034066506575,-1.8108534756323027,3.627439060933849,-0.9595920798783177,2.237087812767547,2.259972821429972,1.3037239489556247,-2.521395063946102,0
0.1855980485016034,0.6052555669408037,7.5257974354800234,1.785479679758327,-0.6447433830916363,-2.378086165594894,-3.8544914969741884,0.2447948432498786,-3.256332960842966,2.8725278034810717,-2.4803124170960507,-1.0731529618205764,1
-0.7952356522509244,-0.5087058611930881,4.683623816428225,5.962891539402818,-3.0459898198209334,4.940273279943094,-1.9800417967531296,-0.9219482196510951,-10.066822976532315,-0.28430527801046546,-1.2188190631333904,2.3032679509674625,0
1.024340743109397,-0.5016350525135982,1.4101105748149334,-0.7925578256707349,-2.0031803796058094,-1.7596039428977372,0.08873113228269425,1.7141673294706639,-0.7209522777286682,0.5815984130927085,-1.5007656174049173,-1.1033256717478268,1
-1.0399555245369028,-0.3284327340624329,1.515663919467833,4.737034770466046,1.8038959727004427,0.8971026282860135,-4.711743879451072,-1.0363053282337422,-0.6105071447649093,-1.3017533292210384,-0.6649928990303609,1.5225609802636328,0
1.8982220517926036,1.0521473040467144,-1.2563180794379862,0.86134564843004,-1.2961112135644042,2.9963822170880245,0.4322003691970244,0.09788094905078172,0.27986036767926203,-1.1434012294140263,4.037921198533663,-0.5219896587526696,0
1.6490190333294674,-0.9136377113488723,1.2782128091018716,-0.737383891635352,1.2562390385700537,-0.7005242586326188,-1.4793278396915688,0.8155728596147274,0.703656107207638,1.3909446084928088,-2.1386314402594486,-1.6525446083989386,1
-0.14595862229309117,-2.7574096009479208,1.535564749468504,1.5791530092755435,-0.8040076853589853,2.1203673816243622,-0.43174154189697855,0.949614091983079,-6.140606370616266,-1.0444662669899067,-1.1095680117516324,3.1648239014205557,0
2.4762828524927305,2.905095168182558,-0.8522664587176558,0.9116209846046887,1.3914030947243274,-1.4574010918583133,-0.4527628726105133,-0.10895719087287185,3.3176002525066854,-0.07066288581785007,2.4039125658864817,1.0840776675711281,0
1.4037593215456454,1.3465750700035453,-1.4385361763999795,4.268352524553256,0.4691931110914487,1.1306640281794724,-3.5912667017316338,0.9288220119501519,1.8393056482318684,-0.9327856305345329,0.7337553870115021,0.9389945072115777,1
1.1340859301929118,0.8232002606470825,-1.1828423662041931,1.9265251456647232,-1.0534269477588447,2.174717813813548,-0.055227438849110966,1.085361058462791,0.48121534419126955,-2.235726659688565,3.0315592023848317,-0.20987499776629348,0
-0.34095803441437417,2.2027433720322236,3.522392263694691,2.56225490987357,-0.7452501588806606,0.22147562672379828,-1.7940544830854808,0.6163041451036065,-0.75735163802211,-0.3190358156044715,2.7331152621059775,-0.45205343960914957,1
-0.19617042962514758,-2.103924921829587,0.8818959212841919,-3.8476648874167023,-2.358574018132318,0.5027488253307282,0.893054520749792,0.05272712824352022,-1.380692828575225,1.724940347681322,1.0395288327527,-1.6871948751897343,0
0.8975147451894567,-1.135210250288739,1.5995310898154755,-4.653701768070926,-0.7390966815457277,-1.5405716645338474,0.9815610664194945,-0.8213413750692258,0.46735777374918613,2.235508670990045,1.0386768819157686,-1.7750226233045883,0
-0.0838030579407989,-1.6195548568039242,-0.3204039039336597,-5.558279767069063,1.403029158634146,-2.7340747165229997,2.5817106080737684,-0.03308560137910672,1.6558508470708642,1.169548481340547,-0.04504402327612822,-0.25810247512148254,0
-0.5603895227438106,1.44560670744541,-2.048423138846757,0.2789424701101357,0.24953135346043753,-0.22851201592534953,0.2589479056667485,0.9078535688078768,2.5573298958928956,-0.8645115258635445,2.5167457422137245,0.7931320783533515,0
-0.7315069342289506,4.14750818854915,-1.3460221687736884,0.5875159078012072,0.21195360110552586,-3.0278801598510086,0.819041013804703,0.11818680897759588,4.761188334719711,1.7857613525521496,-2.9864416432961773,-2.9280786252370707,1
0.4620084520132382,-1.9852145816187114,-0.46896813940090243,-1.8139008851850762,-4.186425877005371,0.06843720306224244,1.385468553091656,-0.11828010303846322,0.45091098822981085,-0.9666065801191535,-1.883113017494656,-5.239749594755876,1
-0.18194246788270899,0.8364252343823717,1.6199421121761166,-1.654618569476441,-1.2418572539271415,-3.5699986342331167,0.7582080609210162,1.084199888749522,2.4846040315986624,-0.03616228466545901,-0.45794503596807057,-2.9274239933491604,0
-0.2495571980682512,-0.3475351334483866,2.4683370111558562,-0.8633408610845277,-4.0450545051271956,2.201807342871077,0.28384795672137086,1.6985679298509593,-3.5545357766473744,1.535427217410811,1.7461773922642552,-1.9417297819829118,0
-0.3606806479001414,0.9953209205417141,-0.023063200200288847,1.2061891129169522,-1.6637313171230628,-1.2857151905522952,0.9911174839672621,0.28338285218077697,0.12652934888347303,-1.45990119371844,-0.7294529221753917,-0.4742013562419707,1
0.7292498293802775,2.435982213807396,-1.0220045396794077,3.6261149369919226,-2.1009646339585997,0.9267478189967446,-0.5001018426359184,-0.19099667435776282,0.11692601163606624,-2.068473694724724,2.9527819409619918,1.4270770659057002,1
-1.1518233273062533,-0.5298046921124566,1.7391622886430853,-1.2677698572623584,-1.4852989762469266,-0.7434305592736454,0.8879884771220433,-0.9527825649271481,-0.6376851148857272,0.06716739842174813,-0.6276414325433783,-2.246503292118246,0
-1.231742139891179,3.204851385294141,1.006838600718788,2.7444075132256263,-1.888367943705171,-1.065635998028577,-0.19610791847878517,1.7091915759931249,-0.14913778441376416,-0.3275509284150102,1.2167132799980378,0.7312163648602817,0
2.2733848976524205,-0.6287133779762955,2.2149439553676924,0.6071237653541125,-1.940863289222738,-2.145388826074468,-0.27538341760039087,-0.1558292864941491,-0.1273017947614244,-1.5096130371389505,-1.9768560110600308,-2.4499563263690685,0
0.5543567984903599,0.9621528562875328,0.9453348062448326,1.2304140604124998,-4.769693664866972,-3.7816925305856373,-0.24890357075082514,-1.034679067607484,2.8132857964830427,-2.4029722941044103,-1.3409761256617891,-4.490787951405878,1
-0.47903691778237373,0.5800701550071383,1.9428875177256222,1.327497612693642,-1.023887377659237,-2.265946477364299,-0.5133365947349653,0.4880705973742945,-0.8711890857434519,-0.08508605905515798,-2.2131770723718978,-0.0496000773425086,1
-1.0442832330148661,2.5717382898096917,2.1660190392174683,0.40956571847026785,-0.7978345718288071,-1.3077489633537205,-0.5079754884648282,1.1635632730218786,-0.43710219690186514,1.5436129183379754,2.6179622238718556,1.448754429097475,0
0.43022471777125953,0.6055500510429745,2.898307849051392,0.9184667793402108,-0.5906807404736564,1.6205005598615732,-0.26106973780164777,0.17120574433224378,-3.5455029232168056,0.5786770545183422,2.1531411932192626,1.2312096459987019,0
0.45393933492936356,1.4843697549034274,0.2695314122338437,0.566417409543528,-2.587094359030825,-1.2688661383870787,-1.4864911543849688,-0.7126721299632547,-0.3877636313723538,0.31498229758998164,5.289686235368222,4.064827743280693,0
-0.5093504037397679,0.24293675447218543,2.4014685124577158,3.745735547330041,-0.39085038741628,1.0243741411055407,-1.6787405739504961,-1.7616726559015945,-3.59440976135386,-1.1452793491308864,-0.18402604507545872,2.0422140315359467,0
-1.2213620149333833,-0.22740561008890525,1.4605375564662746,-3.661533993412453,0.2919571741989544,0.2855029672685545,1.4895383980802905,-0.18811037643761994,-0.7534106403078416,2.1986742953051204,2.2491264474097417,-0.4093741607482462,0
-0.9091114395115473,-1.1672270942235614,0.04668652806093687,2.138762444846781,-0.20078783664444855,0.26988587860814695,-0.6344929603284195,0.7615097605080031,-2.1782531358254027,-2.0487170627978086,-0.713981812346483,2.3339972252754393,0
0.7855176453443342,-3.192747927596538,0.38456145474383585,-5.805989202611121,0.8001812829291672,0.07444822880952695,2.5945953770933206,-1.0290208483748136,0.13696023255677217,0.7930178559172647,-0.02079221557276978,-2.625914798143988,0
0.49139987590048045,1.2470285815317343,0.9802656440735313,1.43320913350942,0.044686563659598555,1.0048616260716892,-1.107880920139578,1.0697854244633882,0.6368709769262599,-0.9253528574800977,3.242600404406626,-0.2173909723010654,0
0.09987559089767648,0.19753764746370206,1.2557314417006187,2.1154358091322916,-0.41647688505413405,-1.955270892928045,-0.6191753157460802,-2.09098671832673,1.6407515273997824,-3.8474892028811287,0.4598125053073836,-1.2226661109722192,1
0.40061740886407676,-4.523098234429049,2.0519247133726948,1.051055756198411,1.7555571188684618,1.833383349295568,-1.8661572040729442,-1.7077076135178555,-5.703822035723306,-1.323859619603266,-1.5165429736871023,3.9134755931208662,0
1.0671090404277497,-2.29912133664819,-0.09279494667876031,-4.636909813226564,-0.6430578136665477,0.6591797284279646,1.2429615522766593,0.4603517437997635,-0.745208801335047,1.6733140830533086,2.068586621483139,-0.22511318003149539,0
-0.6748850584000201,-0.23242189764684484,0.5140491013032353,-4.826843703615954,-0.2592291938981556,-2.2692548201530123,1.284014682297284,-0.9745497120656837,1.276335036035145,2.367728475199538,2.4370591588052193,0.24122097941079734,0
-0.2751807656251183,0.011866829064784978,-2.6375279661133697,4.174897435703245,-1.0898933101892845,0.8064445390146778,-0.6379388674825399,0.35091513078100134,-0.6529705289581177,-3.1183795519494364,-1.226731540132186,2.2003162689525535,0
-0.11255683228120787,-1.8651291377744141,1.8194272431344711,-6.633428829847263,0.7460231062087166,0.2362405427755052,2.9149204040122116,0.5246696097271679,0.01911458099653421,2.8450777923502044,0.285708191539773,-3.9690390616358826,0
-1.5562925792026134,-0.5587245303066313,1.1534006614263455,5.962655858784299,-1.1038512378682293,2.429034476171837,-2.848444432500287,-2.3897273643359904,-5.109418446410886,-1.3189231695643429,-2.6768024496615705,2.739833129146945,0
0.2957951162426689,-0.034145325676660176,2.0978967934947637,-1.5958643774541623,-2.5851346069881007,-0.16514952021758855,0.03263346721860649,-1.7420628278087098,-0.28987787058978387,1.1082487295162071,1.1439286840483873,-2.9037019850983263,0
0.772741452903988,-2.5819671101179336,0.30172770800685755,-2.2971153901409256,-0.8683485282472274,-2.355322900534123,0.07812465323641271,1.0493051132767572,0.8457999929284281,-1.5091648628654153,0.2063913559232219,-0.3486124130757162,0
-0.08760497621225953,0.6298406458468985,-0.49584449521965235,0.9757968300296023,-0.9649678742562022,1.3734778398348109,0.5002037816690639,-0.6396734207924099,-1.4818541951349768,-0.37601142706240387,1.525163954322434,1.4335485350967656,0
-1.7274377325490444,-4.608122956395798,-0.7994236058423072,-9.896189213355877,0.6097294753994575,0.17035814432002838,3.831680276570016,1.9327984465610621,0.20751921020579836,2.959357555379074,1.1017914924666972,-2.1766091845649944,0
-0.2267034563614652,3.410648388130416,1.7365093695337008,2.9519357797857064,-3.5521143163971542,1.7709801954198663,0.603273690512472,-0.48181150915080617,-2.1147624801877725,-0.4117010191761117,3.1024867176565456,-0.5963656936864423,0
-1.7055112473226104,-1.8678751147759636,3.9671813159974585,0.29486691096938333,-1.7210856990649506,2.9052501144586884,-0.23141046091237116,-1.0165806082337445,-7.678717528339433,1.204306642383803,0.8035119788121912,2.3370790097670797,0
0.5166159449068204,-1.6195663233504758,1.2807001645274845,-6.246904290293772,-0.5987415521001739,0.02986552136013665,2.6120474204053923,0.5616463886352825,-1.4746931634421998,3.25352703673793,1.8579712656086107,-0.7775189956163386,0
0.561044560607351,2.592116871922908,-1.5910276416484699,3.4963246261540704,-0.8781659004129037,-1.2880141509617995,0.527465533726108,-0.6132491484504853,2.558892448631897,-3.455144875720422,0.3780147073511628,-0.23130342662223147,1
1.3410780901723995,-3.653469663858552,-0.011945046229057343,-3.144035567729866,-4.5963371860260995,0.28488227806569166,-0.06146914190292874,1.5483149097179054,-1.6073725932037661,-0.07958852826480167,1.4856004664518918,-1.2018125853117045,0
-0.8485258692748918,1.6972265322545792,6.209978977720507,3.891902460320067,0.09762483576247072,-1.101615323498275,-3.3768747150024057,0.4287900296321217,-2.7806770554288427,1.0245040386219517,-1.7871006647472856,-0.5581219256022301,1
-1.0225058773352949,2.0096044218191302,-0.9578694738464588,2.0509529017540196,2.245291612464054,0.33087825565570683,-2.8084598217184578,0.14874265767709172,5.427543802108768,-1.7353627809764829,4.053644755499649,-1.1309201813912702,0
0.14165277974207124,-0.8160266505041878,1.5403164492229175,-4.264811222132536,-0.3858573095057247,-1.0501930455998951,1.1678289520632046,2.007770021090051,0.10180558428687175,2.027314768687926,1.6192423187528178,-1.1344460684567859,0
-0.8763897995354163,1.7258023546131418,0.3199832189605749,-2.729322503214811,-0.37592618808739076,-0.4115875583015285,1.838341338338862,0.9467621332612666,1.5358331424839062,0.6742438525342274,5.095279902124464,-0.0545014774819792,0
-1.138375983040779,1.9986674739335872,-0.17588899111905842,3.1022189894349532,-3.466930691664948,3.74224467674287,0.18590428430158323,-1.833408157350516,-1.7866005417429076,-1.3665473790122005,3.4646113115322255,-0.8376261621220025,0
-0.5506831476461107,1.641654204978551,1.0574323545606035,-2.337030847750905,-0.4829606288229876,-1.8972928573518564,1.4762602638548055,0.6558193799892584,1.0054038223730435,1.4854547005041054,2.0570413239711467,-0.21567006645393882,0
-1.8125433254099765,1.1395799122294439,1.324282635088243,2.5546291211812266,0.4671641687380206,0.6842674843201678,-0.8449163213664546,-1.3704565509943392,-0.592434672880802,-1.707547346963151,1.900408840214338,0.869472631354278,1
-0.2302643950873201,-2.519884565294098,-0.2770636179591561,-0.7808796430712373,-1.3439623886034977,4.558741419919574,0.9096461224407242,-0.9755677986760999,-3.9026164531236773,-1.1426376883856828,3.26327072387246,0.9304170335315756,0
0.3043002629927847,-0.7684823679134758,0.5426974340832017,3.6771972989215014,-2.2975687953943815,1.396794824228965,-0.05952017732353154,0.797520806484991,-6.058711065323092,-1.0257940080211894,-2.641646363404534,3.522880256350024,0
-0.3475821730210163,1.4538619671084876,-2.6932961185227686,4.008788112012907,0.7201880786910164,-0.04188565559922741,-0.07963749914611651,-1.9241045881322096,4.115313868860762,-4.285844693018477,-1.9535623681839709,-2.7404079172172557,1
0.8223047399482267,-1.0938139077402513,3.664350964255744,-0.11094916937100789,-2.0258283948894107,0.6880699667597232,0.028669264972040143,0.4619407803654408,-4.6576431551690485,1.4148148407423071,-1.9247287437669889,-0.9795456730380546,1
-0.18063814696016509,-0.31788661304673593,1.7655667153565329,5.333393693493116,-1.0264639536357707,1.6337651891027143,-2.1967975593085427,-0.828772334747515,-4.942792482375336,-1.501779290042013,-2.189806943207334,2.6728442734495115,0
-0.5955256725918578,-3.1289623123014505,-0.39622589928916807,-2.4381256125018016,-3.0462423667322023,-0.43503351538407076,0.03294373598578215,-1.5944125764412853,-1.1108785677278785,-0.6405653982498263,1.1550324094687159,0.21335991486310912,0
1.1187841408229773,2.5271696920526265,-0.02849656907244147,2.57839741925332,-3.400824276117578,-0.03564131716869001,0.9930197003246368,1.1191529545170353,-1.6734912875529402,-0.6571405542754951,0.7604569530237526,0.9670288040088824,0
0.8986503957581576,1.3651058196885386,0.784955028547325,2.3510050867862557,-0.517037786550161,0.45707289475470736,-1.2319388415395032,-1.959230904236291,-0.39488548853646616,-0.5477626849643591,1.353075363915834,0.7280280062669153,0
1.3706119563706574,0.08089854659554929,1.399934020331357,3.2832510431012185,1.7664108082194359,0.21947615208083548,-2.4136572022533094,0.8553992728835074,-0.06684347896894788,-1.9247510743597536,-0.14597983930962566,0.7448778441152801,1
2.7601413052366466,0.22411328811477405,0.10742215341997641,0.3321924774765069,2.871809626615018,-2.140151212179385,-1.6409178930549997,-0.48362543526067014,3.5312487191640494,-1.7699857223340583,1.9283067645973797,0.9674540984633416,0
1.0160939569119587,0.27468741843937095,-0.9034253536130703,3.3196238518052237,-3.805048491715251,1.6813209822002144,-1.7619488236123872,0.3421618599677889,1.2096652933417373,-2.5738351574656964,0.48867372092792793,-3.4718285288361934,1
0.6347032557323301,2.745718960089123,-1.4124396088711206,2.2786397002657313,-0.9672060194304694,-0.709275261371922,-1.0525809584264094,1.072045044929151,4.516013195339138,-2.265066964721516,3.3063246849965844,-1.4190293217558159,0
-1.3159037704563614,1.6912182366581439,1.0961273130684912,-1.8699308065882894,-1.244938408167403,-3.6722884369184787,0.9982489599554553,1.0814392962660029,1.093873590009319,1.2398367172705882,1.3927020839672513,0.8677024823755539,0
-0.20509149601781176,2.080266302910223,0.533235801558515,2.1999216524169403,0.4169937892970139,-2.077698112849742,-0.03660686541486646,-1.8508015045231492,-0.14953957308884583,-0.6232578225255879,-0.31801927243143646,2.5265548986575546,1
0.4209507217617119,0.49784917857262967,-0.3312607412964341,1.0598447978035577,-3.451060812620863,0.4952388782098708,1.1853777094594622,-1.4050077483448749,-1.8204089588852062,-0.7318515322014614,-0.20047683330691934,-0.31484405655871606,1
0.48313739535292677,-2.022121968891356,2.074562457773742,5.856040067285377,-2.370922187029495,4.8255456016921645,-2.119221064698159,0.2787767026603401,-6.8820170961916585,-3.3221914772054295,-0.7219030152082031,1.2681944489444335,0
-0.650008191458544,-1.3825625862269921,1.0687955004578777,-1.1617374775384144,-1.556863827349587,-0.9900723457950767,-0.050177528799357995,0.005544404742869194,-0.5154876420882634,-0.5216984946829937,0.32677490644674023,-0.6547178205091905,0
0.3284278781737977,1.4133475036293768,2.9859357086539644,0.056751353505394335,2.527348137862592,-4.337778013718405,1.40226054924644,0.021333557920609206,1.2900966133328016,-0.8148064448047532,-3.376716848391445,-1.3051529008908305,0
1.82508063095762,-0.35781935757529526,-0.9137514296709024,1.4975984678090701,-2.987768328461999,0.1328487948831285,0.6941071599287743,-1.1871417888671667,0.9009052157545286,-2.6712436691859134,-1.9382993800804251,-3.758734313331959,1
-0.5825035871714007,-0.5643078830280255,-2.850096924261655,-1.0318645194929754,-0.3747418184460857,-0.5410790973103456,3.0391158649296885,1.5964053013142718,1.0525965701499012,-1.9001206029919386,-1.516171790015767,-0.5303947577946339,1
-0.5086198585592355,-3.100432483860749,0.3094837406985864,-7.101988436177709,-0.05692637117202459,-0.5137064566283414,3.4372547313160937,0.6458549903443064,0.6890560006169385,1.2614560072190375,0.07654714759226444,-3.6702982899713374,0
-1.7547248728155527,0.7993791917931379,1.327578344646741,5.67876834189328,-1.1452199099406808,0.43903502944697326,-2.696462749861855,-0.8854065063924974,-2.8110576728014567,-1.4856236989217309,-2.0175002743351507,1.979575986650108,0
0.05258035340239825,0.07024424611346447,3.1922735212981412,1.4151916838928045,-1.7696802672939635,1.2496159353218315,-1.6058909446149392,0.13037835103508752,-3.6479381818971857,0.9298941005318868,1.2151493410885594,0.6963060792162146,0
1.0645930869850002,-3.821430873528815,-1.4998396953822484,-3.780286952450498,-2.8018197290576827,-1.6784083146933098,0.6988297295686854,0.5344786726734211,1.194613366664996,-1.2192376914029808,-0.14952715146085027,-1.668545212949536,0
1.226097498125549,-1.3661804677968705,2.5418378871569933,-4.480530846379197,-0.3781242146280003,-0.9203923824229981,2.002702790808172,-2.6645392800663608,-1.0986026240013251,2.5247345958443033,-1.531799792581523,-3.0660185728626432,0
-0.4218369859358573,2.2720592399187005,-0.7365690739908439,4.790881327930515,-2.03733081420174,1.1672157952945905,-1.3313449501735393,-0.24889432301011058,-0.5662219957403446,-1.4236635648141376,0.21622792970073423,0.733528718014062,0
1.26136935441835,4.122802650419132,1.0085573364648728,3.9752019132695477,-0.7989806135571558,-0.37737749115229824,-2.160700411179286,0.86102633784676,2.34694809764903,-0.5841448405552618,2.5590301253901804,-0.7559840938508693,0
0.7309436787699731,-2.2925780422325266,1.0960346428895893,-5.776399645399725,-0.16794081584694498,-0.5570561305252772,1.3666354026832386,-0.056200473941920445,-0.6537802614535436,2.4691308185160543,1.9936415663913012,-0.28818025187264484,0
-0.08049652900447696,1.3597579466860439,1.7416315948837608,-3.979836772796921,0.8708250872300343,-1.9047963082188928,2.3217199592301547,-0.6094736256496411,0.8532346798272349,2.6537820888338453,1.3374269777075956,-0.8868139602503116,0
-1.1263546480895188,-0.9931091561471881,2.7836028883708033,0.24190125203343513,1.8313210218291442,3.088488471934515,0.42703867064041023,-0.2344475114738563,-3.1816275919635983,-1.6277331617275794,3.4044520885580942,0.8060845116049142,1
0.6442809302729132,-2.826893859227703,1.6179232367316292,0.427867630470942,1.6261840282354125,1.374726367433044,-1.743848038717191,-0.9746341580259335,-2.19283595512128,-1.6517109543749124,1.2048723435008175,1.7409606951249423,0
-0.8314440939527771,0.17717662809899992,1.7871414901026295,2.2676794846426334,2.165783935265687,1.4788265147553197,-2.7237956186496683,0.6574685175847398,-1.6171554697829813,0.5357996387444208,0.8937526849294233,2.1564879556433842,0
0.014018963071323639,-3.6147969937584596,4.520442197121211,6.225605235320952,-3.063763083714166,4.759134149562999,-1.2981083857527427,-0.229962715281309,-13.040057248215822,-2.361735968614314,-4.085208557594067,4.0984719876999005,0
-1.2228712849831318,1.4700405283763716,1.7241420225539592,3.948369138664784,-3.5137084847021227,1.9830054788946185,-0.3074837305874323,0.1904480721381043,-4.0986440002742,-1.0188289070371332,0.678204890625452,0.6453985033000081,0
-0.08630237057180379,0.2176250059593463,1.6243645377865426,-2.9570168125859824,-0.29514256355021407,-1.9211564135334314,1.0503892211370998,0.8424755681978943,0.15956809260689486,1.9183445269214687,0.5636579771838204,-0.5548927594066511,0
0.12314949752190922,2.3907341388357883,0.7880464809270643,2.411156458389397,-0.8434010606521803,-1.6166760772007716,-0.4019404039870682,0.8631287736447604,-0.0845817390932807,1.1528203728591873,-3.404698846608219,-0.6294710496255126,1
-0.18431096807266756,2.094738814405895,2.1124181725593925,-1.8135786171254196,-1.504733799115976,0.34059986501988915,0.9467292637739471,-1.273811326112471,-0.483804350285634,1.801456645788123,4.9096079953019185,-0.25269120855584704,1
2.300936353735584,2.239595849335391,-0.33108534339776985,4.4534880958933245,-0.1838967046491371,-2.3080340144458718,-0.8376310604194548,1.2393668498737815,2.7881487090802954,-3.2751623622080634,-2.359610708039906,-1.3862176406892066,1
-0.3985179283607395,0.7279513544458105,1.012657473959082,1.9516437228252697,0.39936108514072877,0.5954800756929535,-0.5677065572082431,-1.2878462887890694,-0.03740449669198493,-0.8193933701961718,-0.868529580214324,-1.3686707423219615,1
1.4362227110394854,-1.3244997123273738,2.060769603372333,-1.9465346248647444,-3.24541788548224,-0.21477234199408335,-0.4217384484541209,-0.4877022872071766,-0.996451626632878,1.1795012762176995,0.2764704016482128,-2.8574392650012275,0
-1.6993850750201835,-3.5913828213248475,0.33058059030471076,1.3010336869963874,-4.1019517893464155,-3.570477973355952,-2.2961385261764384,0.7924970914794153,-0.5237085854514089,-3.640374367447258,-2.1061333975126457,0.533572000844065,0
-0.07756793769355512,0.6545655097575851,2.8071423122187467,10.434049966797152,-1.7379579914069363,1.182304691422494,-4.401852903429487,0.521525140748535,-6.746710085429108,-2.4748676186312766,-5.982303966865188,3.515319756314652,0
-0.6832646778820993,-2.70566461647506,-0.32274295804721476,-4.285899941133906,-1.7493291708174397,-1.1202801363503836,1.190411341322847,-0.916963921386867,0.43124886051396116,0.31718556442497436,0.6019630341423161,-1.380374938385957,0
-2.1862475788637714,-0.3361414790633226,1.888527890400655,1.3721520312481128,0.40102716154388585,0.8595045426320644,-0.9376861764767714,-0.45266506296842185,-3.0960909849896194,0.03350369440781131,0.4968919372678302,2.3392625892706875,0
0.5799674919429952,0.5113015277624864,2.124672412574459,1.5469323504519241,0.8172367161928178,0.5973187770287107,-1.0841163494097585,-1.3924246964201488,-2.04524947039654,0.8207746393383832,-0.732712082813611,0.7308109154575333,1
0.5103841826216673,2.0532394395883022,0.7632176239701913,-4.205667544546663,3.18146462157563,-2.0593131781292646,2.6123922789392116,-1.2849110302941797,1.7957235422127917,2.836812813677188,2.292739082016225,1.0980841526437177,0
1.4558404015204456,2.064069950640243,-0.7220876411271406,3.680728999249472,0.36523557397249995,-0.9199303474919045,-2.0394153890138575,-0.15773351513933376,1.5730040626423931,-1.0084355329307901,-0.11701309846142571,1.4652866907007036,0
-0.2768075896600741,1.1340530933912363,1.8480903446591876,-0.5498456551906078,-2.1761503495120316,-0.42682247635356096,-0.44870513407320933,0.9825215662373488,-1.2229527440823447,1.7031535625295686,2.4924564601426757,0.5908823431911752,0
-2.1375643349060818,0.5982283572493521,1.5165122303599974,-0.5642490489962354,3.1391484061589097,2.8557335494575473,0.7707304110355426,-0.0647396986267957,-0.8574901490255936,0.49069863395446145,2.365347242089331,-0.36044757755891377,1
-0.5814139339305898,-0.8425088522165676,0.0592567278584043,-3.340210371544556,-0.3200594424013101,-2.4985381627706045,1.6471538333200644,0.6255977203734862,1.5636834705148503,-0.09927473238467432,0.5900655518042299,-0.7603110519565508,0
-1.8866624835552246,-1.6763493876251747,1.8340481176039432,0.598131625771942,0.062481098574131755,1.4894228811755656,-0.08947604375710205,0.943226790263205,-4.8164195502198135,-0.28150684205010423,0.2660462868543152,3.01299993850829,0
0.017397634668089947,-1.1026068343600401,0.8732238089658971,-2.7972052044919073,-1.7334323468810298,1.5846453315940838,0.2997705374237155,0.3576726828859535,-0.3512894949652698,1.1499689939539204,2.7648307014923477,-2.2565767236768624,0
1.8266623886403364,1.6970271525131686,2.177542204634113,2.3916197000654242,-0.4012550618859495,-1.594123377621804,-1.5509703597256626,0.3923399484306128,0.33050820112681883,-0.258643077277831,-0.6314468058019633,-0.5417351487185385,1
-1.0816428226310562,0.29516490249207417,-1.0550008717634696,3.3278379786307437,-3.0553551126818337,3.1894994121900577,1.232415947251995,-1.292412688703994,-3.4879469809338683,-2.768911518608336,0.9419538243496351,1.0049846744011435,0
1.2774507015297227,1.868072788739449,-0.25622181039714675,-0.47416407437791,0.6448676052114832,0.5179355862893791,1.4427585180422375,-0.12992336725471926,1.3834878468207361,0.32909397719292643,1.2911211890516525,-1.3137469285147962,1
-0.8935315190538614,-1.807572434708106,2.136406385247415,1.2675452158641713,-1.8271791089090954,2.6777029216780743,0.7028713776964126,-0.6707254095647512,-6.895729233949475,-0.7360281398905892,0.10879783781435526,2.671345521412044,0
-1.2377777438147368,-1.7555301910259318,0.684932372956219,1.1879144070510999,-0.2159848706077292,2.905908945651178,-0.4865564638955897,0.2179221592066306,-3.8058055171694662,-1.0640483818394928,1.0716393459960918,1.9015696086345524,0
0.8280038806963872,-1.2416276698206512,3.168662069997924,3.5614592080227223,0.05200958119302945,-0.4023161635919468,-2.0625890609406636,-1.4108743803226453,-1.4516368191606315,-3.9737932747873317,-0.6203680162805356,-0.5189481324534191,1
-0.9584784952433737,-0.8118460289622822,2.084317608102432,0.6151330741459823,-1.5558313874437073,1.3573125516067148,-0.07972375809522114,-1.5234339760699116,-3.7216231549219496,0.6581285331615212,-1.2380705212450938,-0.3550240109291477,1
-1.6445604815710109,1.7136494510526787,0.5807175189720174,2.026161402887314,-0.38090637314042397,0.2539472609422395,-0.8800189829954721,-0.8542620708333721,0.18657885686299377,-0.6028470780976465,1.902615048592121,0.6471358043317297,0
-1.9096381105392792,-1.672956081417357,0.019865172578551915,-6.292635567573773,-1.2884775328919775,0.6184382851622783,2.3545515220704925,1.520012340783396,-0.2528728192826376,2.85783637176673,2.809576874712607,-1.4794469045050909,0
1.622517991936761,-1.3048054791030514,-0.48893554253007543,-4.000172248948134,-1.0237773527494498,-2.0425919607870218,1.5701216297923186,0.9113154416040035,2.1987714701339045,-0.14953157191668054,1.2739437147985595,-1.6899046072992983,0
-0.6826598537523834,-2.4787872410172245,0.10088462510374507,-4.710645291170393,-0.8935522284924757,-0.24557709858285603,1.0062636524389557,0.12655197188169137,0.1368846662665627,0.7838843650558337,2.6266538249035345,-0.5201808876294929,0
-1.782243719964264,1.071533866530391,3.5962825666299656,0.8153851753045451,-0.964696497274101,-3.6146054695414622,-0.9476910403805081,0.39436203249420204,-0.14367396017214293,0.06447221990540086,-1.1358916329352673,-0.5679351242552289,0
-1.1093859725284259,-3.463033024007738,-0.13026924115178806,-4.268930281651173,-2.365556442454339,-0.27482609025662985,0.9954216714968812,-0.463309857889363,-1.0204166398450694,0.8721856909670826,-0.24792061329223203,-1.4074960618707122,0
0.8861701149532097,1.290710503411333,0.7422853510634784,2.4762870515963966,-0.8756184690096173,-1.0162037521244396,-1.9212897310055683,-1.7047092059549422,2.6571344957800433,-1.4150518099135083,-0.49859245879429415,-2.9476148868666883,1
-2.2121988009049645,2.0741004682301254,4.26610914065404,1.2482248362129928,-1.0835525681954232,2.061996969703547,-0.9096289590939239,-0.4129742272639004,-2.6076262480251464,0.9958394451808112,4.239815642696152,-0.49872019613901464,0
0.06802197107144947,-2.67388210414091,1.1211252375956975,-2.110477573392792,-2.13730665889381,-0.8617187271687088,-0.38761296757160757,1.3138925258536394,-0.7621540901574924,-0.5620226319211756,0.7253111763722018,-0.8595884638113973,0
-1.8172581598413378,1.44421055464517,-2.9337644055249625,0.7463741462015013,-4.67960659717481,-2.7344309527494075,-0.6511009682325228,-0.9509658330724992,8.080197216725463,-4.00353109843884,2.1368850404816304,-6.29238910914522,1
-0.6103127782024014,1.4412736118963245,1.860887319387318,3.4585101230516617,-1.803213707986751,0.10925109033069713,-1.061483107038431,0.6315946599062197,-0.4769700162235623,-1.6088262050184947,-0.6282924425345755,-1.9672648019958217,1
-0.894802727403213,-2.2016798623114275,1.4537397636796991,0.8856379313566134,-0.16852020511097887,3.0391515512781564,-0.36632214459189427,0.5561864877327503,-4.9866698775152365,-0.7219518711292023,0.7965443461336894,2.2441408385333323,0
-0.8700506358128373,-2.036328187000726,-0.5043009796733695,-3.8668278324565,-0.4511096638704484,-2.071023295422982,1.644862290433017,-0.3636204912986858,0.8875491478406361,-0.06392870737607681,0.08538636884913153,-0.32284266597430955,0
0.6646990335556436,1.7085277990959704,0.166722409111567,4.336100714567018,-1.0530877357160386,1.6892479205928645,-1.4250705676061655,0.07113239248166837,-1.1767945173255754,-1.4063329287538096,0.7381701732061601,0.8425880712553275,0
0.6801866648928421,-0.4133719578592876,1.3002677912549525,-0.9784569586985755,-4.195126694285106,1.2723396316490554,-1.8392564669678841,-1.0799579271731303,-2.348637260186434,2.0431772298582427,4.59161913634468,1.1995664778118473,0
0.9019501600338642,2.085161910129812,-0.3727801255121024,5.791765626551453,2.460856373369478,-2.327586269441035,-3.962252550720763,0.38244906643110127,2.4666908651210635,-1.7468897861056705,-2.307068788851276,2.4519853891035783,0
-1.0280924393429445,1.1135802625122753,0.42473479294378336,-0.5826204796508537,-1.4968535623470542,-5.555716957374993,0.03851884772496217,-1.1293828719953771,3.062569064144392,-1.1713133297978993,0.37265391238562096,0.46468614792798246,0
-0.7733706395667598,-1.5635031522300453,2.8725446808113917,2.194012282514119,0.8947016578066502,1.1230576510351222,-2.218570585324094,2.1439478142656956,-3.7887360424959216,-0.7671550143148783,-0.2081238981925202,2.2175750401230845,0
-0.26088793407646416,-2.3641227700623135,0.41064031769492615,-4.928245783367928,-2.253780504341446,0.16750979870884475,1.4826703701705077,-0.4550187899600784,-0.5472721314368497,1.3561726742670168,2.0373455957225453,-1.7648085946225283,0
-1.2333855923556705,0.3666277813159833,1.88026649390539,-1.260363043286883,-0.55362023820805,-0.48300213037411377,0.7125524741602889,-2.1260957758992154,-0.663910835675593,0.7932744669727163,0.8971894895840465,-0.8536716975340735,0
-0.7877639046380632,1.5351815757170626,1.3638151824762588,-2.4299951455797553,-0.8449293976954702,-1.0437958495011244,1.3181195814599969,1.5149860127901007,0.9202639391558036,1.7891228001262898,2.069988627891473,-1.506415627844033,0
0.37600700042848306,4.007809609993513,-3.509676106282088,2.148612947582597,-0.41685364610471753,-1.2903023561318574,0.07609995824488891,0.19940234852966157,5.16546260593268,-1.1706565816828012,2.2359068233591546,0.12729452429078392,0
-2.3093648735063086,1.8400952253369447,-1.059182679643338,1.1340803256026748,-2.417935780878903,3.5145192944862322,1.863406161828216,0.3689349735554708,-0.7884440737398102,-1.9140551032776725,5.400636739554053,-0.21689181386413103,1
1.314622003609946,-1.7873941691434823,1.3404356822284855,-1.1313905276756704,-3.22021548851319,-0.1844031861878762,1.3586975794026168,-0.8035629825839319,-2.8851409451144794,0.1504525708261113,-2.6304090211006947,-2.018879591624013,1
0.04250026547040967,0.5779113639851048,4.049776279030284,0.9803926363915796,0.1954938468581131,-0.3925739724662838,-3.053440857044028,1.2514266045650113,-2.4396021279367313,2.880180191579054,0.10023645799695902,1.1883785326290717,1
2.386990907933635,-0.5571691175917626,2.0343389387360595,-0.712626099775551,0.2933688932545224,-2.5283511123267535,0.3142860914851333,-0.2394266959037202,0.5013495672844656,-0.8549965746742594,-1.4977510141768238,-1.3722015628949158,0
0.71835272440832,1.7253129303964942,1.3520724010806142,0.11933190457674327,0.8327039490853307,-2.6859598625288927,1.0318687079056594,1.5540847567775335,2.882379891562406,-1.2680129363897739,-0.9931134314471965,-2.887491327795711,1
-0.36927388317208565,-0.930581964123496,-0.3366603799512615,2.9498629394198406,-2.515155191335775,3.7590687441934967,0.37924719625452163,1.7485310273735537,-5.407247063039765,-1.425331684315237,-0.08333620821066812,2.1605338244563708,0
-0.35970869797869315,0.730792057265711,1.6541434715720116,-0.44060328048447334,-2.564572537125711,0.37041701942264127,0.00802916106883278,-1.0556301489147528,-1.497722822741298,0.9453235526709199,2.4946618189422365,-0.20465284307133302,0
-1.0541068143188725,-1.3329947648298817,0.389822681331914,-2.0568403302831175,0.006752636431292425,-2.562152240831441,0.5491420963368647,-0.7428896460608163,0.4156383992634637,-0.36747732702468894,-0.20402931487542086,0.7992447424018321,0
0.04967108332519265,-0.6004757643609127,-0.4361499265724229,-3.211475330173217,-0.4822571041438404,-3.658453195906373,0.9064202444804822,0.1356552909345557,2.386987940186359,-0.18970499047635814,1.5331569895477706,0.7138789784079014,0
0.347724608615673,-1.5236282103567258,-2.3551157076817493,-2.5880278854043635,-1.6080134423150918,3.0289985964974027,3.448784519789311,-0.22414740614593356,-2.735398903098028,-0.5910808103026879,3.192074476397974,1.8964960433607696,0
-0.7057320379193038,0.016111857834877896,0.007734063132961988,-0.876410721195889,0.5957256255809116,-1.3646276483959312,-1.0134403171729132,0.9007925662176754,0.07678298876605913,1.9933696837603945,-0.18282710872221064,2.0393006984091833,1
-0.41477037295506536,-1.6321186475113558,1.654585457088005,0.43504397668888045,1.0168492563411728,1.8004472287313962,-1.175969535663077,-0.961776867755465,-3.079376046836538,-0.1517625007715223,1.2270135157963358,2.149747424574062,0
0.049608378570222406,1.708503220423967,2.3570017723116488,0.5136707244946189,-2.1003702284701005,-0.5816468294596924,-0.34992502713291596,-0.3851625929269365,-0.7501952357819986,0.7994267054323514,1.7008153109672564,-0.7334683228847065,0
1.1550010442984966,-2.084926932241215,-0.9190011539148801,-6.56471162328737,1.3596713315294808,-2.0300747781457056,2.4959247288802597,-1.2630087210367356,2.5314342516906465,1.2109910087772138,1.3839643148083458,-0.8933249823239401,0
-1.7031059100601393,3.673177027294929,0.9069686542634866,2.0108147420677116,-1.2148647573314282,0.24569714184438063,-0.07008981858205876,-1.7503042938200533,0.5043964865164429,0.3037754263284904,3.017210515845266,0.037228955338681535,0
0.7542395850113096,1.4586024266484272,1.6622183810310496,2.7048159520785613,-0.15929191884519434,0.35476781109891764,-0.49438262446546366,0.7334007448731859,-1.526048454276849,-0.7612862885881218,0.1515306726945398,0.661275732058306,1
0.10535214564600152,0.8012148273119808,1.847965883296658,0.7547438874314445,-2.813389454030605,-1.1453782888563488,-1.0657422207870475,-0.5701063628951715,-0.6801387128362667,-0.1636610482091574,2.1734451277474696,0.2753956771815911,0
-0.06551560876488913,1.792573080876012,1.0349203600816603,1.0953727430490687,-3.110568736393284,1.1692765558185245,2.019590899765511,-1.3700426988714967,-2.366936604270096,-0.3309707906263929,0.8319852491568211,-1.0575169637129425,1
-0.6827961745945743,1.4515742927628978,1.593115849639539,7.005749438670347,-0.5541760097313482,-0.021760186234350165,-3.363927777270358,0.19984838161902993,-1.707930835545765,-2.529741015680149,-2.021438247235929,1.555283847698441,0
1.236458781648089,-0.554340922848167,3.228971442140614,-0.7112125407697998,-2.299962882736845,3.427751511388353,1.0943955185507317,1.6497007721709853,-5.605550942595479,0.7051153552063056,3.6675538119022115,0.5876097858573975,0
1.1102199118581308,-0.5585264427911885,1.495519488170477,4.816226519418134,0.4663024961007831,1.7804018275963878,-3.1084291965077324,-0.877199810219221,-3.2892292505366707,-1.3209650268207942,-1.4240883379709093,2.2554664337381607,0
-0.45976803568761254,-3.709139823147848,-0.8780863098475917,-7.446940893678378,-1.2184148397610366,0.11093715534685078,3.52603365658648,0.9587757181139501,0.9188699334619017,0.6577871530779758,1.2591538641204916,-3.5970087440742984,0
2.900361832625504,-0.2179885523822569,1.3831283208673761,2.632820513868764,-1.6445435757938496,3.8056057121253453,0.014915146059637951,0.4660318334018379,-5.145515006912701,-0.8717533939656121,1.2850418214988595,1.4939029895689053,0
0.08205990196160777,-0.9627394473727438,0.38400877541087997,0.50466926509636,-1.332830082424888,4.2472348813299785,0.7586302843605356,0.7454495707979972,-3.583328695803938,-0.7400671429522018,2.297914415674414,0.06032048147802049,1
0.5283827779184118,2.960662033364862,2.151419137817208,0.028078758910013768,0.08925222143098432,-1.9178564862380232,0.4097119983389257,-0.8443108999274764,0.035756874028401796,1.4454704580311613,1.9935925198890934,1.269225832054695,0
-0.5499839686571065,-1.610834329722425,2.896598043840039,4.177650011511616,-1.9766372046980716,3.767909732237856,-1.1211480264711864,-0.032967990033085315,-5.920321039853616,-5.597898196506002,6.348456466113471,3.8908004926071387,1
1.486598830749428,0.183523491280284,-0.4228478155341413,7.013005073668904,2.4850781471038235,0.004966822099733981,-5.558771967939972,-2.05486395034648,1.64459100200166,-3.1561185785807604,-2.167614013446465,1.713505504411284,0
-0.4826642918015494,1.0811300510859052,1.2954493320141092,-3.086267171341774,1.5503309948730282,0.7389627510863273,2.160941582728343,-0.5181757807023794,-1.2652610457156968,2.867068445531376,2.2165716336852683,0.8484636945869559,0
-0.8793861430277521,-0.5982729863087781,0.9488288987156285,4.814427157818756,-1.1953660400986212,2.1551054847542703,-1.4772665559886673,0.22469783470978344,-3.8688468021304754,-2.779203287327337,-0.8721132006190131,1.723108905414633,0
-1.487680722804161,2.0036331399330307,0.2761344726475947,2.0414584487823406,-0.4606475632093212,-3.258100028654913,0.8416490694245424,0.5936407579570753,2.6694516289766295,-2.636852967695665,-1.8880707152672453,-1.8525288302790872,1
0.5333386446938232,0.19867259026078188,0.6205076197157615,1.0167565720003926,-2.30353241090328,2.1393261182739702,1.5423093043382377,1.005629455072892,-3.5994975506303457,-1.1911597703044754,2.018220782851393,1.158568804339932,0
0.4705792391364476,2.086994039815305,-1.246615503347063,1.0917380275739061,-2.6456646181247074,3.2357618301409277,1.6080556340887489,1.4100037588949808,-1.446052307104686,-0.10100097475644154,3.491314585110476,0.1617490057747043,0
0.78089223796415,0.6686229940756112,0.31577744100379646,3.8801398026238036,-1.2166440238009821,2.7265276327362886,-1.1261740899377735,-0.22014518698711838,-2.99143669004542,-1.060787130387577,0.44178619017436116,1.439229917470009,0
-1.0073757131307972,2.890211156241615,-0.09095497041391454,3.9240888241434373,0.11015012570543736,-0.5640953049031885,-1.99882935893246,0.2589366464300479,2.02780784372481,-1.19255825854276,1.0980908432353966,0.47806947346353856,0
-0.37834393714543724,3.4683657156871304,1.0702190279833268,5.698690561424513,0.2511025562702587,-1.6006271135977723,-4.057057131333577,1.9785875063668406,2.942246374368178,-1.3658226708842718,0.24652737863490326,-0.1659400255474177,0
0.419370414194398,0.9106060734437659,-1.4530178621101402,1.855966880425518,-4.01056887692996,-2.307018564917433,-0.7051714322873601,0.13494283575227828,4.755079018624733,-3.3470996988075994,-0.47473394158702575,-4.827996720540291,1
-0.08828465562754592,-0.03260777438726836,0.40950660710736486,0.3479727222553666,1.0855169424786917,1.8640805813961059,-1.1143413399690738,-0.6222721819184625,0.4951179364629305,-0.8487726533570958,3.692378988744608,0.27428610687495003,0
-0.18128270250263795,-0.7706942703118431,4.603929658677144,1.1545327830067875,1.1465230686093597,1.7933803243278248,-2.985384724210599,0.5367929631998173,-1.6882873137710948,-0.6961365802280854,3.5924943593238043,-0.5292935716766423,0
0.21379839139001383,1.7474339218132378,-0.11996720540531047,0.06513780815035906,0.9739482088277853,-0.731320389051531,0.6136545097063055,-0.8293741540386926,0.7638263151005334,0.6151707008219656,0.7416983731221628,1.0129376318355163,1
-1.1270368680702203,1.9292735474868636,-0.9931024024997088,0.45912393557196085,3.115654962058409,-0.024517459674367248,-0.28668971757657413,-0.9150537318178961,1.8738511064636703,0.4486310760577408,2.153017505776871,2.395799536928138,1
0.960631103096029,2.488991241758347,1.5261430402247234,-0.6852810967008494,-0.24678326287013708,-0.9595593012046462,0.17536653617949183,0.6843912070992826,1.4485317096696484,0.7719228756633292,3.939904650616917,-0.16132981206282748,0
0.01984043474552095,1.3023405670460328,3.647946621922594,2.4046378943196407,-0.5532099983466008,0.23459714014955302,-1.1926247599815971,-1.0050022449284983,-3.008662975532737,0.10447030653642808,1.0602664333670584,1.1951584718851649,0
-2.160823022196484,1.7111184357751346,-0.711153228595049,3.68532722844639,-3.5987545921151107,1.706348435161542,0.45573027242710573,0.8544236637116334,-2.3649074446606084,-1.534283998208109,0.5232583646075253,0.7564869956507321,0
0.06314784920281087,1.9060099061350042,1.0650264299678718,1.6408512817043894,-0.8751508813025084,1.0716263661096077,-0.5302915465858977,0.9249860772417398,-1.0061723150456927,0.35761292688992485,2.319542516180003,0.7062770823350228,0
-0.8356122579941729,-2.5115108365390206,-1.1190883232922029,-2.2529183254044214,-1.8624895564254333,-1.783527289955666,-0.15577979865421643,-0.6019543223620244,0.314450537146148,-1.0336627246074688,1.641953155273967,1.7211964876336219,0
-1.5966335532659373,0.9024399542645918,0.2454164123981284,3.652904602634936,-1.9110700471845696,2.6587275445932987,-0.7865315143628174,-1.3427492815571171,-2.2593325666691584,-1.6514805325817954,1.3869490160201225,0.528864991267675,0
-2.2675887331531768,-2.031480142511545,3.1211852278499164,-1.9667037327570946,-3.4625736876437188,-0.2016998485113377,0.9604795559672101,0.6723608084147056,-4.259187012511183,1.5343038157338804,-2.237466751532997,-1.91205232884539,1
1.0217669889897585,-1.0196398171798347,1.472498216529534,-3.428024503228295,0.7583297817186982,-2.5869645689007648,1.7840637987849148,0.9923221666705409,0.597025432896335,0.8090657850152259,-1.7255037285524528,-1.6434691484902721,0
0.3550668109879233,1.415132450940079,2.245586090751954,1.2896640612344923,-3.6201684234753655,-1.2510367776316942,2.0990960465968094,0.6550898385768128,-0.9437963440406487,-1.998930304334574,-1.2114016001260657,-3.527972522116745,1
0.053388347374439926,-3.090753158854957,-0.48594339841457446,-5.835611344033233,-0.01802930433416583,-2.1984885781578836,2.289834799224568,0.3229848307504059,1.0527827799172216,0.42214816020199897,0.06663796152913048,-0.874531547605672,0
0.2280370721942807,-1.4737899216157984,0.7259307780584824,-2.0060155180785264,-1.676695518288802,-3.610001803836528,0.3619498972915499,0.744943733181773,0.71312776076923,-0.7185586622597318,-0.729033204880386,-0.2310906500429878,0
-1.1825022896844204,-0.28637103994123514,1.8584818326450727,1.152033534905414,-3.5397352493577676,-0.6905528241562421,-0.9301758730859502,-1.5759321010266316,-1.0683595206392105,-1.3832566530339894,0.9281447510835484,-1.1627088184614656,0
0.04346264607837139,-1.7282812211417524,0.12293833624169526,-3.36282370778751,-0.9385761570239544,0.6919228874748955,1.2247823859232871,-1.8820666884103279,0.9202061869870639,-0.16893245560983883,1.7327441133648138,-3.003848987622373,0
-0.5199051479412212,2.2457219152188106,-1.2471682166291571,0.5829960366605926,0.6169084002937331,-1.2584471981770218,-0.30707049624979954,1.0188133769624932,3.456847137905024,-0.6681842080581264,2.637317775542995,0.5020702154235928,0
0.01835585662556579,1.829163989683595,2.9122132420490656,1.2241984729430444,-1.3943462324720879,-2.749408390476388,1.3834901743132142,0.7410477611778737,0.5951406152033089,-1.9663567798104191,-1.3134593480705434,-3.058080476650756,1
0.13670474222166035,-0.35395117993167746,2.0641483631539495,-0.24726459921665475,-3.3541138925947713,1.1083263475285259,-0.41294143402883454,-0.2025775790266718,-3.165493038778567,1.320507685357895,1.188992830128298,-0.39341268654768413,1
0.28279452611945005,-1.825782092619558,0.3906255682810864,-3.8481728197654914,0.3972774357826143,-1.589562838362876,1.539858748722542,0.9504400865346377,0.8149012306732568,0.1523231205453448,0.23540253122383548,-0.99000324472843,0
0.305423416362696,0.6541985316939065,0.4719348649126599,2.94502604450115,-4.182734021909911,-0.37395560377768744,0.600115718565269,-0.09964411002079346,-0.6289069137748319,-3.0240032667397947,-1.4416429881769035,-2.737151016407516,1
-0.9269280945708209,0.8214470252718171,2.701969801998626,0.44252999448495495,-1.0763217609790785,-2.8284732287058145,-0.8707677017268642,-0.7024494970606804,0.014616970857582186,-0.0800682742701333,0.19692628457209016,-0.035230515196381984,0
-1.0165262893199492,1.4825851241463983,1.8391374365281263,-2.058263041337948,0.38323315871776664,-2.150739963378793,1.0017052801597581,-1.17412443055716,0.39565222644102066,1.842196784866205,1.2860128711673955,0.3543640025726462,0
0.839358862651932,0.31683866368868197,0.9888872049327124,-5.836978308028833,1.2339743692416163,0.8712760497441114,2.745013131691521,0.19762462540905856,0.8054440139247501,3.466822903322708,3.100890605837078,-2.196453608892089,0
0.562488538987103,-1.344121426757522,2.1121070523895367,-2.584450267304524,-2.011284529635013,2.8062003220907514,-0.25480402339950836,1.657174556337741,-2.854669839822195,2.605493900505528,2.6352414315117145,-1.421311858366262,0
1.0707127008751856,0.4659615533473118,2.5530446317400344,-2.610968263788733,0.45649127886173035,-2.794881418445565,0.6151502697927049,-0.22917099021881493,0.5799503186565165,1.475255569864949,0.7551834963633637,-0.3928953987046129,0
2.4667160215495385,-4.866205412840659,-0.14415073286876035,-3.8486490853551536,-3.3567834683528655,-1.6161772741034008,-0.418819604388563,1.19282934013797,-0.4270097503840447,-0.799996935217772,0.12873280074107651,-0.8879977493245922,0
-0.4513326949073665,0.7217523961270176,0.16535770516559434,-0.24773083009943095,0.27284638662728633,-4.936271847144733,-0.32763777663004623,-0.20433346395476948,2.4194024019752494,-1.2016896251612605,0.5653387114815225,2.3669658069024173,0
-1.4194236559091118,2.521955879652407,1.8546321677485236,0.11262076630450223,-0.7695261784016324,1.3739051769788282,-0.5729636318414257,-0.5698448281682492,0.23942233279296962,1.325820640062417,4.768499864738322,-0.6916207396192333,0
-0.08153114516009273,1.8762084035255921,0.33038632305091387,2.0918614570272953,0.9054059433422319,-0.3002407615307372,-2.706153629107977,0.6039517240440535,3.7470520419263598,-1.2276322207929073,3.202877091824984,-0.9877910686114175,0
1.4175477826473015,0.8553965334173232,-0.17362143022570464,1.8407518834813046,-0.09291059223734477,-3.097751880496538,0.2918035449837717,-0.945728068554524,2.350221268085153,-2.1997681561557405,-3.563043090857511,-1.8133007972036466,1
-0.6278946469808896,-0.8810040189688504,-0.02264533672956892,-5.274873755193098,0.6248438155595855,-3.6590246333568786,1.9610729311829829,-1.4427950937816387,2.36435153373012,1.192176103727971,1.1042667660699357,0.038140137253613204,0
0.03322520285748442,-1.466741271496248,2.339189406223763,5.516354316865301,-0.15950510803549278,1.2830271121963983,-3.6892829409305747,0.7555918925885208,-4.237350562833198,-2.1918675208963583,-2.3646803826934324,2.3147398370548578,0
1.6151828831327955,0.31150191062927546,-3.1079281404155896,0.553264996448729,-4.453770928896532,0.016154648763428536,0.9203342362053823,0.254194137475491,4.252888724776229,-3.758960505154573,1.7035592605073915,-4.7473226894042595,1
0.42438984658155243,2.6430393520803657,-0.11717725934398326,1.5261709247738526,-2.6244902136300414,0.6573639035465637,1.6801837571405427,-0.7249933339011452,0.7670718575135801,-1.5784417219146192,1.9649094682577948,-2.274242778831946,1
0.364096287736337,2.5153344132794264,1.498913337301306,2.962036863698453,0.839042533486692,-0.14415200574440257,-3.2094484133337566,-0.911380610486418,2.010895501879216,0.08247273496843821,2.2899567345228355,-0.12213472977082485,0
-0.6253035954092099,-1.7416264171470077,2.055221156090786,-1.4000312581973915,-1.7123253236938687,-0.5431419665059329,0.21868534007045481,0.6901435665340024,-2.0316428584476975,0.29887525355609634,-0.9089462955851744,-1.137442570318612,0
-0.03944076898167965,-2.6459222756374627,-0.40626771161162467,-7.187235229698272,-0.5724242110441287,0.6571526861730448,3.46919252682308,0.6181419415632503,0.09011984345122682,2.224853218682096,1.242980981720742,-2.808397910967189,0
-0.8823204246409162,3.1057897962314205,-2.293962059225611,5.57161674023836,0.44804365943927316,-2.044923352536006,-2.8388718704770697,1.6661701722310192,5.152898663699635,-3.311551783749078,-0.06743693794343919,0.21093281547493592,0
0.3689803792465684,-0.47373855271800025,0.3642540994814576,0.10962887334248399,-3.272417416276735,2.38125478625877,1.210705109257968,0.22359169273121765,-3.439389328789793,-0.24982168963281992,1.4853797981034704,-0.013624298991153583,1
-1.223220363466552,-0.6864546398067195,0.25392383000237095,3.3459518474093266,-1.2234001806832988,1.2281557792150217,-0.6157164317358879,0.055038535222923624,-3.1139899369196526,-2.386288986929418,-0.6847325865479961,1.9621800364859245,0
-1.5322122009963537,-0.4911233214002886,2.9840981418849837,0.28134700886598185,0.049640509419014434,0.24313491314122115,-1.219461086412846,-0.7536374789449218,-1.4600672517242919,-0.6524965678975382,2.5153426851572744,0.4085647117340513,0
1.3123371615559072,2.8482712614317167,2.7678371292019346,-1.1159817867687505,-0.34396849498565596,-3.713069355568844,1.7642255625445964,1.335236789726289,0.6151247781349868,1.4750898261064826,-0.35309308481913226,-0.7577517021143882,0
1.657001646943281,1.0537678862613578,0.3650070699689423,1.039279382207387,0.48099157092813294,-0.7480183334837044,-1.7001486238632961,0.47224346103274045,4.0557108011664855,-0.9353496327323644,0.12480102489608269,-3.7932752215031003,1
2.1383036062127974,0.24356377656284356,0.33100211707267146,-1.5979501952466297,-1.0823052693783723,-2.2105692528433343,0.2811438177326978,-0.348539400013835,1.4771819683752339,-0.15588394833384744,1.9929779659682665,0.1193181629008202,0
0.4313739027573941,2.859668014984779,2.8988045284364574,7.3479273921260715,-5.88686330255232,3.868529588358395,-0.20855396560854067,1.273488327260051,-8.600233792146025,-0.37629756552126814,-1.2208886001630974,1.5879803883541177,0
-1.8162287732243299,-0.11904484740387744,-0.9877221896046116,2.233290361549627,-0.0868066457920662,2.3333645354914143,-1.0232173241879603,-0.4564319536135384,0.23605971613346652,-1.3298117749009186,-0.18448224863192608,-1.2046504825081321,1
-0.23230431025936976,-0.6970165079318518,3.2127732234675888,1.5455740452962303,-0.42660144297183267,1.3609734602678638,0.2312338967759906,0.3842131190346212,-3.307010925232248,-2.163520667751276,0.8393429043444816,-0.37548357627667606,1
-1.0177597482373224,0.37958411006704484,1.0592943174991463,0.1094783647499175,-2.148724712907625,0.07045693221262694,0.795528383895254,-0.6681905446106643,-1.9928638036293598,-0.4341133581096468,1.909737914469431,0.9566970162241273,0
0.17905926121595078,0.18305843195571248,2.463487217538825,-0.679442524056351,-2.1460647751999615,0.6735517499372325,-0.5398502757661356,0.5544339008020016,-2.6524941635894392,2.030800845538475,1.6610915501097514,0.10869582808255807,0
0.43831836828255594,-2.550400448526353,-0.672804347384323,-9.19593825147262,1.5150087300536197,-1.5790682765137036,3.3901955299015607,-0.43990957535696384,2.0088523747887512,3.238726182237846,2.0715888015107105,-1.1196407500600896,0
0.8828210246833601,-2.266177321642436,-0.578342167776992,-2.516272542493575,-2.2951237480603863,-2.97175241383885,-0.12552561993430134,0.08216081713885773,1.8518599641433375,-1.2732830230962153,0.5846089890334805,-0.6662618996368976,0
0.005420085018580764,0.8756908814989447,-1.2257174790166356,3.146287074970465,-1.4319182040214893,2.1536205634807124,-0.05334605289451433,-1.1193391026210182,-2.459939911576673,-1.2354717779378066,1.0396594403273838,2.70248911195664,1
-1.2025015252824232,-0.3771871276766936,3.987804737036582,0.3432979976048097,2.597637460511702,1.6902754810888925,0.5224367241264128,0.07486648741449747,-3.5031710229206454,-1.06645371637305,2.347642202777298,1.361566143246209,1
0.283247035194307,-2.0395646121883053,2.1817182062425973,-1.9108846627804308,-3.1950796781600714,2.3036425343860283,-0.5267567413829208,-1.9077956362043826,-4.012818246184925,1.3624215094294527,3.2921361092642747,0.2621944703189787,0
-0.4663588087434595,0.6489944395448194,2.5679311217995804,3.7971376781593977,-1.506188906973998,-2.0728910269720258,-1.1486636425796832,-0.3337818754251299,-0.33723370659833896,-3.6126967701241464,-0.9079811482721132,-0.8012004527877379,1
-0.7323364282843424,0.07183499234169932,-0.477444184787702,3.5431682563892055,-0.6229547037189312,0.6215887271292908,-0.3396752369659103,3.2020013570938466,-1.9931409542994374,-2.545065585635543,-0.7298750086264529,2.2644858674696415,0
0.1995002395918969,1.169314048658285,-0.5154184153381693,3.2505557063984645,-2.3016875126425105,1.3919208753030807,-0.27962620624252854,0.06726494861351555,-1.27894851346896,-1.8124918012292093,1.0097313478229366,0.648258352192348,0
-0.8284903421918803,4.633704273204952,2.666270666776094,8.710383667022562,-4.1498072399506585,0.02677343564081769,-2.2928712247325804,1.9218894494400847,-3.006894306978289,-1.6405931745814721,-1.5569069664406454,0.45355999401146574,0
-0.21856537446614394,2.2616203724115946,0.5658216513479231,-0.645409730988669,0.2043542837863479,-1.0935284206634348,0.31280245096144177,-1.8324881823492527,1.6581251846802347,0.6551938942292266,3.315499198813878,0.573148521042726,0
1.1347859452011417,2.963643013121655,0.2223314729226078,-1.8647211301148674,-1.114459590211729,2.997144717181694,3.9135284277985427,0.4460386159766832,-3.14929377311514,4.013082581957773,1.3293744504599532,-0.17961296809367444,1
-0.9284659942559383,-1.9276321704127786,1.526512899778284,1.0012497565854737,-0.147822107215273,1.5307020646974245,-0.7085193135157669,-0.9556337627560766,-3.934144551362229,-0.9225255089264356,0.2830871302028226,2.2141268697740406,0
0.21457305427860696,-0.3228666945266828,2.9301515066673036,-0.32192179026534956,-0.5990031486471408,-1.8817157163206644,0.2552206853708533,-1.7967075310398484,-0.9175733272932289,0.01549580407408091,-2.2245409774919387,-1.9315890566160188,0
1.1337981298592532,-1.9696318620070397,-0.14528710337720563,-2.4925004941624604,-1.3551292848470098,-0.776233875482744,0.39263689034574345,-0.2720594716226833,0.12401495813889697,-0.31985095334948355,1.17324088221064,-0.24201422259981675,0
1.3879513145244782,-1.4451808797400354,0.39045883959534167,-6.349946176159413,0.9840030011962935,1.2362937612079494,3.2483151824743586,-0.5188447887767462,-0.0892587988859875,2.514651263378853,2.1997290654547124,-2.0452513130427734,0
-0.6238446823891427,-3.184849931729545,1.1527243081243455,-4.553419724145442,-2.6018367065759502,1.59968337129654,1.3128681474699113,0.6257208887019664,-2.5802480146307003,1.8958204923778255,0.6178435142750303,-2.3629329923797013,0
-1.1785258678203372,-0.156529108299019,3.947655551517552,1.5111874681710047,-0.5365623952560097,2.547222807387819,-0.1978430578798972,0.07983019499037651,-5.511572351006106,1.34101445477939,-1.4358942566071409,-0.34978227717228405,1
-0.8349568270994477,2.1740403469373084,1.0520898676149,-6.053791187914842,1.9034268942091015,-1.5106195681160193,3.7110922799895425,-1.4208273355348109,1.505351356258043,4.187075499974991,3.0215685560699015,-0.4115556078065703,0
-0.6455015500568129,-3.299006340712107,2.1584573676090946,0.8140238399623321,-3.190732636622867,-0.7094318743635792,-2.1004757715624387,0.2289067758508704,-3.2521365705273104,-1.4617437510215394,-1.14693779551863,0.42960592801963227,0
-0.3726081571226364,0.774490573435745,1.3006518087717205,-3.0471784160488835,1.5056619920397414,-3.0451883012564087,2.790707078294865,-1.024146928275324,1.6113735965860334,0.5156301308458782,-0.8490050378253242,-1.4435265287579149,0
-1.6927978605191554,0.02096544687149704,0.9165784288591157,-3.26687565688089,-1.1719916421299374,-2.0710903324179486,0.9547811942237538,-0.6792231117263853,2.044659047455565,0.9074814183548436,1.3035308818903202,-2.418726870834523,0
0.5924737030135748,1.3556327255876968,-1.2104345844173543,2.2661688108594116,-3.9168420448691506,-1.3822236110200685,0.23747503007967086,-0.31579942425112223,2.324074871740965,-3.1867550158155367,0.5543586433455439,-2.323355243487309,1
1.3647700976924173,0.35130485835870906,1.9379880417031579,-2.927279566105387,-1.4961874341574097,0.45749798703044053,0.8651590725834706,-0.13583183492599352,-0.7633906576373267,2.441804691743415,2.4039452349488784,-1.6739870026501569,0
0.011000784655391806,-2.2281199407632113,2.03009694108766,0.6782926820431862,-0.16667286764799794,4.943148450461427,-0.4998104907629176,-0.19416235995840184,-4.6806220487273835,-1.3138562195170749,3.337651683048764,0.6851970112082051,0
-1.2054941873220146,2.139127671139705,-0.9120337011222546,0.5150418592916586,-3.2084927846365074,0.9500733277632507,2.2985236028098006,0.1671892587355066,-0.25413869942727796,-0.4392740415220957,1.44424736011798,-1.4099922036893402,1
-0.3867448706541244,-0.7227998965513258,-0.5611100578265449,-6.229057415395594,0.344142817480418,-0.00026316410656435085,2.821217362795478,-0.5840068805423547,0.06524851093872439,2.8938670166378775,3.881615987693116,1.044455829540924,0
0.08144400698974098,0.31971807013562203,-1.0848851679402447,3.2282045537471107,1.0273889408612913,1.1107149728289982,-2.472299981288356,-1.322739085942631,1.8555243388488836,-2.3134069919361386,1.1595091163320388,0.2648066341178421,1
0.7227536719795854,-1.0255078662779178,0.13096019198495656,-3.5329662983306314,0.2954818300890154,-4.022324390460561,1.8666708570062978,-0.6450049141056012,2.325911947680675,-0.0945812377356805,-1.8103214474996894,-1.4713684793039352,0
-0.07933924827048318,0.038984207044796104,-2.170752624092434,7.071386844293958,-2.5301347143661013,3.600774080331219,-1.506049167741501,-2.8141887190731047,-2.189040092665676,-4.784790834899965,-0.9114769475913627,0.7872559742206922,0
-0.5597827898544663,1.7141318313008729,-1.1272006058227655,2.401634315794601,-2.056221099427237,-2.773944198436376,-1.018367378157536,-0.8211703453042981,3.6041778369419117,-2.4489071682908294,0.09826754729287335,-1.1144346577945827,1
-0.24219878580695042,-0.742793664603644,2.004414452351085,-0.3768036127841563,-2.117425445751834,0.5669402353198307,-0.713413193425982,0.7192857585081206,-2.5284239051297916,0.8376655864731885,1.2298293553930302,0.20050726528089569,0
-2.14447373002839,-0.6822535274715891,5.102969784453469,2.642292710508315,0.617095395468827,0.08609187974871124,-2.384551305139425,-1.0472119216541094,-4.279091400465539,-0.7230592099494337,0.06771397227658826,1.7864477904941802,0
-0.42944270163803894,1.8287342880168393,3.4104140993152927,2.0749996219129074,0.0579231860495486,-2.097972350836516,-2.303340683277174,0.2779791952816012,-0.7598848773294083,1.0604433971358982,0.01432539913013442,1.1836628213302527,1
-0.8673433397064385,-0.5397563435673853,2.9158847082599344,2.1158189979031516,1.115792840835228,0.4220572357606067,-3.394490219074662,0.8806673498229014,-1.4001170182542786,-0.10807680781744045,0.8054926663371939,1.0952187140183174,0
0.6779908970296495,1.5339274206169398,1.360080002438698,-2.5143335152525945,-0.3432500734643582,-0.8366680607711479,1.742614747422048,-0.17822874468453426,0.03594629355371024,2.2538143117119738,1.5254832680827177,-0.6761640789421195,0
-0.10476158877682137,1.4596529166719845,1.2022904601194815,6.168517109309348,-0.7563778093972113,0.9359205590405425,-3.201322058140891,1.6036364058355193,-1.3311508187785925,-2.070851261834535,-0.6176080391369931,1.0153062070090508,0
0.3285914248547636,2.9499387172509604,-1.051876596764897,4.201279060817811,-0.714085730422165,-2.871236785513771,-0.2601721548838657,-0.7401791454161158,3.9925121413216633,-3.9165061666874563,-0.8729600985094259,-1.2983949501161023,1
-0.6172572357549454,-0.7952701541023822,-0.312156551301938,-7.354365651105239,0.9588793559647368,-0.6414564093255515,2.932014687431467,-1.383561243021788,1.9345938715921531,3.0059481845709386,3.605707906344741,-1.1000578843171207,0
-0.2953834923330451,0.4755698369363889,2.9884986171585526,2.4785815010119507,-1.0505419207789957,2.106762953544099,0.4569007867128668,0.4275843780058254,-4.038018018425453,-2.0548153728475667,2.1420686776728584,0.7121742807097198,1
2.3405288485761377,-1.256738034192879,-0.6231309643867189,-2.5669155594745905,-0.7986900550789485,-0.3835072555350286,1.9176418843556893,-0.13842101755761121,0.1930387917384396,0.27968313196971883,-1.2513452940975134,-1.8153499345725561,1
0.05102132438338308,-0.9010474587516194,0.6049983014133389,-5.980673492774857,-0.35687639006498717,-1.4401228342575023,2.8108461511765808,-1.405543881786056,1.7802617221464845,1.8104576287962526,1.2408253208180733,-3.1710174968010896,0
1.0244177916768271,-0.3723738054739961,2.3141463349995632,-1.1411661440444345,-1.0101664656071039,-0.8472366934258792,-0.2658421995993643,1.4198761347984656,-1.9315567380047687,1.1853582520254649,1.0872447843372153,0.9410430335100668,0
1.267818098513905,-2.973176926671201,0.4479369311027126,-4.944673725781881,-1.5852987398799692,0.5254160410970743,1.65577865199233,0.6385350745137589,-0.9354806659060705,1.4155575644993514,0.39914244380364716,-2.3791804325237114,0
-0.9788690976705566,-2.4137186227417113,-0.9533690895628795,-4.241852987235126,-2.5899300019661027,0.4277551655911773,0.5168814225260177,0.9684277255561877,-0.697175939809029,0.9103845245936998,4.390190340063704,1.34262822149184,0
1.084939536436904,2.4273752194066462,0.6484772696846816,2.8369417774401606,-1.1468892583978885,1.1014934686912703,-0.9457268207287927,-0.39693426043562074,-1.0740715604042996,0.38784307334940715,1.4396833757651633,0.9686701934067281,0
1.243315355027219,1.4732261421693906,-0.2675945957051422,-0.3412072949453907,-0.3281185869104254,1.6764989478055514,2.029988583609347,0.07266984980679185,0.4273394619733084,-0.9560829845420087,3.1760162906831533,-1.0937505781926913,1
-0.3269754660426355,2.954595952349493,0.5454344687646027,1.0020631356102456,-4.830581660007487,-1.2578063412557503,2.7480679916487256,0.283587935385459,-2.592244004272009,1.5519277317791187,-2.383381339705334,-0.6784338268079326,1
-1.4355294865487471,0.9027313400469522,2.3862193979393487,3.112156658094972,-0.9315220544850112,-1.5543023389511825,-0.9159011762509237,1.7546001735420813,-0.8652217956590411,-1.4492807582963163,-2.5492878810115833,-1.0476827137015763,1
0.35208050717730477,-1.0998718164292576,-0.3994045651824891,-6.4846487173781595,1.5504809241640904,-2.567335368129807,3.3366734345711913,-0.29494766510305614,2.7190425298631267,1.4443252145403151,0.5814054001775557,-1.6814479758026932,0
-1.200186731360841,-2.0868393383580264,-0.46443236451166525,-2.081452017174613,-0.5943049685467668,-3.3354548298134707,0.0789103731782792,0.44986289318627387,1.8591423662867752,-1.687323684625845,0.004439764128730261,0.30380549335577833,0
-0.5272622316229642,-3.1507474019912647,1.8926654746873584,-6.512785033844162,-1.4776829389146051,2.200514142818663,1.64935673026108,1.1394411979431558,-2.4402364133976735,3.750291554498591,1.3784802085322172,-3.1273244287866957,0
-0.784828368729757,0.13626172069414266,3.111850367653376,1.045380287312853,1.4505135074771967,-1.3916856750717517,-0.2461258455996298,-0.9258961601597363,-0.01864697116480622,-1.6715212972255151,-0.936131132878111,-1.4165821787164443,1
0.3553467159849233,3.580838950639902,0.4920346796502627,7.893585394421017,-0.5141185979895602,-0.28266619349028055,-3.873430128856466,-1.2774594381762188,2.4481743475983624,-3.5472026655382907,0.07733384720458725,-0.718664477560075,1
-1.4705179672091537,3.595329367517908,1.8890162941155588,1.0102256603900568,0.6853814441090187,-2.2408559753552515,-1.5871472942519202,1.2508366401233788,4.27209837094973,-0.3410429410590192,4.172552443051698,-1.230598435636288,0
-0.3443704076286072,-1.2612288456601617,0.6062823209533943,-7.270250917559053,1.230862274933314,1.2493420447951946,3.971879734560779,-0.5029770887051045,0.9648655194783611,2.9826222664706004,1.1574997510513103,-4.585757726849852,0
-1.6943221816316842,1.2947796334980484,3.441553529026261,5.025611160369506,-1.4466776407428648,0.4484385460070133,-2.356235093056361,-1.3001597310023616,-5.123616794054511,0.45813303886947576,-2.0370133505241323,2.563703251084598,0
0.6844988268965014,-1.4587489726397185,0.3372692551671037,1.541174736736871,-1.7699758626902393,2.947506590444569,0.9537699517648464,-0.3900738838166376,-5.279091732835941,-1.4641559496902412,0.4265872348866264,2.336583300917754,0
-0.24978761871417887,-2.0609629018908153,0.18373441069406538,-6.893616147605762,1.2806895959510447,-1.398926133981171,3.140597954049512,-1.8749646452952258,1.3852336351957502,2.2446916960419845,-0.34251155189908267,-2.544277714814709,0
0.3259598796824314,0.2965492278752979,0.9265735589258819,-0.00858673668352725,-1.3503341478534496,-3.1529535940747664,-0.30563602563716086,-0.22023591459805272,0.8475770071440624,-0.8669485027594199,0.2675248967957655,0.5512434686194589,0
1.5130375807321783,1.0104565751101608,2.5851695728301958,1.8908913452547733,0.05927384580895678,0.3905864918379741,0.18365557942360256,-0.12686789644621463,-0.18238529889971097,-2.379551858963846,1.09348846373308,-2.1254887359742245,1
0.8538156388880636,-0.17658205723796105,2.8388668742322336,6.219382050236352,-1.1249249304624762,1.6248773014770332,-2.5411818422362655,1.3959094315576774,-5.798804354266417,-1.7929541996524108,-2.507614810387602,2.6912763669753437,0
1.829925862340321,-2.4530797682698062,1.0103606748371636,-3.880495648188136,-0.5151987146186159,-2.329331751996323,1.4873703907339546,2.0809037320774695,0.2984872835934997,0.30696891190481645,-1.8947968100265746,-2.129254669017664,0
0.03863395907133162,0.4671033045569096,2.5247281924094764,-0.0001240721526367232,-3.3746988133970865,-0.8670844064404128,-1.6357984775707515,0.25140381308024384,-0.7588116500073377,1.1154253838495651,1.7557379791601195,-1.1073543354994528,1
1.0045612813258675,1.4810443072440584,-0.06787622070493615,6.370366743642541,-3.8888144811089727,-0.7220693859282095,-0.8613412062145156,1.2575362706161004,0.3189258118248729,-4.784164510784072,-3.1031148790865655,-2.7348685484946342,1
-0.3779212038003205,2.38597857701697,3.0119081906699594,3.900696856324637,-2.987324605913086,-2.6320099504608816,-2.3104411966341885,-0.7951760480868222,-0.8825663165484416,-0.7243945724982745,0.2057435926774126,0.7578249845718117,0
-0.83838270477265,2.5674369656976923,3.092589806146721,4.7682754816832205,-3.2653247605675557,2.222862735874874,-1.1092544615881055,1.2791572101451372,-4.232669280773281,-0.29068104394468497,1.1428723134975143,0.19354798225413417,0
-0.5114261411679081,0.9180709149365686,5.084824371768088,-1.2695949703642646,-1.1987305284560723,-2.6304591201791148,3.4307453407277317,-0.09385754031396361,-3.97939390031163,0.8062865350891169,-2.820671061625643,-1.3066495529072502,1
0.28688744454618376,-0.5450537530390722,2.275745926914426,2.436829932760889,-3.6395077753087497,3.5669713380089636,0.5686482296127078,-1.550860111942631,-6.572023679962473,-1.052737231911806,1.184666272998985,1.036813421434862,0
-0.07216386261061636,-0.14787889383275488,0.47890570091863194,-5.025330796560024,2.195335388327531,-3.3899094454296916,2.5801670493859774,1.2920001205346991,2.5304815344352134,1.3244629472054947,0.31514760000424924,-0.5873505774456518,0
-0.21641983896535744,0.2604710301511617,-1.204105715572664,-3.2929513350062263,0.8454498833200239,-4.798254263226605,2.493921987024571,0.08745947181830606,3.3888506720856744,-0.6371653573212286,0.008763445726636898,0.7614200886747977,0
0.23314674744574118,1.2244694464676185,-0.2940955574636339,3.4085057984802964,-3.9701869148006543,2.915822227629278,0.7278185421220151,1.5633201982629912,-4.014311122746319,-1.067853204939183,0.7995519226529119,0.9973668968697808,0
0.19501618719391206,-1.6564005086835847,-0.19028376432980232,-3.4407775714215543,2.2191569412929555,-5.695443021163855,1.194260105198543,-0.8799007266439598,2.500550643962816,-0.9957996171286916,-1.044938000058671,2.2344488856122706,0
-0.561117559751412,-1.9098671412333457,-0.05018987271944475,-6.3320634351868526,0.6799664080466827,-1.2716173901055257,2.6542644835361306,-1.1527366108516668,1.3433882859108768,1.7882487334693697,0.8927115016868663,-1.7244952484791898,0
-0.5785018753843009,1.8857680274621589,0.5194596810005807,7.342676776377923,-1.2961758045734,1.633679729092519,-4.558642448703264,-0.58696210019913,1.1139913997795285,-3.282463351306277,0.6117077770017493,-1.1820276704306574,0
0.39826173879563254,0.3269581336071701,0.6312383568612201,1.1815836903945198,0.07583441622538656,1.5081452652182448,-0.7208565437966288,-1.5768841714196662,-0.7167179832089374,-0.8400852026808323,2.453784822397963,0.6876513002915352,0
0.18883506810595038,-0.9566356805415326,-0.10107567214951141,3.7895694607254105,-2.9942629305153217,4.128992187553565,0.4245530537413178,-1.7022651190008817,-5.16115709904612,-3.0314113868985295,0.567555147601466,1.2449873284865436,0
0.24217009152064586,2.379276182049848,2.492807547249492,4.4964852524313725,1.3850343885841285,-3.9383045993472723,-3.1399590872640673,0.44157731677486206,2.0790019508478603,-0.951280542532163,-3.4236145036929297,-0.28743617028923274,1
-0.2997291530670493,0.17777121939584972,2.379219925068994,0.18488116170049512,-0.0030168040362305026,1.0590218907176834,1.5945896188739246,-0.061166283382252086,-2.220546018543909,-2.5948796038935624,4.276151342928326,1.0496057390900937,1
1.9487612999232604,0.11282017667890532,-1.7586714349571193,-2.3711167525247827,-0.5166508031248778,-3.2611599207430264,1.5758640974282279,0.005845254333281882,3.4403785475232875,-0.5350989231717577,-0.25462803895178643,-0.8404208046419508,1
-0.26431092821363056,1.1107936282864288,1.2028956603895566,-5.94888063421591,1.3510518588972436,-3.427732680103399,2.577135686730295,0.03393496656888421,3.0375787263004135,2.727908391433449,2.515717230998597,-1.0926691026703899,0
-1.1992794202560522,-0.1306796216698185,-0.3466056855454831,5.600132325584547,-0.24078145481188185,1.408514477233749,-2.440405084803845,0.12360001970819945,-2.2293912515573537,-2.517124410172415,-1.9839745201592769,2.2688757715326933,0
-2.0289628380790776,0.7656050853626315,1.4685554980349798,3.9298127987853038,0.675257100949709,0.9451357561938427,-3.0744269968063036,-0.23577376862479263,-0.31088251252556953,-1.3861493113943597,0.8994518868964498,0.6912202676426594,0
-0.17576182201834234,0.830247545925999,2.091894812167171,1.9448739037535896,-1.425945104604332,0.7051282918911096,0.8555844553105798,-0.24632132501593115,-2.769646729923405,-2.375425390017056,2.7120642576263903,1.3380101055381202,1
-0.519594386835387,3.64426618681939,-0.5879023667552055,3.8225371220956905,-1.8125653663268917,1.1344177080690663,-1.3858285196772573,1.3143704496068898,1.5342927895926628,-0.5421872926869085,2.4555411536995697,-0.6120705756588767,0
0.15878368695222672,0.4081785730043048,1.8188450845772595,-3.6841700770745733,-1.320497415543184,-0.12053610823041949,2.1712237846522973,-0.276984161787649,0.7023216144991206,1.9871257897354893,0.5114933679791716,-4.646800588566471,0
0.19554872339223692,1.6391817866088365,-0.1341267059604323,3.0546749644804154,0.12241328593563972,-1.5090736020011914,-1.2090375129059812,-0.6169135083545589,3.0067199427303284,-2.163179437435418,-1.4474416864874042,-2.0743814246065506,1
-0.7018955552025365,-1.5661920330946062,-2.661017267725172,-4.132613269789563,-1.6791138615530767,1.1393384230367465,4.873824813743219,-0.7347996319745712,-0.37290674235413146,-0.8976083250951784,1.0090620436368987,-1.21870749309904,1
1.0790498361099834,-0.8755693762374084,-0.6071955202583581,2.75833690487526,-1.1685533897340568,2.849162582097719,-0.6681981663688881,0.4982405656382609,-2.103961789881833,-1.2064450634362383,-2.0696244060408038,-0.9848680794657836,1
1.9562880656540271,2.6860182177001564,0.9965138012120753,3.0511526099460236,-2.839830145761578,-1.8441182522064112,0.0661096845073893,1.203359208960089,0.5671195500222062,-0.32578405717675163,-3.429460253803099,-2.965187523933497,1
-0.6353381330618096,-3.6168181625212914,1.1650735006808546,-0.799964650553702,-4.79267497582539,1.9713489747727317,-1.3187639264761546,0.3325344014241791,-2.904606065495347,-0.6894817335741554,0.7209811961178356,-2.250412206462623,0
-1.1526777633137668,-1.874539981475952,0.1666693439817748,-3.0555692102629135,-0.8675949497928233,-0.7046061295932884,1.1037692742641567,0.06490211811753221,-0.8043085159187716,0.4254511446195338,0.8422140544099117,0.40404137406499285,0
1.6966067707192234,4.398697821201798,4.451308977507148,3.2929926121661928,-2.607017812144452,0.16838171987277317,-0.6769622892803344,0.9691980279494086,-1.6732645365033054,0.3232707701247499,3.3342905821469375,-0.9610023249473332,0
1.6304219318114312,0.9160888878423581,1.2095094884292887,3.0040241016025844,-1.51634997886134,0.8131974574119845,-1.0567837299237328,2.065147916605809,-3.1119305741196452,-0.010375708631128466,-0.12349390170248487,2.0561915495006895,1
1.6356654588180202,1.164545957824068,3.3734678854563427,1.0083377525777024,-0.3924386162221718,-1.3411632407294705,0.9553169381454095,0.08284416240359647,-1.4412054621027037,0.01542662585305421,-2.9505907135360507,-2.4311408258597633,1
0.8962717297972916,-0.8060668307356899,-0.6876037779917616,-3.49681861527011,-1.0293852283506577,-1.4626337465611594,1.4062458364949126,0.2549553997857976,0.823277934349977,0.6716377621365845,1.997166337243696,0.5137629226950293,0
2.054793017604686,-1.147555817435801,1.7632218934308805,-3.3957851523036187,-1.964288024127715,-1.8541232735313469,-0.3481768037665979,-1.3648102216916929,1.7073909954684443,1.5519364511869815,-0.06663876913672151,-4.07064342509698,1
-0.9836070373894727,-0.8834287658697739,1.4395833622220777,2.629718204730616,0.5097836950523709,0.03133192205963142,-1.633435399646633,1.0619904629355836,-2.9184106852456013,-0.9783178695131336,-1.3984067562572267,2.7191489498627512,0
-0.7440327973001252,3.6619835066101856,2.881041117493383,4.473505262293404,-1.6634392442167518,-2.183022502796092,-2.140231213739598,-0.43858312416718237,0.31332384734750024,-1.1521369756188902,1.545376065573361,0.6424542808131124,1
-1.5555088903562102,1.284883783636818,0.9984553137467532,1.8863303435716154,0.8629906782069601,-0.6444239536992302,-1.9854226749907653,0.6396451786815265,1.4582809324649117,-0.809403494053505,1.8436281784391155,0.5179562775208576,0
-1.028907381906001,2.4624009339246786,1.6075984360231477,6.689253698124115,-2.8790614607822698,-6.040037246746022,-3.5075480593997304,-0.3582547880950231,0.624601212944629,-3.846496873794444,-0.9994298326303623,3.9075766159963354,0
0.17537874632123854,-0.9474056884419686,-0.22868173676773917,-1.8159783360143684,-0.3932353300854424,-2.7737931971160372,0.07709739998978926,0.8443720785961153,0.8507358602229318,-0.13444512786388407,0.4885065949940296,1.5868215380899118,0
0.654896492882265,1.5381631720997258,3.333570043951054,4.399023184055974,-1.3756102237425347,-1.7977104479420716,-3.419113613333438,2.0337594116211637,-1.2722929818226185,-0.07098804374272938,-1.87524131081544,0.28911114478933264,1
1.4371822073685336,-1.2100095584988813,1.3549730992559579,6.161682596572337,0.9092292323639981,1.4317914013283222,-4.331829906351512,-0.9933898893831619,-3.6001195719897123,-1.7533763259402966,-3.214550907412516,2.9932813042433217,0
-0.223875818267475,0.17808946522043279,1.1956082310281897,0.09545483761640132,-0.6764633050348756,-2.4529252244405177,-0.8397026835646006,0.2630870065350201,-0.19121841409518958,-0.3407253499064147,1.3411954480560888,2.2708487911183406,0
1.144370540695276,0.0034763311414871545,2.52834013505064,-3.202612718850062,0.062402314588086316,-1.5012327891587904,0.9956096851528499,-1.725178686414015,0.07004552576202754,2.101047811939705,0.18676757729286686,-1.9086482474333897,0
-0.12995684646189776,0.6156383191879753,0.645159023870293,3.126163635118215,-1.3674697618064706,-0.03992563386271497,-0.49379490019779515,-0.21730424741680474,-2.064899900401877,-1.7593442480123427,-0.22642315715935446,1.7903937612834655,0
1.7600570165745493,0.3694711729861043,0.6228768489434009,-0.5811999267332237,1.4992440487443655,0.8954806179772534,0.8480879748699738,1.2386809678674215,-0.3707536311331519,-0.36946249081632065,2.364630331581698,0.8441242136436344,1
-1.7466235210633616,3.934656713757514,0.20312125001944126,-4.190764019583113,1.5291254885788939,-2.339364610847981,4.317058372340091,-0.21406459484611695,2.3547921000414815,4.731447400746026,-1.471025340450283,-2.3439861060849907,1
-0.7399728411631072,-0.35311733372718246,0.9840802473499584,1.291904634653943,-0.01569555649297172,1.8408590277369195,-0.30990196564835815,-1.5768263812933465,-1.7261948107810585,-0.8893359451382263,0.4864180545769461,-0.1865064895853077,1
0.22891427221746666,0.28434446198122687,0.5923386056874287,1.5948726274797531,-0.8734674863915916,1.9646295387921717,-0.7512791151426592,-1.7033633676286808,-0.74069896399135,-1.4365104435108593,2.775400699169075,-0.10884806142035863,0
-0.7859908124361161,-1.6645640089071683,1.968627248509681,-1.4759860311370085,-1.8231993150574364,-1.8517700654533569,-0.6671161666812986,-0.31883422030226066,0.003336854149195227,-0.04420186359663747,-0.8753660340057083,-2.142419211326954,0
-0.974497463870024,-2.0186767249696853,0.798201105115143,-4.985671386651235,-0.8992561252968139,1.6471210443762403,1.5168690908428166,0.0003638348422310496,-1.789252093494997,2.6375298071485807,2.452721167897738,-0.8134897419702894,0
-3.363726073197251,3.5641671977017757,-0.35159444966135056,-0.774420109651004,0.9912280826552058,-1.818766645409212,-0.6731347555458738,1.4289315627607901,6.9074888178177565,-0.5771277421049619,5.981953478572816,-2.1909839024233637,0
-0.9034432114610439,3.72787359622518,-1.1829689618072252,5.630717040515781,-1.2326133702458122,-2.663620237609253,-2.117286738268608,0.6115470288307252,6.087228563363228,-4.640773121912817,0.5890770283781539,-2.6150839882520636,1
-0.9225852639168945,0.4256869691425599,2.2809749594647633,1.7667606986023192,-3.117768527746314,-0.8284482895579621,1.173700475601926,0.9333021286149208,-2.3797488096401,-2.493285213216339,-0.003255257516671106,-0.738450498301734,1
-1.774883985219753,-0.6278476927968419,-0.010013263650445747,-0.12773142368972418,-2.3651556212698486,0.5891314451352059,-0.5095763419548174,1.1339015689329082,-0.8352832243339374,0.30671516118761266,0.45314417615618763,-0.6005068703859502,1
-0.1200481899518558,1.352282409760633,2.6763428892782866,5.735884465775774,0.9223729956442708,-0.617640505288007,-4.169627243827514,-0.3748513207904585,-0.7701419646810735,-1.3899276337802755,-1.237119865357252,1.3364221862300174,0
-1.4239449716196195,-1.3336642064693396,3.350214164873678,2.16059943791823,-0.4031179229686651,2.4328877572855454,-1.5417740482362037,0.4230926404080736,-5.930069620091215,0.15120815061877524,0.04458680201056253,2.3648146135603136,0
0.1612929596135277,-0.6138085556593751,4.215298859669144,-4.895901528497364,0.14556762137246038,1.724354485394508,1.8615711545753404,0.19115074958135098,-1.8012812648817313,4.284407738753497,-0.418747527476927,-5.496920821615701,0
0.23174597864034666,-0.9949753455662377,2.376904176376279,-1.148266297933543,0.35344296657333407,-0.2819109346197084,-0.16323811741986738,-0.22774747643158152,-1.9527538579127472,0.7209810924924802,0.4078072750328646,0.5916198125169119,0
1.1379646120967566,2.1143791536909466,-1.9501876984935276,3.2415526199627114,-2.304382221458672,1.7224119770156694,-0.11534389252443544,-0.6532367103727347,0.18049304565967908,-1.424950472249801,1.614376066507827,0.36649724414511686,0
0.3177359855989701,0.4444983057491725,-3.398731042446565,3.4633820147048713,-2.2936271195018425,2.8960913689829306,1.7857790010783043,-0.4184951437762226,-2.703622200995011,-2.727032723148566,-0.2677890882094631,2.4130572856077688,0
0.3903402451284284,-0.06184028499845784,0.8762988170878191,-0.538838886772804,0.7362177783248853,3.0853355703735073,1.313166480881148,-0.5528800511129776,-1.6121550454442772,-0.27238903838497797,2.2313006010381446,-0.873729450251728,1
0.12962147109223493,-5.011213885258555,-1.9654804030712967,-7.703895747714391,-0.12178315582193111,-2.2175796231821145,2.6990935722818,2.5859121988553957,2.3582850981737926,-0.19104529414185745,-0.294648645311284,-2.0977047787633962,0
0.94980340076338,2.525656197234363,0.7011358391776841,1.7685389851048858,1.5397818258217502,-1.1137272788038763,0.6443197942764198,-1.7223808999627128,1.0702696205937805,-1.157485312791065,0.7061211880135716,0.6755319179286332,1
-2.6956624777640004,-0.3545414211706308,0.7442161551718005,-1.2967503798876248,-1.3685967852819083,-1.1112607029300625,-0.04142683277074588,1.266481229345309,-0.36737824072097985,0.3791983034185391,1.646308113484912,0.7522938682752225,0
-0.3949151681128278,-0.5538799976851725,1.1287130703949235,2.3856558456570434,-0.3520422517639896,1.1114043955155837,-1.1202365970216686,0.3369584666777777,-3.3845291152953316,-0.6326537382000411,-0.3467998726110899,2.4645675464333,0
2.202499692377373,1.0952579585772644,-0.1093101539922876,3.1681967676618394,-2.4786183644718704,-0.3347033362400893,-0.492902165681141,-0.1534042906882323,0.3733161086832048,-2.425708968113997,-0.44181580080937055,-1.200942049149055,1
0.41313499702953915,-0.2501283783584488,1.2016011131908073,-5.313942854993607,0.7559290670863463,-1.7540236347203884,2.9072029318453394,0.17277475115992633,1.1565180448787282,2.174005511313255,0.35683705045988634,-2.2717331619581205,0
-1.1111901763734504,1.459964744378248,0.6566852309850681,2.3895467986172356,-0.2256388220018133,-1.520760235080941,-0.5207924734426599,-0.4732822087413528,2.097200468391133,-2.2482610034505486,-0.6554937635096998,-1.8679672140974155,1
0.7641863362222451,-1.9779038912262372,0.48869889146972456,-2.474557634311041,-0.4499960048127596,-2.273688541171544,1.0229276116738775,1.4807702041401587,0.7825489213763996,-1.154152193926635,-0.5882049136217642,-1.0645090841529403,0
0.8631134029718036,2.0540397667302157,-0.5049761078321695,5.388190289201423,0.25473037750273453,-0.07956606742490102,-3.4965870326776414,-3.2586913984058814,3.396169350503758,-2.5622526905642022,-0.44681792907449003,-1.6628137714239974,1
1.142103184703764,-0.3306227166440716,0.848442181598815,-5.4924327420213555,0.012117488516799169,0.25524497155400705,2.6003037265646287,3.8091651072179418,1.4178266081124267,2.010849244695911,2.73696923513691,-3.3281408594703117,0
-1.891852494272211,-0.8126760106062971,0.8301262169797492,-2.37123237594957,-3.0318652672995503,-0.7184103709460473,0.11670210242250445,-0.8451047474276075,-0.4055979401368829,1.098509088862404,1.7086357845971167,-0.9874043628701799,0
-0.24488953135583852,0.7016766808645662,-0.6452444083088074,1.3986847457626288,-0.18758698885199843,0.22487082309160833,2.242146594434177,0.1399207478048723,-1.171812417344327,-1.8872512751929582,-1.2982143325700608,0.42320443288654364,1
-0.3834489856219646,0.4518831284609568,4.846687415714383,2.6534418400423276,-1.2538484672716044,-1.8138502829982808,-1.6882458409561862,-1.0492335752376356,-3.7968133778843205,0.8686857482886641,-3.649185719159359,-0.009665048663786369,1
-0.5318570440342844,-0.4119451398777134,4.118980570449631,0.26051226760776164,-2.724786950119598,2.6564045134093357,3.0244369979601173,-0.027665106930914927,-6.783297570093857,-2.134497765545385,3.579829066729854,0.853362124330183,1
-0.8626285878341516,3.076223716902265,0.7371159081102534,4.112227226862382,0.2230051565103368,-0.27640705269387666,-2.507367974104505,1.0500610845972842,2.9167144591953136,-1.8922035967123148,2.4005636591209654,-0.8783504149955523,0
-0.40134572352280806,-3.2433689330300757,-0.5250734330533593,-4.657631091457644,-3.5044077255179875,-1.4771292078413487,2.0599351918889504,1.4799825300868092,1.014908532716945,-0.8629022587875077,-0.1612276456094881,-3.7576537706478503,0
1.2642080883558149,3.2600214050208525,-1.6271054333043073,-0.5894278992328397,-2.375207080970182,0.8111618905281818,2.9895984387547587,-0.38791376943828765,1.9513669003806524,1.1357188201938753,0.19660123678823194,-3.8615286676086056,1
-1.3559358474777334,-1.04537198470606,0.7032280306129692,-4.758774042545207,0.24645308148411216,-0.5618230426466441,2.519047075574291,-0.8300730854496909,0.5852692301161462,1.4154288896628915,0.6901753535528745,-2.2617665507978897,0
0.23827002367939426,0.49766056578464946,-0.45803524003936236,0.8223903683964369,1.2989693936487483,1.85350883738618,-0.20256540738970163,-0.8206237783163368,0.8088873447811499,-1.6439055190392762,3.5080720079662417,0.5600706738491779,1
0.33082679543486726,0.6087927376587812,2.4224693758640363,-0.5052884875466741,-3.0668340092050115,0.49022651667840833,0.05091502733458375,0.7228721177673025,-1.8289360248075242,1.3815674836859815,1.207977823377766,-1.8403914919464894,0
-0.6716971551122627,-0.40051773676236146,0.0015201865163568806,-6.027364131998679,-0.07882897190155802,-1.9813391893215955,2.621332098174662,-1.4301224646271289,2.033511998822876,1.8953199367902327,2.9297293848652566,-0.9244825050947195,0
-2.0014982106968917,-0.9747061586391377,2.265771217479788,3.1901291172958026,-3.2053865634808716,1.3790357667303117,0.1106940887330341,-0.3132705397867646,-3.011122355481009,-5.13282016672104,2.242175873829604,-0.6514087301771241,1
0.25705305843624027,-4.169206414166922,-1.407261169542346,-8.321214230651327,-0.644424212885865,-0.185971482984443,3.41372498244844,-0.7778024758269245,1.4909862996977412,0.943083589063246,1.6410168214018443,-3.0216631154330695,0
-0.775778173303427,-1.5376240404544608,2.371385408882911,2.4732773338721317,-1.3886651376064365,1.118927529675219,-0.24707279379498082,0.5533076251670316,-6.307924811243878,-1.0744696209603128,-1.4885465508824764,3.1771142843803544,0
-1.67380888784947,1.8883572839975036,-1.8521638603292527,2.1534240141740435,-0.7289155200052202,-0.06949692733291912,-0.4072766021021965,-0.9979421346608632,2.2684395985738925,-1.6617886368665193,1.8092366900560926,0.3289534177885888,0
1.3752753419219583,0.7353931258366626,2.5240126646640615,5.454102744344437,-1.5610364393163183,1.8599453435661735,-2.5880145477760355,-2.009316105443449,-4.222090474839294,-1.0425785491568944,-0.8728464571828944,1.4468845736147782,0
0.9986723364465669,2.999389127417225,0.5463670308546156,5.864970680422563,-3.587367987307197,0.2575770305442492,-0.4215234475301728,-0.5729346181859234,-2.255272330381765,-2.120686130966976,-0.606129977240556,0.9404595792130166,0
0.2956805833881343,3.539150931337917,-0.9019287585838769,4.30522550410037,0.9031051706835147,-3.222479360112926,-2.290125268352976,0.6804936642039701,4.211371331732221,-1.609670696191161,-0.33693453163393006,1.1004035852149183,0
-1.4176430342947248,0.8023514175298504,2.6467907265861506,4.3793765887819625,-3.2962942205932393,3.188692865444139,-0.4427592153515433,-0.38627680285628335,-6.108844656616192,-0.985641561965081,0.41582580538672587,1.0959924719216507,0
1.0026853845982773,-0.6857355788654009,1.2580529397476146,-0.3419421678804182,-2.8648926003600597,-0.47007576328946277,-1.364783942477208,0.6426800493473778,-1.6290307008486133,0.25160169748408556,2.961640128270159,1.6991577635570088,0
0.004986503673550247,-3.1201230000954663,0.6667662237545818,-2.928311190375059,-1.354021097286476,-1.8046969346633994,0.11357542315311686,-0.5274337370958683,0.3087978946662354,-0.8188894611181667,-0.3589408039583437,-1.3998961665568301,0
-0.6971580863677421,1.590807615603664,5.540772284394466,2.940842090347074,-1.8685883437049697,-1.3110286867106915,-1.7997851633489317,-0.21623256802038196,-2.845548683509235,0.38845526015518916,-1.2062005919185228,-1.2924545341679088,1
1.2618796805201422,1.308776901859689,-0.544145946178167,3.482397455918061,-0.7762577515147147,-0.14169745389868127,-0.5446129997379602,0.7097457432275537,-0.8625683110759206,-1.5908589756194207,-0.4881272020827325,1.9939992932240533,0
-1.9640587666665654,2.1959163509650717,0.3176709948297082,3.96800126876856,0.3679514636884469,-0.6388758670705339,-2.0647157656190203,-0.33598402454653814,0.6355659777497743,-0.9214276183258969,0.027638855667294848,1.4696373136567615,0
0.8165235945459262,-0.3863124387361836,3.220982537277806,1.9225301239384398,-0.7877944480659952,1.1242360102897808,0.18456952006839533,-0.06824677984914927,-3.6797699802899975,-2.2798094613009083,1.3547087341515975,0.5713416245817262,1
0.014699348492057177,-1.0417750446240839,1.1677566861048363,2.6297368773833294,-1.515560687406559,2.1691486329524263,0.15712370951375076,1.58052926188012,-5.450628376808478,-1.4280086360372661,-0.5386503385042589,2.627737464546417,0
-1.0235141387514688,3.169942359506663,1.216353971687689,5.351498021229539,0.013150891085188299,-3.0874857168662744,-2.41846633131566,0.3550846458963376,3.358651622580276,-2.784540180466128,-1.7662073269619323,-1.5831582804509674,1
-0.05749427296409045,0.7344345672277621,1.0064928773096187,2.4297635433788853,-2.0511630616150693,3.4997687319849096,-0.8295312252986158,0.3812143659700577,-2.4112840916600256,-0.7869116585610838,2.983254473562061,-0.256001541068831,0
0.9317771459214591,2.170003601442044,2.772792536317458,3.4376754258908533,-3.0712493171276916,2.0912337754906565,-1.1655269406847812,0.8285365012518291,-2.8024992694595574,-0.3361859035304644,2.554551661423545,-0.5407075754731847,0
-1.773450390551909,-0.7637427224445374,-1.0271696852810206,-4.575498985576819,-0.49499644328679304,-4.308763296614071,3.8249861410174075,-1.354631472186297,2.873920948785387,-0.4494845305048374,-1.9947133255450344,-2.219882820083816,1
1.3111315522668046,2.7501937720196445,0.8767473224013365,3.8913591013431104,0.12695831535538438,-0.5446769508171991,-2.6688247381508585,0.725638811550968,2.8960655417298042,-1.8861026410223412,2.2990252983917507,-0.8624841149751863,0
-1.895324228709076,4.656815616925334,-1.6759324018712025,5.3828109183470145,-1.6814475152385362,-4.640465880449623,-0.08554404431542006,-1.9452130589095904,5.413986128144614,-5.324304890337173,0.8996310911827716,0.04377249318117715,1
-1.5207485808607275,0.003493183246104592,2.734017647923068,3.4189267758153497,-2.3281631859656597,1.3237899920694234,-0.9788335007028759,-0.22553166408605213,-5.177249591326554,-0.7920796370403472,-0.3822293881991463,1.8002723651225887,0
0.3398565349240827,0.9919617437435586,3.070508962161089,-1.6997280322865287,0.5102411116592582,-0.011317428349785885,0.6149992292067199,1.0862882908971672,-1.32487557909075,2.461771341148241,0.9207758055735309,-0.8712546164477573,0
0.46757563170872685,-1.929052653190885,2.4966173193237493,1.3042444495713792,0.6071913702243359,1.684660729039638,-1.5270770693439815,-0.4838706905668532,-4.695066673167205,-0.08192698160073497,-0.0699652471785066,2.7412843138377854,0
0.1237774988294494,0.7014983607265926,2.391061550877162,1.9173112445570488,0.6219257791717037,-0.8722020334667009,-1.117786474519641,1.6608914178493048,-0.8360941909020965,-1.2645214392306858,1.0717756354106727,1.2446732187961045,0
1.0246351326235157,-1.2699880479419263,1.1674138994824206,-3.8529758161382786,-1.9846861545630485,-0.9017398359330135,1.3856673095671608,0.8158183517367985,-0.03941599997439663,1.2254524366727577,0.7522507799490409,-2.3940433256604847,0
1.5555849562428792,1.7157875920608885,-1.684689993023909,2.713677870913869,-1.9802416068058672,1.3828555237212963,-0.04969831468714603,-0.14246212106703615,0.4682622092408568,-1.6834867010001553,1.793705962621365,0.16242067904354196,0
-0.717529166231641,-1.7251813476534346,1.1979607209811414,-4.290513691100391,-0.24564459611518974,-2.293675729012669,0.97159877799467,-0.31078557616023894,0.5950506322317554,1.0988146935946883,0.5198627735062502,-0.8246882090812215,0
-0.8703836809523956,0.9687477898762121,0.057326444900161255,5.765521901709278,-3.406654952036125,1.87865912062251,-0.7743702410104987,0.2129540517492099,-4.246795706872976,-2.072473512282402,-1.7211844064564334,1.742907633145687,0
1.074686147069372,1.156900365377074,0.5102997574073812,6.821745556756678,-2.2135377132888947,2.569710366850206,-1.9691534803574613,-1.065262348825232,-2.8456759851194025,-3.245691264589456,-0.5424959996793086,0.6817285043133956,0
0.5704575678049316,-1.0035646033450636,2.641095682873291,-6.2549898100140755,0.07957472099906315,1.432011981742653,1.8783100718989245,-0.7052513101453316,-1.2177969412840581,4.648148091286005,1.8272586483772328,-3.187144752408993,0
1.0136424641130275,1.8078070065054246,0.48103613524520317,2.1986110313299863,-1.8747616644593623,2.306807026137676,-0.5521504833686101,-0.487838876565018,0.24730743558819432,-1.5239693847528775,4.024221599442844,-1.3386801086236693,0
-0.21701704045339318,1.5410725653572976,3.0249231222466673,-2.1880614066903554,-0.17011123373210002,-2.6305474769259574,1.7526485087488104,-0.4502380682216261,1.1521970900024263,1.666229974269012,-1.6684790389840272,-3.9539683774941095,0
-0.9984449193149907,-1.8011168625644092,1.1260946468919397,-3.304537461269008,-0.5551075248104547,-0.3787299048010735,1.3231023847328096,0.5895478629821586,-0.526990378140454,0.4685306985029567,0.39350879098089964,-1.5640416329475113,0
1.969532027613854,3.719420606587249,0.9138807138075781,2.904011618532319,-1.5982888669580668,0.253553173910408,-0.3916154321692359,0.15852333543196534,1.1700820355695356,-0.9757475997097277,3.2323179758697957,-0.8189987117834996,0
0.0527696498640285,-1.1572232951932762,1.3285793365352925,1.2006289429232955,-2.548068492307946,3.8936163147458056,1.1045312610319984,0.34645439149431795,-6.831472528950707,-0.15749384276608147,0.9480616411137078,2.204555621477529,0
2.11146361410495,-0.19567134261343044,0.9173801304551588,-3.355000104267338,-0.6293113475560278,-1.1675893080178572,2.172490961925372,1.2715606222797047,-0.3376030285204351,1.2686765991387097,0.8294571645672525,-0.5905575165569126,0
-0.8455368731432081,1.5074720102313663,-2.0228618998828956,2.1200447569071055,-2.0320306358383737,-1.6886133533794379,1.1856307014137353,-0.018609783545452865,2.1569877398247628,-3.3330501571634272,0.09451895600199789,-0.34664799906213195,1
-0.16183489203863272,0.766056135423776,0.10479697336512839,-1.1498147552927078,-0.14129977735299937,1.0625053423011384,0.5219138344305465,-0.46074191463382386,0.6090597103629498,0.016841486411727447,4.262798135267987,0.13392865120250308,0
0.8337311769838062,0.021175612023569657,-3.4050400297909214,2.7127675650819776,0.7989073121257653,-0.41782604859467853,-0.2555876922839263,-0.7464090541314341,1.4934001610848036,-3.0329156635447534,-0.8144450593889418,2.494460100349184,0
0.12257853561302992,0.411584539100073,1.6482088191980104,-0.47017742669175666,-1.9523307934182426,-1.2495488006509097,-0.5305957921171673,0.3646683974110317,-0.9209260890065154,0.6830989147130659,1.9581243875077674,0.9451349397231021,0
0.3634427024424237,-1.8591519112401018,-0.8013569601742192,-5.034529197513459,0.777666801192967,-3.208559315581991,1.8616562490971773,-1.932913321576249,2.5942852116369632,0.27011374581133996,0.23562178122961996,-0.4615693091405155,0
-0.2370237691572581,0.6618815706618744,4.235369665792673,4.7952853808619516,-2.139900893229166,0.34107962039237627,-4.222314714980007,-1.598706056768436,-1.7098629085412083,-0.1186715322292653,-2.5081834636347864,-2.9867569717454394,1
-0.330429180141993,0.2456122727281056,0.294602268508364,4.363313228428448,-4.7563473178867035,4.742451134596338,0.7371236064932536,-1.2151905539363042,-7.004752924807905,-1.2661924489274563,-0.008197238077755298,1.4804151718103342,0
-0.05005129353739383,-1.0798374534183242,2.976152970664721,0.9549967730552974,4.968624115797971,-1.599492087831495,-2.1359416985265125,0.9199586928401712,1.321842184834395,-1.5462542664146914,-1.6581030640400662,-0.46165772310175335,1
-0.3501445231256928,1.946017254294603,0.4518275616229004,0.17582478033165838,-0.7091570452558069,-0.3669943500935007,1.4870607193880312,-0.917689149680953,-0.22040778302839334,0.17452296022770675,0.9932354444249485,0.060973005072363584,1
0.12690514907214293,-1.204255052415089,0.028080327365357816,0.43718981508968174,-1.8610324477132258,3.0670991226816104,1.4590994979645289,0.5126144095488302,-4.860968065061513,-0.711092868561779,1.313173906238534,2.1714405358989888,0
1.0260594407312265,1.5771471478833932,0.5257401000742121,1.602225967659277,-2.388983429264629,0.7378816764264705,0.9438543494054787,-0.8155344908074529,-1.7609787441951352,-0.902821732361225,1.9046017421531558,0.6940767735629654,0
-0.07863388159567715,-7.018881482927058,-3.0088723681847664,-7.230312244968867,-1.6481957406240657,0.013270331251293177,1.5511223864150971,2.057463990890467,0.8182449090222108,-1.0283674763033224,0.9284862342396113,-1.2715128420645747,0
-0.08571009133054365,-0.6506457140206006,1.1044827879148555,2.4999734696284106,0.29703163990906556,2.3563659788632707,-1.4818643485879084,-0.4207011369957523,-2.9300994731256855,-0.9700421238504031,0.7730927358790155,1.7758896267314315,0
1.3399853959429218,2.4600682562488765,2.319725137292837,4.036837520451805,1.8638655470970322,-1.9356463947048121,-1.8169754705601893,0.6670414072191361,0.30366813585145463,-0.7725332820498655,-1.803109465002111,0.8965724118507554,1
0.43125983414742786,1.1767628653373121,2.1660850275272105,0.298469244839685,2.9502279963354847,-2.800729450704476,-0.44790508685043995,-0.8434994673091993,1.7286223513830443,0.9402242081882606,-3.6526063124216455,-1.60981793893997,1
0.23022125084167688,-1.1359719483489927,3.7350537821091754,3.7507296848395746,-2.8454256437613124,4.485127061843822,-0.04884214892312433,-0.16826554316865044,-9.506275713812995,-0.6743611329476646,-0.4394688962755675,2.385493097163117,0
0.830298689177555,1.8358400754149211,1.4549335594038588,-1.3256380818887046,0.15875392495208662,-2.2154070940147053,0.5836968632209221,0.37746475391276685,0.5406346246778645,1.6176564343793727,1.6137320610931079,1.0308628877003176,0
-1.6605896575973074,0.28800094109454244,1.843040604130728,0.2969212017501519,-1.2945538758102173,4.189494745868583,1.9108383413558858,0.28987754637630286,-4.354534446092079,-0.29605313528459387,2.923489200896234,-0.3192681398163114,1
0.16441494129130918,-1.618004645310179,3.0146551461463638,-3.7414005168330533,-2.228309398670084,2.2023811292303246,0.4229672106014478,0.10636486713126014,-3.199752708760265,3.1489327864184946,2.065148366965957,-2.259236115897878,0
1.4958215287313175,-2.068323734834774,2.2620311162080373,1.934689070788433,-0.257187390525242,2.7160482803640256,-0.9741047795295534,-1.1706140720218163,-5.064331001688555,-1.4589521544691793,0.5746495201814996,1.9900942553772811,0
-0.31490835880548207,-2.864315121890443,1.104650755416405,-4.629676666963458,-0.5849294682863395,1.293776948512806,0.4820286508746998,-0.014542501903068994,-0.8075312611248283,1.5048279551918293,2.31420379256864,-1.732415527175191,0
1.6075046345407729,-0.7854622299934534,-0.15053957806651708,-4.655081948937654,1.10724056611902,-2.000468046188847,1.6716972168566135,-0.6271995808817128,1.4192299543923597,1.34665278174414,2.0821154143981544,0.8602790408506562,0
-1.7064585551594718,-0.05891853998934771,2.651890409833059,4.435362840794345,0.30669117528827017,0.6117505701848818,-2.8547737259371893,1.4965407082311664,-3.0583541342205582,-1.3040533075396556,-1.0564465424815412,1.9306482284017736,0
-1.067282619782068,1.5710886957083625,1.9580352260395495,3.366374875976997,-2.129852974263613,1.9279212835721173,-1.1134242667213692,-1.7359416758176764,-1.3506416307204936,-1.8460102581980695,2.8624171023148968,-0.9005439201072614,0
0.31097113924114256,0.5527434900391264,-0.48305511797709677,3.187748616181573,-2.9769970909914023,2.8086106263912614,0.10784617272979102,-0.35180262018765973,-2.9736065610554316,-1.6587471593014183,1.0725521899917931,0.7746686806866055,0
-1.187195644086032,-1.0907422835389347,0.12007233956642172,-5.397280361933755,1.2871201797826801,-3.56706255203599,2.453013186676259,-0.009962484040717092,2.1867365422385814,1.2118998724330838,-0.19528243251049782,-0.5883771012225356,0
0.9209752109218453,1.8552179951678514,1.6484411213314507,6.577509831065937,-2.5988745828641377,0.8437420197039163,-2.327311340643393,0.5377655244947548,-3.257787060474329,-1.6592521688553212,-1.5989358580530326,1.266893388689357,0
-0.614782446282497,-0.9639027929509072,3.8042650945978838,-4.265137030254081,1.2479857658802729,-2.6122259744777745,-0.06081815734579099,-0.7254876546750444,-0.9236312484976827,3.9614464077818576,-1.114441517930986,-0.5513414871235702,1
-0.3613186822903963,0.1191029866082175,0.2644176966719387,2.8301132003626748,-1.651503224949857,2.909808010690848,-0.19986997046800015,-0.37996619634442885,-3.808390558373175,-0.9271933196319665,0.7179097395639763,1.6763172254663328,0
-0.6678758512965618,-0.48332046168984033,0.9193218890942189,-0.751263057381807,2.4286438597977744,0.3061120000852112,-1.442926576448513,0.6456526055615731,1.52214515238393,-0.5808341002322595,3.468207502868,0.5961615800282762,0
0.7182309204613541,-1.012536929687287,3.637938114813299,1.0193157007973472,-1.5568257653444149,4.04207980696954,0.2920240625615893,0.6145064095891046,-7.1826606023136765,0.3228057036088203,2.005016991242745,1.616941575536761,0
0.7661096351021229,0.7639606812255872,0.9897850523294961,-4.043963541858793,-1.067677708407739,-0.36364734727948,1.488133067075714,-1.2743427732544375,0.5350093504570701,2.720709206576047,3.337315707506116,-1.0402958152640667,0
-0.27286311646406636,-0.19363938834667294,1.6847846282210617,2.8353369533390196,-1.1554216541083453,0.9599240245488074,-0.86881450094658,-0.577244392218664,-2.902367431922496,-1.8458969771884468,0.4408402654680772,1.241733622275064,0
-0.9415016340273069,-0.33794985175590053,1.8231601750736526,-3.1387850403016664,-1.4168455123523376,-0.8927921707127785,0.257067044997109,0.7070675770415757,-0.7749195594165613,2.2006922675902496,2.460725707822611,0.072635103621147,0
1.9174954735057912,-5.336958901329564,1.5285875313307247,1.6413761771842355,0.5059350354381056,3.0549418810027418,-0.0845508464880329,-1.029008183944942,-9.724928936211365,-1.4290462090914247,-3.5379122501018045,5.878772526955827,0
0.6503815255535168,-1.4752453518326514,2.3584885882909234,-1.1034391076925696,-3.233147450949011,1.9032057809773355,-0.9928958627137972,0.05519398972765408,-3.24013104556121,1.6212306130481546,1.5927688313723392,-1.1824722356126822,0
-0.6769049788159335,-0.7691615377622301,1.4365850807323075,2.9846518556140937,0.8596069992328406,0.07745384962201651,-1.8679323585335559,-1.277842148226774,-2.861889237620278,-1.1021062212210768,-1.3352548316515591,3.02128185498472,0
0.12927012682816086,0.026473005936394678,0.4784702194073902,0.5468498608061613,-1.8271130275640783,1.2551282776717798,1.4075571135750238,-0.462346958981285,-3.6517244779596862,-0.35185187392501927,1.0390999654944244,2.0554853745508557,0
1.0312920220419113,1.5222397887832895,0.246951052985509,3.4356874899191814,-1.3239204523473074,2.473215085234515,-1.546921724496305,-0.7244704940210239,-1.4200305953199357,-0.39289031132113694,1.6211124791618319,0.5731736978418569,0
1.4793579213244963,3.4133796112946717,-0.27342537742551176,9.499560441706455,-2.3023987009727467,1.4008556738519595,-3.287443251166381,-0.034888666845592164,-2.2380764473187487,-3.6158345236121274,1.013384406634009,4.1322604322657215,1
-1.0085594686106494,1.1783510399860373,1.9719339171014996,0.45522675621932335,-1.3121802090596497,-3.8180379483145566,-0.23220553741139827,-1.643353224020283,0.4423843560377116,-0.2729569465606898,-0.5754443872667547,0.3941977806299719,0
-0.6059256905991032,4.275418374443793,2.1098391685470967,3.4917640032346884,0.05992849101292541,-1.1303166980553594,-2.548303186281769,1.1399547574451578,2.544681542793399,0.020982833915482724,2.7488969945753894,-0.6260948192414895,0
0.7639693062118063,-1.1815531813184408,-0.5571882541975512,-3.477842731875303,-0.03294105491920829,-5.187746486406786,1.7549216653315007,0.44417832438655264,3.7220715061208947,-1.148496688020889,-1.8132058677974263,-1.6462079705934576,0
-1.205961776767449,-0.23318943641321077,2.5793210829380433,3.3296350123779637,-1.119772162043678,1.9286565511489262,-1.6359782234289644,0.27993993639857184,-3.8322004052670597,-1.2664529115121912,0.5479277582124267,1.0205492978343575,0
-0.05967009886983785,0.42935928965152015,1.3201133090590584,5.749856850983654,-2.5657462412469636,3.074715036402367,-2.105809485556608,-1.7603524726351498,-4.5633783751831185,-1.6315624552133037,-0.7031221759941315,1.1696532888921176,0
-1.2581408977653543,-1.5447289884744921,2.801533848177556,0.684640817909402,0.591980177580951,1.2227478277227084,-0.062139949414963924,1.341777712030312,-2.9334862662946564,-1.0840231973914143,-1.1277166233696083,-0.8804824096736181,1
1.358721181183376,-0.010701040172986342,0.5101239153851812,-3.60158667128289,-0.7848352214713036,-0.5030193610764766,1.3048221291629698,-0.09308983916906145,0.33250619548908333,1.9980022969853055,2.286283982931745,-0.5703603067163413,0
-2.014943856820227,0.49119695465265734,-0.3093977451619758,0.267430736666303,-0.7748233813324735,-0.22983541482136738,0.6159452395363323,1.2684320725016451,0.7108990835732784,-0.8895975609039959,0.26452984235960386,-0.927466118630639,1
-1.0757007825305809,-0.26691648644169375,-1.4176712431313607,1.435996437529987,-0.7469138888722211,1.9720270945480656,1.8008598480028524,0.6018340700375953,-1.6223194757035122,-2.013441946416699,-0.9202960766328087,-0.05810940910876372,1
-2.4900126879660442,-1.4298901028346727,3.0462112082765143,-1.8241417777830207,-2.7780962967270932,3.227939571690241,-0.878343231913975,1.36392915380628,-3.5445641697361765,2.642325471933407,2.0103434390316237,-2.458595729223865,0
0.978455129546325,-2.3060715528929805,1.9983447106137762,-3.5938394690911215,-2.346641773769151,2.4378044222884823,1.3607234452583423,-0.2516535086377281,-3.094945379104885,1.8609908803267543,0.8369227188771782,-2.918092777404292,0
-0.7221872976094185,-0.44164185445260906,0.06341232446057832,-4.82636392566982,-1.9101351867988146,-2.409934856688619,2.1872888740716627,-2.256575901566488,1.8096045834509997,1.66176337923054,0.6214824609543268,-2.456053979172248,0
-1.6421528817823654,-3.87141651838745,0.0256126576936746,-6.677256933180092,-0.04528407482729946,-0.21908409677290352,2.9035923031172155,1.6102503986336525,0.770022952155827,0.8581699217170857,-1.085202526661139,-4.334244047451689,0
-2.360316739710517,1.966860221145238,1.5857880345611075,3.851580546032064,-2.2175050420838485,2.198506948267421,-0.22269285901799252,0.15794931335153917,-3.427165365531113,-0.8874672124007467,1.276580303912732,0.8855347835718174,0
-0.41939886427288575,-0.7533692745728799,2.522208441422687,-1.666944607578798,-1.2399631774297848,1.452806702686324,1.5118022940750024,-0.1590957767136805,-4.400642523055846,0.7208375760826238,2.7662577034741918,1.5943775077084803,0
0.38073664877055796,-0.7485595320703822,1.5696657194324781,2.696100142120423,1.9627669549741782,0.046175811131481614,-2.512502440369117,0.26666608972791117,-0.7158039526541135,-1.9365047597564717,0.191740345973742,1.7717990771569012,0
-1.374754634935393,2.210071996851571,-0.1573794547579801,0.16708652403475072,0.19030637383476523,-0.18993298326780694,-0.31321525485505075,1.3264743785663737,2.1149405571114857,0.2851876086069709,3.332043512316771,0.14822451794530034,0
-0.1393879856658928,2.082979273228533,1.3805960311634606,2.53900053751644,-3.631197473641937,-1.6484358840243734,1.213698962335763,-0.6414314737040403,-0.2882753946756507,-3.182796537847909,1.3076569852920916,-0.9550568962669284,1
-0.1924546179623004,1.9180665162008288,1.766102477843032,1.7179264650289778,-0.12610439977171084,-1.577536308034825,0.06372864547762491,-0.8165839933460473,0.5011975302972652,0.08332673274780755,-2.6510535010162677,-2.095172647943183,1
0.38244121524824937,-1.7176144016299393,5.273462396789815,1.6758781937625236,0.1976527393611589,0.8139161070679422,0.2028608512144171,0.02710669932363899,-5.113126970405335,-3.936143056088125,2.5687896252286038,1.566154633626549,1
0.771648522929536,-3.0542237989932737,-0.6511685312827333,-6.537963808054964,0.3253210004303113,0.6002281590012668,2.6661186928400586,0.914523971882024,-0.07284402353205845,1.5900422456312642,1.8545758641792673,-0.9871184445322093,0
-0.8265353695561027,0.8673147741296465,3.854121416714581,-0.5242055468662422,-1.8364058656298976,-1.5616262759232757,-0.08422510194791366,0.33434047373771286,-1.001887605496678,1.7095221253039978,-1.4917615483896407,-3.101470632975099,0
-0.11896113622861716,-1.6741706383978259,1.9968911822402284,-3.2305339403886353,-0.48659582197322193,-0.9231305520885859,0.470543260592591,-0.8695012324026915,0.5375904299747095,0.5760811671287553,0.10792361773491821,-3.136221955997049,0
-0.7576249664275874,-0.29047150033556,0.6358591060285399,3.7290671654723804,1.7119516432064925,0.014002895168496177,-3.2506830528317954,-0.09487142963972646,0.779596931988313,-2.6306609489156587,0.2857241546186181,1.1835140445001482,1
-0.7304750111105597,0.23157741999143122,2.170053664386222,0.9529926902556903,-0.3424998708039044,1.1676539200240152,0.6132999312303333,-0.23513409559569623,-1.521092619972502,-1.4401382376903031,0.9225313829677886,-1.4004012880504333,1
0.8783031524999187,-0.7632700359701243,3.6543481840458063,-3.7550240142512394,-0.14728191390268186,1.8390070770982851,1.146391634302723,0.2146663625237396,-2.750081027046107,3.9337933916911623,-0.13474327411949205,-3.294329266203463,0
0.7586430341349876,1.95013691030336,0.6838732982947198,2.0831464802681143,-0.6113986901310884,-0.20195769484767978,-0.6816838506730329,-0.4411372173633781,0.09703366415216419,-0.5500246483452094,1.6245113892248606,0.7889043569658974,0
1.5956298207624795,-0.6359509455851864,-1.157814961011535,0.16168450318560793,-2.6902282021697186,0.9400718054098314,-0.5058932479009837,0.16474522501675595,2.0844790471122354,-1.4268471781572185,0.45336134634984737,-3.98207792531958,1
-0.024278113252284614,0.031172500744222176,2.2195730292229405,-0.5641202777217782,1.3457709259752764,-0.41367792153776173,-0.8149519415157822,-0.3939391143295118,-0.12923342940524507,-0.1259864960374708,2.836623379058862,0.9792796739333893,0
0.6273757924946498,0.4080962885090065,2.1034576599328254,1.3638755798279283,-3.4943760378606363,-0.42384886071150185,-1.2506141617670345,-0.16953874196714738,-1.928469696069279,-0.12636812460657865,1.3632484283076907,0.12140121423336003,0
0.8551911893315429,-1.4019338202641078,0.2081966316099132,-9.467092640858358,2.3628413191811806,-1.097701227101316,4.171397532794366,-0.34839695584342023,2.067458210506257,4.137409131051905,1.9611669412682913,-2.3220552525177443,0
0.3901878946778335,3.621085457658334,1.8996688669450608,2.377718023438223,-0.25177117203703414,-0.7685001772474265,-1.1541145610030707,-0.5269813230634949,1.035581929344377,0.3003047634217899,2.553440007992344,0.12621857530436076,0
-0.22245329945425804,1.8390024898057122,0.6858355694505892,5.907651436733817,-1.111446762612316,-0.03378465600800129,-2.864466155097557,0.43250353414284354,-0.9184235519190271,-1.6344196369101236,-1.300763268685392,1.3197765696315262,0
-0.38734884453265434,-0.8409545664866156,4.0611794798955945,3.827446835164346,-1.3972978434451817,1.833072165302496,-1.3807137816399886,-0.13359059179580912,-7.456369168566354,-0.37737343609231444,-1.5720802283785709,2.9136730777362025,0
-1.3051761056599396,0.6468561828698495,2.008971424090833,-0.0355802056624227,0.1776981121750112,2.6219980823936364,1.8273993740715002,0.17619549918839714,-2.7991443166825936,-0.5704845070719762,2.874435195304499,-0.03456981679477078,1
0.127284332793701,-1.9090449108301586,0.21428804883720132,-7.253334540754844,0.7221786095838032,0.9971752851692481,3.0869728307610376,-0.3181871543277769,-0.6190017922835686,3.2687659910771942,2.9851325232574784,-0.6608011108211429,0
-0.6857775926918157,-0.3084923753650013,2.266785453830607,0.48094387696347074,-5.129907579914563,0.7647165006148267,-1.6058690680375323,-1.3063844773211823,-2.304654372327435,0.4965236913893557,2.398491697438873,-1.283505797736032,0
-1.7651530052298399,2.2449315705746393,0.7731658397308065,5.82458992350982,-0.7643778741131475,-1.8668247928706692,-0.44952060662802407,0.5411540486677208,1.4186220159503213,-4.283504905744506,-3.8433795882547854,-2.494247285297315,1
-0.36836283293343036,1.8532256141294767,-1.9798837826059779,4.768742722212281,-0.9745357205316487,-0.41269103978854005,-0.5616190089852191,1.1866272137670588,1.5886974539502094,-3.543067616305534,-0.8954378183878507,0.2978808725037767,1
0.25815111009005337,-1.0786140488873799,1.9809843889756042,-1.877317223844001,1.3780460847824303,-0.5191177954945116,0.4663775054125203,0.4822593487179259,-1.9626779728823227,2.05456487969137,-2.111235043452048,0.14460634188830523,1
-1.0973703842770142,1.8337315965800922,-2.0296061677434865,3.636010205028328,-0.7770389267445269,0.8087643487865199,-1.24927455676098,0.6209565501266496,1.818369320425936,-2.095070748275078,1.2883750178477245,0.40841776653768136,0
-0.9386138029363388,1.6924149857532358,1.7499184532391343,1.8934625965703331,-1.4221775734289412,1.0572625148613126,-1.116398931505667,1.8853407515927116,-0.6105842189969302,-0.2975551169272903,2.890056740905452,-0.3820886625062423,0
1.174367369637547,0.024685125967579102,2.3506716563218912,2.1647850780847295,-4.412527254971515,0.5133988360887722,-1.9473387646892895,-0.1356734188230292,-1.868948510634187,-0.5859292953747015,0.729115660177891,-1.8737679494021833,0
-0.41544297613155806,0.5757194522882558,-1.7070870995111385,4.274686699031104,-2.9355054321762597,1.0174397308984364,0.2921257470383234,-0.9050342670261513,-2.009070497875524,-3.1014294232721533,-0.8593476788547492,1.553797199632358,0
0.20423066839679357,2.295645559247374,0.3748859244838315,1.3955296869086913,-1.0230271650270861,0.3597921349370138,1.2640385821807931,-0.5758303066584984,-0.16489687796718352,-1.5748462752698302,3.249434318451223,0.667091812053618,1
-2.2513532448625098,-0.87003093760249,3.7526670977194647,1.526170230004968,-1.806027465962936,0.21187263573512638,-2.2356652191421436,1.27460452159236,-4.157015729951411,1.685628308155446,-2.3986181879357256,-0.1449522435179006,1
-1.6927044934694395,-0.08203582706276824,1.3034441616423385,-4.01414094216462,0.15260842308957834,-2.3603273058118552,1.4442302202037838,0.4228868439810012,1.0610285405249,1.8230190046859955,0.9757930995357906,-0.8146220635384883,0
0.26123719266021284,-1.0326826539558671,2.108362102950519,-1.4099550882503444,1.1024216087012255,1.2450025102149176,-0.5589220522225569,1.0576376345819836,-0.1812959837213688,-0.9380890716358017,4.599767124367704,-0.14175732484113257,0
-0.37311596529218605,-3.4836915277967453,-0.4005946290698108,-6.072819346180775,-1.3854020024894922,0.4536689906211322,1.2111602379480857,1.3726856172464117,-0.4512589388864125,1.6039321387695518,2.9287133125200997,-0.4315003589704164,0
0.49892396539638256,-4.9691146336349625,-1.1113286871091668,-4.928760129959753,-2.4198189651477775,-1.5137305292372918,0.5810163918955253,-0.9325080795962154,-0.3932569586261314,-0.5555713340367545,0.8026278819585181,0.4503570182355465,0
-0.5015361524974897,1.4123595864761054,5.05379326578628,1.847233380586884,-2.130900810077349,-1.0943003105438578,-0.7037967405244814,0.938657973933317,-3.8950638380777387,0.8838522059173823,-0.33099379775633064,0.1883045811880013,1
2.1160648817781222,0.445141163032454,-0.21738237705122576,3.820763050637075,-2.562783014472531,3.241169049164912,-0.46966104237055095,-0.35138157135158526,-3.6331720010909088,-1.3917778271922305,0.5490378620645007,1.217349440600532,0
-0.977971142284871,3.3428677600377243,2.5509948336763912,-1.7358526010209159,2.4496163969074036,-3.4798809619310487,1.737922261086461,1.3058841354865058,1.077970036990734,2.2573705651376974,1.031010144711396,1.2828623291707686,0
-0.8713736221790636,1.2763574670210793,1.5672478459442734,4.604105282322352,0.5683526954336067,1.2960890065131982,-1.6921375310261442,1.427713258395218,-2.725415339536492,-0.6124798996543211,-1.516201946922758,1.649411594652019,1
0.6738859462591464,1.8813602883880538,0.14472991628907084,-0.2307636930899666,-0.0688255822416729,-4.614533546091242,1.0751048625117336,0.1526854048040042,4.1061270590742955,-1.5984956497885245,-0.7316156402738416,-1.6796573274945628,1
-0.9703081011661603,-0.6893540855749275,3.0669562184683765,2.7728917408339067,-4.606761821227851,-0.5085628680990457,-3.1632371220456683,0.4826482671474409,-3.1892565919240723,-0.4596923797683494,0.2274193427105261,0.2861369805419851,0
0.804731385792779,-1.747801115000117,2.0860294479263795,1.8301768913296348,-0.9448368151524827,2.8967193842969663,-0.39935241686937717,0.38995210469683933,-7.0838388100005,0.3165856126024915,-0.7901172471991984,3.4141322443975963,0
1.7401046301649572,-1.8105424294534567,-1.0374728623454947,0.48474502364598837,-3.295226867302057,4.4173578242725355,2.5418205010683965,-0.554946780515078,-6.404058751860199,-1.1096887238913136,1.0449218575589163,2.3753715946622895,0
-0.5953958728604739,-0.3357768847827183,-0.6159742440975473,3.4360646265747152,-0.301347641452014,2.2371009329526172,-0.7535575935167136,-0.35491865823685986,-1.6545663948099678,-2.796430125468289,0.49603185968403973,1.2669600682387632,0
1.4402969488059867,-3.3227912064114533,-0.0038060124325587363,-5.3111118406726865,-1.6459563474527834,1.409242966618511,1.9533310156748038,-1.7029153952145966,-0.7915900570610066,0.9883177844683778,1.3229334219980065,-2.76111149427002,0
0.2804482923735663,2.436625275293749,1.1072468513226554,-1.6560921304938392,-3.2270444237464257,2.519919859847056,4.969054862364931,2.6881633373983567,-2.9451232480872975,0.9304256476959702,2.5815710219049155,-2.2587534745501747,1
-0.9819732169647114,1.2054446544909496,0.8826014463434028,1.4380806081982747,-2.652321070053036,-0.6797395538344,1.29235685845901,0.11265182155680233,-0.5549114646153689,-1.7631183368212526,-0.1980392073778945,-1.579155751107022,1
-1.3405198442451434,-3.53724737489319,-0.4007097800318724,-5.7122256645299805,-0.36504553696250674,0.5690836956705112,2.2175044031775046,-0.9159134075837931,-0.3834665394385354,0.8127379364989447,0.9803277310145966,-1.596401996169833,0
-0.11905355939723676,-0.44142458759199876,2.065903650774505,-0.45729823175591855,-1.6792617119569893,1.4580903527799562,-0.27856776952909534,0.4731238763986385,-2.770652958182533,1.1436361552882177,1.3664160200743678,-0.23761198807124095,0
-1.4151144095208323,0.07929656842704369,1.4148874766658464,0.5092040165050811,-3.646577702165374,-0.33958457351819826,-0.9532510525093758,-1.0075799152618166,-1.2619479768149906,-0.07204560789392378,1.7474909178613691,-0.2874738854810116,0
-1.6507781792239553,1.8162239604574735,0.5589579352493372,1.0401063089446474,-0.15996318033172596,-1.4228643995757069,-0.7199191895385144,0.5423576926032896,1.5256691970901934,-0.2365207040886247,1.3332310508708884,0.23736756791243208,1
0.9028898155198558,0.2146891719398828,-1.1604232543210613,-2.012820239298105,1.0648081658465962,2.356544373405155,2.1515993724622957,-0.38097742186228384,-0.865558989721602,0.7576884099859813,3.059898321597192,1.380579212110538,1
-0.8422135771907798,0.2749502859973949,0.28883061879845173,-2.7711342745334364,-0.47484282326773186,-2.7276105833963955,0.5470009373007219,-0.38927905386277833,1.2666809889270467,0.8391658480820511,2.842895278890713,1.686909226754198,0
1.7622259943860856,1.6877898335087569,-2.1706599733070018,4.919067424928592,-1.0335382086016918,-1.2610224216092782,-1.3046801592320496,-0.15169683000993664,4.6723931940860846,-4.560909235940834,-2.217960296633856,-3.4056996160612782,1
0.45044057136447935,-1.53667325999893,2.4005680017349826,2.4322802524485168,-2.2727240708696708,3.5593153706133167,0.18900106452995802,0.601922998113316,-8.191907811018565,-0.1596465491930209,-0.7536082799440544,2.893939063281604,0
-0.021164099895957567,1.3233477050027254,0.6978189734896512,4.3034738308402085,-0.2739564147375143,0.0234983808040945,-1.7878618604794871,1.6638911585134366,-1.330319323650733,-1.236062001992157,-0.7979030347422675,1.8966998745719015,0
-1.6308671541669717,-4.95137461199816,-1.33634543187945,-9.481606824531212,1.678780193619513,-1.6632609207174236,3.919231407989833,0.9593772333242286,1.5153021675684797,1.6927256430602813,-0.8812417682814857,-2.061146129923366,0
1.2203846531531384,2.7035455645925843,-2.8777507118551826,3.4713374048767784,-3.104628584910597,0.5795772885023818,-0.7000116458174908,0.9123252184555735,1.3820300804296224,0.3557672929122162,-1.820668036074395,-1.114730791906779,1
-0.8054140133113804,-0.3031804534405742,2.7610850107623346,3.286001429766586,-3.5898637023721665,2.3388665945961176,0.42039419513460397,-0.5686699278848648,-7.127686870942463,-1.1216760627406182,-0.4222573673645871,1.8466937990439276,0
-0.46907495193132975,2.2081730679004967,3.854472313683845,4.388598001327467,-4.100871196944174,1.1349957592038828,-2.647630556516116,-1.0829898091546066,-3.4493783314299495,0.4374892313838846,1.2096124309042224,-0.48362348251474674,0
1.0194978806664936,-0.029708052449019418,1.0031891153010524,1.7962583706323674,-0.30140311577415424,1.1520218109607412,-0.671278160803576,-0.7071249360096715,-2.6714811337381583,-0.42837891749818746,0.6071378534413763,2.0142264702154895,0
1.6558930762803097,-1.903709219641942,1.928240756264883,-4.5006448056049395,-2.4086006845967862,-0.3467940115805218,1.6938010903276202,-1.1752728946034794,-0.8006445742012166,2.017380849563473,-0.9094210448184943,-4.326101627312857,0
-0.2199582383319786,-1.8322086849559742,-0.1379430050787409,-6.688532792949334,0.7751995112413539,-0.8508055182459963,3.2104741881109113,-0.9604754012186796,1.8472731654918462,1.5773078669052207,0.944037891612221,-2.958495814970723,0
-0.8262882070478523,-0.07193854278304546,2.8103558719223134,1.0802702298686555,0.11986679863442529,0.6107288297513112,0.8141124120614367,-3.002453184306694,-2.654363372605715,-2.29932363222249,2.034293562972696,0.8149031753766431,1
0.10740581950557385,2.01392184379949,0.16885024080582156,-0.23168842537715773,2.419618519021652,-0.7885408239035598,0.30637266609203606,-0.3432270241393695,3.02326061759944,0.9773794081077574,-0.9104573036284185,-2.243408584913319,1
1.3289854105752263,0.6303011600009469,2.3024776700530603,1.3548243076324387,-1.3429895453624412,-3.490024885715136,0.13959206616931885,-0.521302725397041,-1.0231177420966886,-0.4457971904325887,-3.6051277594333597,-0.27801235315353334,1
0.8343887672264244,2.628991915022142,1.6861545821007162,1.8756121030987236,-2.0267624914274736,-1.868803260037654,-0.5246272121081094,-0.6056198426338804,-0.14285765399579628,-0.3809873290040101,2.311089683329169,1.296112074499832,1
-1.3383963477304701,0.5299893590866215,-1.0384184716881508,-0.7675317960689431,-0.9616296071907353,-2.717250524262215,1.9136286552150805,-0.8660497664849065,1.8572335488217284,-1.3572166653070636,-0.9451887494442249,-0.6395329663369804,1
-1.012830429470577,1.19915841094035,-1.6109649032117268,3.7878903491389235,-0.7903119985976508,1.4147061274405748,-2.703262484937075,-1.4317747771326863,0.7725548913162862,-1.1230248172365778,1.7368851363381985,1.5971504074134293,1
0.3246925746507233,3.1768242845314627,2.3812212834855133,4.603749112162897,-1.252748810257112,0.6608183423760313,-2.1542622468626003,0.459663146637272,-0.07100043066144865,-1.2586600707170181,2.325955003229737,-0.6089382408761828,0
-2.8887183536091885,4.077970387907774,-3.926189267323748,-0.9349001428298321,-0.515841510608227,0.33717737285427796,2.044080010068667,-0.150017913214582,5.17811978257014,2.044849987560483,0.7491479562145187,-3.1554692400826365,1
0.4529179336658631,2.411062011853338,-0.30558058508000663,-0.8677942855655163,-1.6990731730422195,2.813256057743093,3.1385832588952076,0.827198188804356,-0.9948249532723089,1.4239072821535887,1.807176691756243,-2.2325103832334734,1
0.047570873867283786,-2.0346300116182556,0.23192392068930912,-6.367623232601806,0.45293061794799283,-1.4742514275154524,2.8566566402350224,-1.3284849525934679,1.4482044152099525,1.7289730459403898,-0.1792745033054559,-2.8710278379865137,0
1.5720384413117712,-2.2729610411066017,1.954140115150472,-6.22784283263944,0.2087459043787816,2.177130995728551,2.695345193521338,0.4190203492730568,-2.1654109092343923,3.5219253241876456,0.6763609206508157,-3.1558828869235085,0
-0.5764679458160776,0.026539169155756825,2.209941780518356,1.9067833898181037,0.4382923184372358,0.9812622108838811,-0.2999301287855187,-1.3225631217501597,-1.4493019424035705,-2.658067752531042,2.2675171969129906,0.3709512765182399,1
-0.4989829632398117,2.7393043999023585,-3.421884085800963,-0.3824633439803658,-2.9411665746209072,5.7473715176319455,2.995578330950772,-1.5359412197565343,-1.1089503972054422,1.7940326773616606,4.380631016414949,-0.7619303231227255,1
0.5307587546245011,-3.284155755159911,1.446804813754941,-3.926407748486484,-1.495015358216016,-2.1705826159194874,1.1401578591798667,-0.36880322162583684,0.7906303929346178,-0.6184269398659177,-2.1064208843018677,-4.271153396113229,0
-0.34105158111333717,0.6252170489631192,4.534670550231622,-0.34004240335857083,-0.39645773382174254,-2.2492280271276606,-0.01994944058451953,1.0919739494721497,-1.1495689430823903,1.3270554275629858,-2.5996209895449556,-2.7348210551689482,0
1.0265028311531443,0.5761735454927737,3.3478615216553864,-0.8794622795593396,-1.871598935277636,0.6454651357189829,-0.5936705123964574,-0.9582584420229366,-2.8254418506265586,2.7246131522119263,1.649684568233657,-0.3278953402179382,0
-0.0026815635952413333,-3.135015714379763,-0.278944173858082,-7.726374107335806,0.5160995282212208,0.1188179343784983,3.4883230419615865,-0.050935909591156646,0.0755566418341567,2.062747442865517,1.501061720271609,-1.6888900307217953,0
-0.5861118205079535,-0.9716475918439899,1.0380386454417334,-1.289751745411592,-1.1674769249220422,-1.2903452640114605,0.3938326157228418,0.6103191260231969,-0.9029363539024919,-0.11288719278452963,0.3048258715834983,0.3524084840507582,0
-0.3392695048757083,-1.1993256485019752,0.8303684970305732,-3.629129317792471,0.007906438959437434,-1.2519338795768697,1.364603323525911,1.857903771129089,0.5395920782798532,0.7180269330607825,0.8052802802538288,-1.1141082801796238,0
-0.9008912214637983,-0.9384367472559922,0.34885166387688105,-5.76938826338628,0.5800919469548369,-1.317827077478123,2.3082926904432495,-1.4531000597014467,1.4218188907213345,1.92517166738895,2.2049961771614557,-1.1005859956207744,0
0.996637501044383,1.1827642148627202,2.667508618984625,-5.681737419250115,0.28504711859967613,-0.55405322121051,2.2659180996714072,-0.2095974519317888,0.8499490756550429,4.4568999452448095,2.1692647828434968,-3.341166859836564,0
-0.4007449201621514,1.1841545965234108,0.189522025743037,-2.0867851889210574,-3.7517197636137616,4.445834550155577,5.155472727970819,1.6408649908790451,-3.274739906789558,-0.28596399461765476,4.620184598910234,-2.3731881542556534,1
0.185061356742367,-0.2830679286396691,-0.6891812365737555,0.6016449029430414,-1.5174114956466527,3.476998692671957,1.5339259684823832,-1.463266867203136,-4.042500851681906,-0.19033060760713838,1.6978994229284918,2.047490678124997,0
1.404644256514729,1.8129911636250449,0.04025557517194811,5.082357446932799,-2.2245361493412235,0.27598352725868747,-0.9265272226467316,1.3002041050841668,-0.5162695645568363,-3.263717063841692,0.2206636146462353,0.29479909417184935,0
1.4106793638693509,0.2204063879038236,0.6826599580344292,0.3512562186095243,1.6853244232938525,2.2780808758569977,0.3080813427526259,1.062820640517777,0.1400261196671407,-1.9916327198302928,4.159091597263859,0.04623883755908276,1
0.8475142459394678,0.9509305682170872,1.7881762813312514,1.3511640076516482,-1.7382300997352846,0.869075128365541,-0.5209600611299474,0.49952553150920154,-0.6248633765525587,-1.3228423820694704,3.1919516249380515,-0.7556720577446534,0
0.33426083287654806,1.1911171346083858,0.9024819805277359,4.5957348924504755,-0.14085291231467434,0.7345156204501336,-2.9186803866526416,-1.7347610083608258,-0.4079423569219291,-1.4689019646209538,0.23412449226150978,0.8475351543784163,0
0.27977520134633704,0.5886800732607501,1.3589054327671584,1.78875535076037,-1.6368218415098115,3.4888415858973634,0.9242924620899909,0.07871467889417925,-4.547151437018203,-0.5842013192980744,2.4537111645240994,1.3864363498863943,1
1.0129341568997197,-0.39096919842247724,-1.218198392034087,-3.308953129274307,-0.9283891050928464,0.21881733302413986,1.7528670834016515,0.41488887897429677,-0.19402688948510793,0.5514462200616532,4.723684254964717,2.360906804117856,0
1.005801578220973,-4.09910732221505,1.4542851648393613,-4.8882011414716695,-1.0411308356933415,0.5952514992584068,0.407632894977199,1.4967559624156919,-1.2833677810956543,1.1054745723788093,0.585043022272574,-2.302184486183477,0
-0.562317816214651,0.04465502933528809,3.0624664941403457,4.580267304514875,-1.7559595195688051,1.3570989984114772,-2.7494141912498478,-0.45059154709795785,-2.561649867313899,-0.9064746205901881,-3.0401507034872033,-2.4811384475499514,1
-1.9347907436974665,-2.284337496355644,0.37200246322974406,-1.5321953920569882,-2.986648424387755,0.5421264313974097,-0.14336229906193787,-0.11592229785071963,-2.4400448802461496,0.3457304911052368,0.8262115206936738,0.40929361218520577,0
-0.4884690711045705,1.0438191478446484,0.04869834222810321,0.8666905014484501,0.7635537965612396,0.4281919507243045,-0.4130842361410322,-0.2070728620759245,1.255037084507005,-1.2873637423892175,2.985958582566248,0.446818596378865,0
0.9809724664778461,0.7407912240281895,2.4603420831631944,-0.02542496828047454,-1.1289185359720926,1.4163097571452203,2.23861916536249,1.418804250672912,-2.9351550341893704,-0.7368013923283729,1.7089719588599532,-0.7830916358289663,1
-1.1931597481088263,-2.077982114789947,0.5706712120482145,-3.9883832594920148,-0.15344438110714054,-0.249547636368613,1.4931925886691437,-1.2149722860663335,-0.5212738347133316,0.8543744861497093,0.8045647792784387,-0.7814738121968005,0
-1.5778749175462636,-0.7681228714710164,0.32650685771474663,-3.6324735615405683,-2.9319242493083117,0.6769799522165305,0.16223970673374732,-1.0879610988473798,-0.4335352261757083,2.2066513635525555,4.196235899687805,-0.4286378913343458,0
-0.9019064661803612,1.5414986247570652,-0.7745613797744251,1.3218518902325753,-1.761663622109102,-1.5700809282624157,1.0012659507278605,-0.6253566899115522,3.5670996060473357,-3.104839256621181,-0.03080118616500338,-3.702011782249239,1
1.6363879644713724,0.7916448536991993,0.9570855425989594,-1.595031966018439,-1.4451596258129804,-0.3307123985642867,-0.04495953533109365,-0.6501206000639042,-0.5739325414625654,1.9846112188620058,2.8219615427812674,0.8918677830138002,0
-0.288082700066656,1.4093443865587953,0.09665824654923671,5.376903246735833,-1.27612970942935,2.690661476949432,-1.6283952146612548,-0.5078626571995011,-3.24459183227244,-1.423096317674684,0.530299707678046,2.613278871828142,1
1.0908595189310177,2.3818455065846207,-0.1368813152718089,2.850697118818435,0.2692092189660309,-2.1463364066747945,-1.1241668740055448,-0.1398770939859846,1.290729939577261,-0.6541308341498637,-0.29141305510090376,1.8974761732146317,0
0.5993478753573529,1.2535499993435066,3.3860630800502474,0.5881576451903566,-0.155243940025515,0.6653306384069508,-0.5225453393576316,0.6405760641306664,-2.882124746375949,1.3457333454836,2.272479543448412,1.3656310154885694,0
-1.5871030786832105,1.5925127770529688,-2.103732878430152,-1.5214609005626694,-0.9562291302229665,1.1371617890828205,1.5036526060843882,0.7114760883175992,3.881533252446746,-1.651453159943845,6.29234302065729,-1.730483652609117,0
-1.8482527442097125,-0.3214002816733873,2.057444351244235,-3.4601496668851834,-2.171525610008538,0.0597327423357068,2.2675655359590086,-1.2209264910982853,-2.143272954359665,2.488478234956376,0.037624916439494616,-2.134331254607652,0
1.2805223650531226,-2.641593645472496,-1.0816144477370235,-4.477663025142886,-0.8537147016399069,-0.9172748254187124,1.6390606537373253,0.7016119296668937,0.6298668946270697,-0.011892831963216777,1.4018943914672666,-0.20208949800663623,0
-1.3210558635317502,-0.19906356323245966,1.4208039358505404,0.9037516053858888,-1.7916640694458235,-2.1914674315771263,-1.4701343746187368,-0.4515276523391059,0.17457759090201388,-0.8536764053644641,-0.11555879623097964,-0.05564109580328658,0
0.9799454252236244,0.07070418621069752,2.974415630421011,2.318554608506105,0.07437050476986196,-2.3078893243697363,-0.9220287359220105,0.6350726706936963,-0.4746325829768084,-2.428053537073696,-1.4902136180415027,-0.4789567978629764,1
0.5414165904310789,1.8613432741393456,2.972189769945153,1.983570837637262,-1.0978623234791287,0.37037358107706986,-1.463767302894397,0.04497132655852669,-1.6152149563241989,0.5944782559480091,2.142441771398196,0.3736241252698369,0
0.8050264532757723,-0.891803581726393,2.6823734982247682,0.647382067532444,2.3869753941989504,1.061039830768197,-0.22387922778736002,-0.62968382567033,-1.5659313363493819,-2.4112166624443105,2.6772215862334257,1.0654218986661763,1
1.4161568065625092,-0.5293981939722674,1.8981275191837277,6.660507959752447,-1.8005218620084953,4.3492367931075115,-2.9047654902807487,0.06579460796797731,-5.328812656242015,-2.6581414735533064,-0.6445699663144377,1.001024278886055,0
-1.3906377225939182,-0.9789641048690396,-0.41074801645814607,3.1604013297429967,-0.13909172654802093,1.9244316647294126,-1.210256503224364,-1.2431201038734767,-2.6514908026222095,-1.8213317230953523,-0.6510997027430183,2.2624028265559875,0
-0.20050220519817938,-2.406437841072141,0.04746181700120089,-6.062337936678638,-2.0079383480101054,1.3796221381530045,1.926717869878138,-0.45673081302539126,-0.9114590819543176,2.2862649876991545,3.569237803994429,-1.364826149547349,0
1.1213654034671643,1.5799908540695204,-0.7947351375861083,2.1889714936430362,-3.593604860944463,0.6628600142091307,1.0794593791778966,-2.389987178035782,1.399039823417329,-2.666611577969997,0.25258475929226154,-3.9433610792648035,1
0.4307501768912138,-3.0680825575762802,0.4045374923884505,-3.555559957838165,-2.383817650827791,0.3007929322353704,0.6257484306047703,-1.1294571389794916,-1.4723896257653808,0.4671828404225059,1.1744011467343827,-0.8472800594682274,0
-0.7540581601280131,2.3159729237709783,1.0361270635920208,6.945575250914576,-3.309128996843614,2.6063721270646747,-1.348598649476234,0.051877108318792386,-3.7847124586197776,-2.229669470188591,-0.43906228254326884,0.7230736980281673,0
0.6929183348573911,-3.2434139246588103,1.3313441418795704,-6.531362694702529,0.5813239600573252,-0.707706803192276,3.008712512820692,-0.8631763419817013,-0.04920519230430317,1.3588326318161468,-1.019154108990997,-3.5857527034982835,0
-0.9131048778355643,0.08630046226002785,1.0411862044234501,2.688048291524633,-1.401583259302909,0.0737253309138326,-2.140150723406977,-0.2011771574033529,-0.2338517033648874,-0.5709896118356597,-1.8765469995539963,-1.6562130697656214,1
0.2172441155899823,2.9064950935069103,0.1194048742696816,2.2003158660522897,0.17243912822799667,-0.7740579430392251,-1.4722108238405922,0.9446919401066055,2.4687018630286826,-0.2890928815891137,2.288805389188557,0.20503641695448205,0
-0.1949408239991862,2.2428388435059095,1.4798738382912555,1.7097700474651203,-2.1446590710391034,0.3894300071331177,0.30925369435450345,0.5059918653088911,-1.4384693939523372,-0.19617629566699946,2.265123964319786,0.3821921395478485,0
-0.3665456927472638,0.18923152318784897,3.1334886203163306,0.612690156896346,-1.3614845444797625,-0.29098062628217547,0.06101588121012047,0.41560852466536896,-3.8229481056569874,0.3123454251487945,0.8829939784519893,1.8399302290395818,0
0.5243557650685671,-0.05120115061013952,0.285707909472944,-0.8612610295174807,1.8969055635893768,0.8534145199635705,-0.908389183073592,-0.02743654304247848,2.312131849759864,-1.1523250912892964,4.7143937030208996,-0.16441145976827065,0
0.6131978414829093,-0.037016645486923516,0.35579114931059985,-4.361366349247855,1.153248574297602,-2.3850750544897004,2.5460682740635407,-0.49532989810796807,2.738920827729099,0.6856114428879552,0.4337623296006905,-2.3067741757108386,0
-0.5881197131318063,2.677560109671293,0.7040950389695869,3.521991156538835,-4.052009178622379,-4.00910231241788,-0.910709661965398,0.773489286037126,3.4361441811219997,-3.3642392741200746,-0.27704593867779703,-2.8984135186798854,1
-0.29303579815703057,0.3908587523215812,-0.5914358112641258,2.753615609431184,-1.9417683850742748,1.3108552858513536,0.42634222577016123,0.7018190947023588,-2.5758259497634826,-1.7334879476211063,0.09244470379581482,1.7754362862373378,0
0.1696987386559308,0.9912292375163887,1.375525486397636,-0.8750207497911343,1.8977198610659647,1.0713180713414827,1.2491568577637169,0.16156359891369498,-1.294950299013531,1.3752993414551593,0.9452122483080084,0.5053551482649667,1
-0.9040064562375868,-0.6329320623163543,4.97411913845308,2.212476225504754,-1.4339214027264215,-0.9976239350429694,-2.495725208300291,-0.45696737554441774,-3.25285031366111,1.160496634163306,-4.615839118871257,-2.3342555462941306,1
-1.6859668949646465,3.4967641412336006,0.10220138536811585,-2.37936495597692,-2.8848159802726885,-0.04037542861376542,5.107079699738014,0.5463560255331472,-0.7580397166902947,2.8785614280470515,-0.6526342880527976,-3.0106044334496733,1
0.012617812360776996,-1.1433146669630059,1.0105341783276869,-3.01047999542762,-0.1114165662223553,-2.4781832674979656,1.2839256234381475,1.5238374386907294,0.9082948502031399,-0.45932833489223457,0.7320239543642098,-0.5919235816970327,0
-0.9173952884550135,0.11809794232522275,-1.1019255319261658,2.670286560485344,-0.12897713271962752,1.6579515561158242,-1.2106520189770655,0.3791982553669916,0.4192516797551593,-2.4021106704345714,1.6250212748389656,0.5507352875027027,0
0.9431215488494136,2.295303844818282,2.1307848956998896,-1.104934173741417,-0.012092473343616517,-3.962618670151795,0.44479107417859864,-0.8218846270711883,1.806589837866047,1.0301360609248895,0.9271074850602592,-0.00025768499435430137,0
-0.24178069634724675,1.0109046135945896,2.9523872170181074,2.8813821594861744,-4.9329145643379455,2.87744444550337,1.8293605939234565,0.15270466285689135,-8.085085976122793,-0.19072533985137252,0.54493974673887,1.7209648522252308,0
2.064401522504943,-0.5107166397112872,1.2527110804896866,3.5149022726869354,-1.6469555317190525,2.8995990715670636,-0.7558087038992216,0.48139944739284585,-4.453906822141727,-1.78837974250823,0.3515754743363333,1.4311602616412742,0
-0.23729565777384817,0.8302005555116831,0.797666205247154,-0.8820418894988232,-1.3389597052225297,-3.115548431639085,0.4898513442714211,-1.8219098895567742,1.1097364310137412,-0.020845916155108446,0.3825797281060943,0.05365711074881285,0
1.8088153684783423,1.1290753855990738,1.9067141974713135,2.418848279497709,1.3684681942212062,0.24844329392819053,-2.4981359946555495,0.4586889442188117,0.38969964295902365,-0.5785674607931139,1.8283634009785836,0.6337468701670875,1
-1.0599876084559376,-2.0659388501276115,-0.30791249153359734,-5.22044829790815,0.5569163966023978,1.8738023027644526,2.3353932678172207,-0.1284793428127831,-0.5156871290132831,1.6137188503110167,2.5283945612454706,-1.0503490201595254,0
1.3010186229561822,0.6528141293633061,2.535335266909904,-0.5344106255388834,-1.2735448577991908,-0.9669451299031466,-0.1542597218479489,1.2400178379609845,-1.2030436300248109,1.0389466154524019,1.109124512942499,-0.12665907955935451,0
0.7087621792826249,-3.3980168822215786,0.43740042436849913,-4.856116713783382,-0.5933168011331555,-2.037905787993195,1.0834651533811377,2.5914774067235093,0.4405257046381171,0.4009778212441776,-0.5570858907074534,-1.368545164250212,0
1.2024203174624664,-0.5204416932028122,2.301123286699574,0.29736266226693603,-4.82447196166932,0.4289817984911679,2.2709249339151887,1.2167204477003781,-3.887813452220987,-1.0529391812873548,-1.6912500369714956,-2.8721967818895333,1
0.7839755210966644,-2.3036831319438074,2.606663053346328,0.07582738628856034,-2.7901941361719302,0.7987444742962286,-1.6878903715807434,-2.1896698000772936,-3.222940399517764,0.15632841457658486,-0.18161914273669066,-0.8666745678413639,0
1.602373769022593,2.79094347806563,1.7283284223586337,5.3370378835881525,-0.9735727527516083,-1.6508363509369697,-2.923649251178721,-2.04174076936884,2.120292098947815,-2.2081740083547805,-0.8399819215154323,-1.860415341541346,1
-1.1424945248616043,-1.2267004430891761,0.028933761179342876,3.2694317414740004,-3.5070210259436316,5.441391575398841,0.5532171945548345,0.7498933542558963,-6.6630641659083105,-1.7355258989037259,0.6847445852411949,1.4257667616120202,0
-0.055641331387265104,3.4852559681747515,1.8750720355860024,7.097361958940675,-0.949584390998038,-1.3124497800515509,-4.071073665566837,0.38171681141180164,0.3472779284657856,-1.130403865724747,-1.4440206365677049,0.6354942134120046,0
0.303600873557206,-3.709935907096002,-0.20342812322822867,-5.269005268844064,1.3045337619481536,-1.111631199933532,2.119962237611138,0.749174430076065,0.35793849141679684,-0.1745534863618694,-0.3480132428564826,-0.7717658565649814,0
0.506209037087489,2.32306496150297,-0.3832002740932343,2.7525289745510544,0.6937500848563987,-1.4708856007575775,-2.6808324877927276,-0.017137865764424127,4.129252416561678,-1.3106032641483172,1.883348563393179,-0.2575188640486712,0
1.9354574168281642,-1.2041181012837208,2.085367705200057,3.2393780671692327,-4.663592747204252,0.7868425363732492,-2.715528601759358,0.5755119999527931,-3.724374316218355,-1.587505043986916,0.7969256747972004,0.7586803230985468,0
1.079557441439816,-2.0214325335772894,0.04029449152187925,-5.658064070563434,0.8422901594102719,-2.2666694105307235,2.2176328758501547,-2.750909074893897,1.547935722194002,0.9773278655670272,0.5762262597222694,-0.9308546682288665,0
-1.9603046025610025,-0.46219007438317217,1.1167553549281652,-3.3415892734823953,0.13503409677101064,-1.3363083979575014,1.0855152816588054,0.023597402608053788,0.17460724392830354,1.2036619200195258,1.9600868685439616,0.24856626949496885,0
0.1700581425705966,3.195601255977937,0.9813396173398896,5.910750887072115,-4.597482264874035,3.4709658790547646,-0.3507675797723322,-0.790826700169864,-3.3502856270134176,-1.7878470304947762,1.7965627210482689,-0.6070436006123068,0
-1.4193108704272401,2.0957190077057173,0.551101674109395,3.731569513808573,0.5459052656645904,-0.3137670537894024,-1.771638444424057,-1.3076542303524639,0.0384551661616764,-0.7226205099787688,0.12938681008976438,1.698156934827841,0
-0.5501555425439494,1.9567031568685453,-1.490103036614748,7.0819512947893815,-2.845453607994683,2.5971904698052306,-3.889656259655918,0.029129083208914493,1.7403429487514839,-3.5703834298811477,1.5113756656861632,-1.6152638969783015,1
-1.611840026174376,2.108518044554285,-1.8822659125324415,2.2360520105221955,-2.9653043937825303,1.8582687451969435,1.5506026149333056,-2.1532467853508077,-0.5395338501983362,-1.7607362101114972,2.412622676207771,0.3081284407024625,0
1.2217979140190325,0.18645552099495943,1.4810533446450558,2.400539775641049,-1.570181832087685,1.2348959807188014,-0.3204335366831994,-2.4952587630203187,-2.581933851081302,-1.8230384392894528,1.354322227229944,0.788886738652964,0
0.8720713195751505,1.3662525498914033,1.4250912276082555,0.5115592993783994,-3.171839653833132,3.4726777236273363,1.0299286143045605,0.6024363606826578,-3.5421903155983254,0.6985082510492671,4.0411674574632475,-0.09240805615465564,1
-0.48697771407143403,2.780513587205621,-0.3559111844599403,1.5298841556700484,-1.3437913318238692,-0.23174401991003957,1.2322768461661155,-1.2223581191698765,0.36137648812655004,-0.9667102151776144,2.328203786544001,0.778204348310734,0
0.663946732246896,-3.8355551996501425,-0.28404287579124166,-5.253529948531519,-1.46621052443346,0.13248271006097956,1.2254788178034945,-1.2351239711178155,0.29358130034220237,0.14511420854083035,1.411648215599963,-2.2470155168904995,0
-0.13756820839900627,-0.10150407543049156,0.3266637005245824,0.13601793442047266,-1.403055444830672,-1.3600466158594697,-0.5205660870075588,-0.07612393754384565,0.3986069843826677,-1.2618033026490858,2.035584401786519,0.9838420556697289,0
0.6019565914838184,-0.1985113885637264,0.31677168388120247,2.1765898465762414,0.966275649129738,-0.20706282293006173,-1.447988327148182,-0.5167076024739863,0.48870065837994137,-2.4152824631959287,0.9151669573267934,1.1031822632900055,0
0.693436172593078,-0.7790453574925811,0.5074552561649426,3.2037887555534312,-2.3465611029877,1.62089552106485,-0.860165692875404,-0.6968943825962564,-2.0564064399176525,-3.3511212031442192,0.9290050949007288,0.06797136957353023,1
-0.6758233365781535,-0.4512196396323036,1.3662468863496944,-3.5509250819523626,-2.5950413938928305,-1.8998746214632614,0.9086589145360385,0.017775517223947837,0.7345596672882387,1.1404293573844355,1.9191050432023482,-1.9346306329790508,0
1.0168438115911553,-1.2468662043851686,-0.3047946198799636,-0.9304531687616392,0.48176686879911856,0.5620592623189486,-0.6605387911851475,-0.49339946241156546,0.8564582423732637,0.6461986334136653,-1.3911181721619077,-1.9722522665721667,1
0.6964837344805164,3.0445037239749837,-0.03392898467537808,2.484852275822985,-0.9320773329157066,0.25855119842327123,-0.9319740776952865,-0.23645136260768196,2.02027590825709,-0.833546026521293,2.9742847291854493,-0.600470424715521,0
0.6384327502375065,1.1702422375762365,1.4840871514889027,-4.6884034036990645,1.5103381004546175,-2.8541975763836867,2.049523835208265,-0.8259739644146803,2.332897216199299,2.69999752698535,1.2028501420166848,-1.3121334985485915,0
-0.3853578857823323,1.4996150193332416,0.18357536848317413,0.5255962773814276,-3.0455937261500012,5.178798331691353,3.00535709834438,1.1007322134595932,-4.140658807822382,-0.09755409571810203,3.8626188864753974,-0.5930474956789713,1
-0.4704265618647362,-0.7493342397122857,2.3770035380869152,2.581218169976496,-1.1496327687132877,2.073611848037969,-0.41341381830189716,-0.5401484646758979,-2.554739944640986,-2.57729333830644,-0.17049852918612474,-1.9113709448243252,1
-1.960782313872306,2.837982415107817,-0.9769685294240984,-0.37096050152034954,0.3340781453902828,0.667056324898264,1.9155669274931375,0.3799079707702835,2.3260942756700387,-0.15630402942219834,3.0793195152054604,-1.1464847930429896,1
0.06832268358354207,0.1793804203066176,1.413528887996078,-0.7633776259978223,-1.9595210444052267,-1.4215764558918829,-0.6356660597152624,0.09460990500256046,-0.37868771624931585,0.6258157303540319,1.885357832569794,0.5550029640962939,0
-0.0945911205875122,-1.2363894047556303,3.450385345061264,1.604410732303963,-2.376177741833797,2.022482587893757,0.9950262854064309,-0.7657535193613318,-4.544054017111586,-3.235679461573568,1.507956190989646,-0.9741608056717375,1
-0.350771987821762,1.3933320159023663,-0.5123637480901564,0.9623389485961722,0.1708976716214834,-0.06465071190260208,-0.49179382892117096,-0.019079283334313,2.2693989639282544,-1.4742978044163009,3.041490671442021,-0.053917525299336466,0
0.8589698627242874,2.867203272045999,-2.039295556041956,0.020825051871592046,-2.9087300703876418,4.411326311821046,2.959444172599089,0.16440527266926352,-0.8230555892233091,0.45971056100378993,4.773623908058608,-1.0144392056139202,1
-0.6209795866666683,1.7885289108392208,4.043722415948064,3.0177376302286447,-1.3556994394238049,-2.4467833979889493,-1.4016683542912074,-0.5221531449744893,-1.9814661826216635,-0.06100112918598233,-1.6264133457900858,0.3023789813712079,1
-1.9165051260728019,-0.6026248487118644,1.7605435878774185,1.201724506653255,-2.231809349927917,-0.23119775613808824,-1.0753515912414486,-0.06448759802613528,-0.9065645229596664,-0.2713252235946604,-2.341733296212207,-2.788033655866599,1
0.30795370968839497,1.5860795018551133,3.5751650224166336,-0.8941133523724893,-0.9009083771414775,-0.16261911473523438,0.07120831408233275,0.5784321110040171,-3.158780200249943,3.189517655721338,1.907744770895943,1.423017161033047,0
-1.2766762284895399,-2.833484689437319,0.2055185982307861,-3.305130250958352,-0.8799529608771295,-3.8741423905471932,1.2727580598316062,-0.3339908949868428,0.6559247706535938,-1.0552061687023904,-1.9178855142915339,-0.3279755954727115,0
-0.48444292494016816,-3.0519529982428746,-1.8152693949251226,-7.125030476169959,-0.7273409932858733,0.6186730823073949,2.391988331233102,0.12393920919742925,1.4006650036255641,1.5118036344538952,3.2517396161739933,-1.5465458974102984,0
-1.1564530047910968,-0.9658397262160101,0.720368523860522,6.552297354366183,-0.7861124928032328,1.9692097842652267,-3.321886714452033,-2.041730470568916,-3.2974462384784493,-3.3878080624670504,-2.157755013920876,1.817588996969143,0
-1.533405297075243,-1.4041197056716923,2.1875790742067696,0.8420569305778246,-0.5211758387084269,2.4606245876325232,0.41804816997431915,0.43813454000841556,-4.191901939122433,-1.8276958671710113,2.1217566424010688,1.240564595679619,1
-1.4200786871775395,0.1051732776975649,1.4812734828945902,-5.034472716921177,-0.3619344438319346,-0.6795190852904159,2.70659398697871,-0.5268640298242208,0.8286722647485238,2.363763355392309,1.4110423506815173,-3.1526397491098974,0
0.33260222916278986,2.2282154378715697,0.9252679821752993,4.645050392417761,0.23937320172064913,-0.8781148616304288,-2.7752145087010014,0.14329422440711,0.03882726799657822,-0.5172713909345982,-0.8830351613867935,1.6714630932336858,0
-0.0342114819516237,-1.3884980872728376,3.7417241143288793,-0.3405364595175753,-1.5210641907666456,0.5697377432736139,-1.0665747257462277,0.03279093750894457,-2.7718799808097074,0.566988741423257,-0.04602537718316735,-1.746468861202957,0
-0.864641846033278,0.12585886932988588,0.01187214238994172,-3.7737424549644945,-0.7960881909865343,-0.430338708473906,1.1627603519424148,2.3820069540547926,-0.20181148625188872,2.2124045898645655,4.190309453689269,1.8423530468509455,0
2.0294835172827432,-1.2687050757416962,0.0014869246957358584,-3.815992432433583,-0.6685444860207661,-0.7463523491497837,1.2498918786840976,-1.8662465059836606,0.27916380299496935,1.0159398804285058,1.8980992178757878,-0.12223409647675454,0
-0.13916489472703497,2.687287543769425,2.6254094299555293,0.9894484032756502,-2.02823612420828,-0.5235539796276631,0.3536976388272841,-0.15116684814246387,-0.9452108685786093,0.18981654010508708,2.976514762403947,-0.12084285003299877,0
0.24814917036594006,-1.6574128571027145,1.2788197721899646,-4.210543142850866,-0.8537189525030422,1.9259265410241069,0.8224922197604418,0.9572286943474708,-1.794065307236237,2.701536406662701,2.5323689383270063,-1.0823678149566018,0
0.5756521687810814,1.7655955548240159,1.3229255137661495,-2.7396002810532245,1.1648030442006454,2.5047430507537403,3.5131950157549503,-1.9917898988537874,-2.7278881629463796,2.982436226261696,2.467143606800214,0.459287341057967,1
0.28696884407232337,1.8841030865543957,0.08435162584895639,0.136432179938633,1.237295248427202,-5.291749298865669,-0.034203459416965676,-0.5004458519526992,4.9810005481452455,-1.1623422135180486,-1.635836214957697,-1.243809118286126,1
-0.8314078940420421,2.0408487682203234,2.3411106254757823,4.013173834920172,-0.20969761245921037,-2.7322079489854136,-2.2742107436588994,0.9619846260211954,-1.224887723811235,0.01977185477346266,-2.113137082637138,2.4619113956325527,1
0.9214375321962147,-1.1305408683454945,1.18432697334156,1.5905635270938112,1.4709909752775454,1.3533623742253975,-2.033299645852474,-0.36221243121071944,-2.4608824502478166,0.012651848562539092,0.055459720927009015,2.5141639533277296,0
-0.457575580137147,4.301133143775765,-0.593709874962328,5.9574821025156695,-1.5858733277639359,0.4268844383995538,-1.5917673468440512,-0.6603582660287322,0.7805215005260281,-1.1530172905365346,0.32922401316596717,0.5117910474503009,0
-0.7378234494417371,-0.5699122625954809,-0.16807529837721868,-1.056190632759744,-1.8071850288303009,-5.148718268232179,0.007250002524154309,1.8795753732326748,1.4772975816551528,-1.298454786897377,-0.05644199976461595,2.0569769321714544,0
1.1344672014669968,1.973218108602409,-0.36486854396918633,-0.44471102995592093,-1.0228495081592086,-0.9646152318704775,0.5707760325533424,0.1411355749585703,1.7746244651802636,0.03766205801555622,3.076229229966771,0.20633315334188473,0
0.7308490312449591,-0.8584403682938445,0.5927023637938063,-4.700517238970181,-0.6374139123674027,-1.7478614992367403,2.0162143384324764,-0.5136698293354152,1.2548062370928914,1.4490255167904658,0.7300622304043125,-2.0925189249518805,0
-0.9728346969220935,-3.365252069896934,0.10811335253852095,-2.7828653526520974,-3.946937543852677,-0.5311791756171691,0.37806812536808976,0.10618994683332285,-0.7372142161386565,-0.7939860219027621,0.1095389688456827,-2.207029305031563,0
-1.4188238646154168,-0.021623534240162057,1.9575644383813797,1.6495858568598873,-1.0439700758079276,2.234107307848055,0.42743133184744975,-0.0738288519183745,-3.281704171623317,-0.8545810629072401,0.14922564622248236,-0.6157361336394596,1
1.3125236323755598,-0.15676363697037954,-2.7070972388718104,-2.0157144867932404,0.5812247615717612,0.44290771444250954,2.8063096911475283,-0.1760992190175741,-0.024476814975315057,-0.13099140208515592,1.1840254538907677,2.1235839767595697,1
-1.9652286334375033,2.231009930541231,0.5845859125024604,1.467494854894739,-1.1799261663160427,0.3617011034024571,-0.4556224216910514,1.590332877136586,-0.401486787406333,0.6870190745661613,1.9561954817831446,0.7660538631319873,0
2.3713884118044968,2.5696746174909246,-0.6767854676591356,3.3235360778851235,-0.6922036523392692,-0.23554590867009995,-0.6319038514359775,0.7840915323572938,1.343493637316873,-1.7278845804218324,1.3434401286417998,0.5893225250955066,0
-1.7936767703159386,0.6047138990753708,1.106092336800531,1.408663370499372,-1.2105473315570578,0.2194329838915443,-1.019037332848492,-0.7037519702595403,-0.9657126288869637,0.06725664756722338,0.4839844435914922,0.12379386253462354,1
-1.0948089390110958,1.7495099376927115,1.1427943827783968,2.196017189398689,-0.06286056178843824,-0.732807501957121,-0.243357163527524,0.0568508608139224,1.876962828481555,-1.6821136508089907,-0.7827290995090612,-2.9662789957596143,1
-0.36667119156534,-1.9333503022418124,-0.082865364472136,-3.26737834809023,-1.259396046836863,-0.19718860885174672,0.9835261182263216,0.8660020434494415,0.0470916518384283,0.17175942230694552,1.467551213358037,-0.9034491481668706,0
1.8717672325304635,-2.0557870294729765,0.7768287097725595,-3.1318646172070603,-2.199482767268483,-1.8668524781246214,0.751683816973671,1.2751659659216854,-0.054131889033938785,0.18992776480172036,-0.11528315488120366,-1.4094744089175348,0
2.225873994641135,-3.4556258236394757,0.8577809363356683,-8.380653782279559,0.45877006505652096,-0.11745941651474145,3.6902579536342555,-1.620557851583948,0.35147481400922376,2.2077933448066025,0.5240556477011047,-3.9238916580566294,0
-0.7022662965229312,-0.7016300268198477,-0.36517318871228466,1.3481512847000625,-0.05302606518404451,1.2037617239146245,-0.5563656588895902,0.12014293469334705,-1.0856361249886066,-1.6020713711312156,1.1845978209733181,1.5028863666549124,0
0.09317669145625515,-0.1780883995308975,-0.32566548150117924,6.091719555036434,-2.7695386569848726,1.9671339180255711,-1.0556767324278813,1.8745598823033993,-5.236558585022628,-2.291710907087989,-3.313015406835376,2.842570263741445,0
0.3138325377296287,-0.04651978681700886,1.6252825415443355,-1.1713739276537232,1.7251976885184463,-1.760123364470292,1.464264382884671,-0.452111778513465,-1.2422769087753955,0.8740937250059915,-2.347549963449368,0.714482198501869,1
0.1364561245539134,2.1229647914027527,0.9572064782797906,0.13847351696123714,-1.287498591185463,1.9527886981929594,2.327660756483715,-0.03473947649214176,-1.267401922979315,0.35496414577763025,1.4604258359153532,-1.9237693140151269,1
0.4984542066284024,2.0479551666264806,2.674728883895228,3.611123394227458,1.3642611148145418,-1.1275322247426551,-3.271361200683335,-0.37091028306101714,0.7568500242379411,-0.47251143955471264,0.7921289388002576,0.772920501837218,0
0.4657083954302965,2.1406142730336364,1.7357756002596187,4.567462528717249,-0.8078269438802141,-1.7392433840492867,-2.390779598174484,-0.3001884787053807,-0.41483107263090074,-1.0758702643734506,-0.911917210305369,1.3854318404281027,0
0.752812261230133,-0.4216949148590212,1.2702536360392929,6.396615840478379,-1.1584362707518905,3.0221874444996875,-2.586682309485633,0.04564998104308861,-4.5088011908273895,-2.7724473224585755,-1.4365977841332573,1.747405602982851,0
2.328746536307187,5.705573783826079,0.8038559143810013,6.090489052798884,-1.3180165797466783,-1.8756759566554395,-3.458632502465869,0.33332547412452,5.237333644296987,-1.95062490087306,2.4392250822653194,-2.27535764915736,0
-2.5104989269329225,1.5640044977502305,0.0957448563310177,1.7585345813843998,0.5338581628574963,-2.010177750231118,-0.611206422004974,0.05299508235910801,2.8610081126662434,-2.123211260324825,0.6472280607297878,-0.5356778866431219,1
-0.5110236481427795,1.0389122627092904,-0.46717236270363105,5.272804812127609,-1.7196032652653508,2.0395881869500316,-1.560366191862856,-1.441544340503133,-1.867466153624074,-2.3352871728831643,-0.18829535407098263,1.155731913582302,0
-0.8878313206638799,-1.6232424095994917,0.5940879948136026,-1.9431238094671923,-1.0239433302740113,-1.7874961040218138,1.2390309992859474,-1.0434288227294053,1.057719768391251,-1.301962469728279,-1.6024434429954737,-3.011013176813649,0
0.13429629253287215,-2.131789146313171,2.2524349784493767,3.32156217955489,-1.4322342235317413,2.539741311606108,-1.003664346909565,-0.2369052711908637,-7.588599183983088,-0.8028213057023554,-2.1138094294952,3.5249399169934184,0
0.7366700089445951,0.2583229828697411,0.41763115514502325,1.1318480868736802,2.327979803761076,1.614327436193269,-0.9801238211104333,0.5492875854874277,0.16962891943787536,-0.4903704190084862,1.2573330101733724,0.44343376025543946,1
-0.16151511047866174,1.2528329105943707,3.6264879576944313,2.665421721108645,-1.2456008833972727,-2.8866072935697504,-2.8524866679217924,0.5119304336014892,0.6286374430531029,-0.09692673008357444,-2.0088869295074483,-2.029195630050758,1
0.15837259821952235,-2.3837610389442005,1.2724157183901612,-5.952644632845778,0.26989193793865307,-0.5813809397852922,2.16121020871312,1.2067346945473039,0.022291660204729648,2.205619072008985,-0.14276230580339244,-2.7789174123605243,0
-2.206154738494992,0.7562302299168622,1.2597995858756086,3.6147510579665125,-0.022708656361787982,-1.0191636950573257,-2.2200584997662283,0.7798333457858768,-0.6444200002372583,-1.3731846753153176,-0.7757768609539266,1.5878796757836713,0
0.6371960065115271,-0.27789964754168694,0.09045204358221959,-7.099748964888461,3.911027787703264,-3.5675661455047583,3.975728836151414,0.5023647690671023,3.6713867698395277,1.9579034369002501,0.11287313914855324,-1.426295798601862,0
0.3089221190037326,1.5074803226228513,1.1843889074492462,3.406317614606887,-5.399661315448346,-0.3597128710446029,1.3163968208701848,-0.011643356541729358,-0.8586000301655078,-4.447726582441929,1.1037782337323632,-2.673356564016652,1
0.4940923521766662,-1.8825552542597066,0.6294122095443736,-5.160702031917063,-0.5321107465440031,-1.2796285279722994,2.2294823451093415,0.1281619265342776,1.035008282687648,1.1713751667706884,-0.25285059007578137,-3.1966648137610116,0
-1.433147143708417,-3.3602950868871155,1.4041825441690947,-4.06095413860514,-2.22880216618414,1.72787178108885,0.27506714992009884,-0.050903165868689614,-2.535364285553227,1.7476807242094035,1.341372713264192,-1.691353312059454,0
-1.8877690430940237,-1.653813173038737,1.1870645627408194,1.9648165218141749,-0.22972875996224829,1.2249991584675903,-0.7262379532440734,-1.733789563005421,-3.638179968778661,-1.7116241594941435,-0.38647941835005994,2.1942533110016815,0
1.1595956053722454,0.9210884097850882,1.7363689908510418,1.1467473516642501,0.39796281972609715,0.12761306784741266,0.60497280968271,-0.11482813840734012,0.4925965958890313,-3.234213317886969,3.625259040374873,-0.4587988310933453,1
1.7059379621914854,-0.8648660712273923,0.8277924467267915,-0.03254132036890729,-0.7583603335395018,0.8236534991276849,-1.0158366125698948,2.304084589934852,-0.5843654784583937,0.802033669725414,-1.171696494546641,-1.837966431897644,1
-1.2580281274245364,-0.04224517667095773,1.9443584463621217,0.5890809060217174,-1.1568676163590412,1.7946399563683442,1.349294683231945,0.4290574929496253,-1.989185430647227,-1.628658468436472,0.9472356526189961,-2.10399317487525,1
-0.6527225939509046,-0.8629255480710318,3.2533141824685328,5.506959099457558,-3.0453173847437975,3.380928591334851,-1.4766701969686684,2.0967886830928717,-8.606949270123229,-1.0775257863382548,-2.183217269377382,2.56167382397347,0
0.37904000614367755,0.1445486291250706,1.7655212798442101,-1.222727119114618,-1.4281469022112248,-0.49630184303808533,-0.9722959712799537,-0.29806419933950773,-0.9052152518804898,1.5901234512250535,2.810509349732895,0.94148820999599,0
-1.2122661535838473,3.2880948523422973,-0.012001310601561066,1.3214857292260676,-2.13079339536447,-1.6130041497656595,1.887395971672861,1.2009534968383093,-0.28859655315925004,-0.2768024696707536,1.1701379084779144,1.3673845289003368,0
0.11019017519209628,-0.10160129012189123,0.9967892333739717,-2.5704217214566416,-0.8159847413940358,-3.2117074328585153,0.48692852093808103,0.16360970123066992,1.0389349072430907,0.4715020025143646,1.692088916343273,0.7828714852139289,0
-0.07964197614885578,1.0771556863346556,0.6859414927628588,-0.1966612754932702,0.003895419791606125,-4.2529515569177025,0.06009425430356918,-0.5863079938546603,2.2105069624661335,-0.733701842849616,-0.28997988716621603,0.6051481639770371,0
-0.45089425649882703,-0.7882799638961409,0.32207806171479325,1.7798998359268128,1.7794524352770367,0.9223070963771777,-1.8704706577882928,-0.7996592545864684,-0.833679153854361,-1.003751677599227,0.5582310216355073,2.1428484066216953,0
1.392099923853944,0.5014366050984588,1.154733184054583,1.4229287689924486,-0.6150996821589698,0.7131969673385321,0.3836909496827283,1.1887492013351155,0.4539717965249528,-1.966917586456974,-0.2845341970901212,-3.221932120088303,1
-1.2198799621115965,-1.3762367596221057,1.1615909060297245,-2.0879910356779234,-1.5204824885248558,-0.1754875034679816,-0.09898252173288302,0.17947805454092836,-0.7718187520274145,0.6125407423472291,1.4420250377181338,-0.610193598043788,0
-0.2833163635054528,-4.41613766864735,-0.013124066984118832,-5.408539042477498,-1.2051344695102095,1.7563683478886785,2.4545407193772584,-0.7066980367297241,-1.5293940361780893,0.7385380887164092,-1.111193267494762,-3.7111052229818915,0
-1.020327478798285,0.2949935741786245,-0.2951379068870179,0.10845085568507448,0.13886960675893945,1.200268747753909,0.3893192014300373,0.7548103721607259,-0.9270020728953792,-0.22463915861682815,2.2271431881018953,1.6381332257578736,0
1.4969351933522363,2.4675899813192546,2.625549571905921,8.142742372211002,1.0020571631704276,-0.8728572537469865,-6.170351486990642,0.8068851790599488,0.6774724309416794,-1.7280921023577493,-1.784774323743291,0.7711290359786782,0
-0.7392985252116535,-0.537068580517795,3.121909647798131,-0.013558239332254144,-3.0949468151639,-0.7285583794635593,-0.8167381343765932,0.6938722421826744,-1.318933708723344,0.1872675785166481,-0.6060167190374472,-2.966308379725941,0
0.34920374849605346,0.6411704624293957,3.026775023481275,-0.1056581182829539,0.31348865567263173,-1.4589276651206036,1.0586512746855117,-1.6611671474290166,-3.3493863885996635,1.7101985698871038,-2.451617423085378,1.26075489593675,1
2.059575033649011,0.20402094770612333,3.273969723705804,0.7768840435684737,-1.2923919611352217,-1.6108974519418044,1.059842501196275,-1.1165749719325908,-2.7678312734584387,-0.7089093385582066,-1.929484962769449,-0.4765027782680602,1
-0.12333582001239021,-0.7473930854044517,1.9376833639037156,2.4998035067503874,0.9786625924212078,0.5218095204781792,-1.530311708185251,-2.5242672760940006,-0.5996932375474147,-2.8252380347260457,0.28991407724286944,-0.37563732781201176,1
-1.011477712896341,-0.19743517536665123,2.999736056251934,3.0450583172105983,-2.150444997105409,1.497535539195828,-0.002737228683197257,0.5896828671119146,-3.7041876498731314,-3.0979241944214486,1.1058548266537442,-0.34783454814468606,1
1.002899641566221,3.748355497364627,0.33453467704125717,-0.9714660585005197,-3.736729013411365,2.662257225727572,4.848644709583891,0.24195556135039167,-3.562824117025148,2.329937831288894,2.7646746596958165,-0.45786489573274103,1
0.3162958835290532,0.7819006168489739,0.5987608458048254,3.2765156289528274,-2.391495801255018,-0.2975282872645182,-0.33470996914014906,-1.26459637594435,-1.931989112324838,-2.001378063884841,-0.35196537316587984,1.1647672499765465,0
-1.0750033993093993,3.008323585721928,2.922843645195967,7.366756076998671,-1.695641681385693,0.005209636105222626,-3.3795863480364883,0.3996498949196314,-2.943378269478697,-0.6685294953251796,-1.979111121775218,1.485926368840882,0
-0.1564412537843011,2.668655937403426,1.0185962709485437,5.785263936414549,-1.2098073760862924,-0.5481557074480021,-2.5578823119002525,-0.30952507134218415,-0.387588814725311,-1.4489256145376976,-0.8357124412700871,0.9867670715666855,0
-0.6776529954618252,4.444442964813195,-0.31019352437740944,2.6319247186712595,-0.046239209182261765,-2.6228439583228553,-1.5021215627467437,1.7758863471172117,4.464958440850493,-0.1909200660021806,1.9207436426169384,-0.12123019649225664,0
-0.03235705612735911,-0.07894466464232452,0.33121538790886074,-2.7253254752466733,-0.8081614329762086,-1.1073280825429996,0.5272115503191195,0.08924963244676332,0.6576615772268402,1.2557299434813216,2.3549712082183687,0.24275247466748695,0
0.2720597770728119,-1.3577630141319523,0.7873798130231461,4.582590133497021,1.3592227178174325,1.2722582026981724,-3.2374662593724763,1.0019298841450193,-3.07234942773907,-1.5471824523555249,-2.3367918698568424,3.1756288649723943,0
-0.7212364599263147,-0.4431367856536115,-1.3594921764497,5.535052023391889,-4.806114007876767,3.58965105313221,0.8809264676970354,1.7608785350769458,-7.021588475746999,-2.601305582404354,-2.544972983063881,2.9017607446547116,0
0.39330760856736724,3.2071505629209285,1.0242358901498234,6.5612174653392366,0.3633957720008183,-3.079742004432735,-1.5381236896739714,-0.2577896194991118,2.2231406264958875,-3.9134811695145544,-3.296076462311424,-0.784804641509022,1
-0.5327726205471932,2.4410808660391092,0.6476375296395733,3.48573597280589,-0.06451526266161067,1.6006570523026635,-3.036777512135058,-0.47852287752972966,1.6636870568065152,-0.3368055818710084,2.883039810233794,-0.8064324172219204,0
0.7741285376314719,-2.158187418710396,1.2220701047322031,-1.2869079957860625,-2.317530952564641,0.2583524360693994,0.09077218632355921,-0.8085593897379021,-1.629506126008173,-0.5045443226457964,0.07124270774347186,-1.465247265755827,0
-0.9660173722143136,2.0524459568190223,-1.8893278561784173,3.139028609051539,-1.5507368683439342,-0.004741242819480629,0.2787166765340072,-1.4547572203214676,0.8838274029588536,-2.281743581837067,0.8909444888903718,0.956495443109811,0
-0.3331657852991763,-0.3653911554115207,0.18720280295795166,-4.8702921554009,-0.5547411209712144,-1.7386086339530378,2.548012009468734,-1.9749518706853113,1.9264254692133902,1.3762357709803494,0.92829367242836,-2.573314466549599,0
-0.822336748605056,0.7167805225291712,2.513469560402073,2.086286878991859,0.9328617431632027,-0.48723696447088183,-2.9472757178460194,-0.584410441428558,0.33075960584398295,0.7765756896964926,-1.167678532352411,-1.0913159854523267,1
-0.5155015885287222,-2.4504122716511523,-1.8647082748199018,-5.887223010445981,1.5559822999881594,-6.232787013366166,2.0451883512348235,-0.47050820541917526,5.208551649800366,-0.9551961334024064,-0.9489757777975509,-0.2688987045163087,0
0.5177754086962183,2.0416273023037443,2.1296120787328388,2.2375467503273416,-0.2515271306013839,0.7194404768758766,-1.987622316759107,-0.8000130903588923,-0.0442720181207837,0.22466500260476785,2.6345054258372427,-0.10786200564807769,0
0.04695093034207254,2.1711288173583703,-0.42262022003014166,5.003211289207231,-0.9477297903071196,-0.2710045366491649,-0.10061041220094569,-1.300626259144963,1.421511620056042,-3.980478678348212,-1.4664604878869014,-1.8101577658602865,1
1.032382670530824,1.9977325158163182,0.9365523936389469,5.588937518742129,-0.24817803322910448,1.0427098336482368,-2.8398269227054214,-0.30828588007021696,-1.1644677720826764,-1.066692271422308,-0.4341851980201896,1.3256254467135835,0
0.8425106885723029,0.15870914425376603,2.245342672739067,0.5453282293157173,-0.25361876247348525,-2.7323523045359828,-0.6324999675538217,0.662319591243876,-0.047250613813714246,-1.052347717019802,0.030889463215714064,0.6182176621904663,0
0.8859346089891449,1.5413710785836194,1.3680944284494478,0.16098009883949807,-2.6897099956320654,0.6801726656483633,2.6390370112570207,-0.5505690112281861,-2.2614822334716242,-0.26039276623445684,0.7100414826018059,-1.2954853999675615,1
0.027873962769991385,-4.94187847675013,0.6808956508070314,-3.519011656494383,-2.719229758499065,1.6349784501342106,0.3843339788104234,0.19944302356329688,-2.107047044844422,-0.32414352000974955,-0.7246112425641731,-3.305972465105085,0
0.14656566052564457,-0.17345157142687606,-0.39941617247311534,0.7908776779726165,-3.7318768169468544,-2.0641734214312155,1.1236865593468437,1.813180951912765,2.8390759869149353,-3.328531851575784,-2.8714500338835673,-6.0006546718635185,1
-1.5763515620649449,0.6031218417293476,2.875888429370998,3.853161867017554,-3.035158188342588,1.8544454619269324,-0.4156734196210561,1.1010648035691328,-5.90908865314937,-0.7512435358170175,-0.2661582529223001,1.6286105476868054,0
-0.0212484973470538,2.0017832460232787,2.657170471985856,-1.6204320814764972,-1.058801066393293,-2.74493290323573,0.5041631268319273,1.3699019220049313,0.8227089261882529,1.7010970953351572,1.5774884117566348,-0.9070800810205709,0
2.1343187895038347,2.6169809272039237,2.733693922749418,3.298208468243834,-2.0719015114719204,0.4467745782057264,-1.6508356835359999,-0.6620588874550424,-0.6283807271538158,-0.6908467190416965,2.5693212753522756,-0.8513288059844184,0
-0.38711268915944436,-1.2401532930971277,0.6465564767868797,-6.318337491350848,-0.6090626653163294,0.21746764066941005,2.513657841266768,0.2945372333461111,0.6091509335449493,2.953813202882139,1.7888411512636704,-3.097736122179074,0
0.09512438206940813,2.8030789725188594,3.2078013274552863,6.019162749476442,0.17008406068927484,-0.32757724523988907,-4.314594936745944,-0.9519021788929979,-0.05660089998588521,-0.8867730895623087,0.22542918348815377,0.24072216122023837,0
0.8024281411279928,0.17854286149776566,0.20724279652817557,0.3825288340992303,-1.6069929203787214,1.8060546205544172,1.1977391624390368,-0.12778064352921134,-2.568035611318669,-0.6114280304441287,2.126071639438881,1.1578088273773326,0
-1.0689090767763776,1.8228205709343381,1.2754611105425113,2.480507103405514,0.32598813098908463,1.2729588379456978,-1.5115085657036846,-0.9125424151310859,0.3386160353790007,-0.848844193350217,2.8778174231389446,-0.029943839563536523,0
-0.40369041645396864,3.279114584340445,1.015788971261463,7.016746104881752,-0.9010737457872057,0.4440115946374432,-3.699410950146747,0.07913294782112165,0.12232704630592639,-1.3126155863679092,-0.5226081842210883,0.4093523381855295,0
0.696419502016403,0.6779154292437322,-0.5730671548036381,-2.501743531142839,-0.16148093761196713,-0.9916265444103259,1.8341570931937263,0.21583549076480887,2.32792505240292,-0.2898413933952595,2.660300838637434,-1.0663161468565998,0
-1.2608649816054365,0.8847874693672894,-1.8990473129731602,2.7874181157418327,-1.899883665282537,2.437639189050272,0.02157916204012711,0.06833152810523345,-1.4609941220247018,-1.1039793466679553,0.8718040952827186,1.3069781730342473,0
-1.608449832449973,2.935532442033355,0.3388793111578057,2.1401825378430765,-0.8976162421976314,1.252442460759422,-1.072121617415045,0.9153914721305275,1.4123677182421952,-0.17046922257878083,3.6534354284623385,-0.7641783554394599,0
-0.2627433440025613,-0.0031121370016173877,-0.28208070826272214,3.5871152415183505,-1.491480693983027,2.0667107644077647,-0.6501502575475375,0.5088603035795521,-2.552355918278551,-2.113716872734476,0.05024952247547154,1.354963075892708,0
-0.04154437581118577,2.381419628617504,1.6240356301550114,-2.867771466227372,-0.36496843153938907,-0.5594919066281063,0.928771773825267,1.8742159307023503,2.604997751661323,1.0311486381453396,6.564473562177082,-1.4170891738467568,0
0.1803968790947478,2.925181234806396,-1.428306787552494,0.34606513066873673,-2.1923285405313235,2.2029916939165997,2.206933999905328,0.8824980946003346,0.18478090994700389,0.54394803903745,2.6685839523705557,-1.1603443528913358,1
0.027943179097333903,-2.1474924386271024,-0.7371471446056173,-5.751245498402442,1.9103103517834685,-5.3897923167268225,2.4748554579436743,-0.8261287337908645,3.317621143950259,-0.3990911548136884,-0.47942665101932036,0.6160858173961099,0
0.024732679929617495,-0.6494381909205795,2.740402266407039,3.544126133945661,-0.20201809397701131,2.9404027682663187,-1.4250173705652003,-1.7311406496215733,-3.6368210598994883,-3.1313290138064667,2.706861516228345,1.1353045713613765,1
0.1567397766285163,-3.6197651538441837,1.0015438347307648,-6.923443871838611,-0.6440821560111827,0.006628880859434805,2.61808090634171,0.21822642281514196,-0.25640528429888115,1.927494555624276,-0.454163164326153,-4.05398670935706,0
0.8913919949797798,0.5602758103251395,0.37528352863680625,3.125616124155162,-1.6663781107362547,1.1178401460707803,-0.8937478992794975,-1.26045969343601,-1.7722710640234351,-1.5658309506428676,0.5180222515447193,0.8962638037693396,0
1.3095524369166514,0.08455059466224812,-4.628450018098988,-1.3951382199584146,-1.2249307044585036,-2.5208656541112457,2.2088020715983996,0.9165802786123004,7.5985946427464,-3.8494165282596167,-0.7603458431501315,-5.247749302202961,1
-0.14650379900797666,-0.07505701230047046,0.2600002552925881,-7.373937757503172,2.595475437909312,-1.9136257067067657,4.116679650832149,-0.2903539798937573,1.8241353937518017,3.0308612598442353,1.9917363631242897,-0.5414491833842051,0
-1.2949543852562708,2.2036243108650693,1.6975474893343725,4.485119657384903,1.2818781066704061,-1.270984708483665,-4.322818623602508,-0.19490564076809352,2.935147185171281,-1.519157588266732,1.1211114619509976,-0.3005127738580735,0
1.3050964529439435,1.8776953425113634,1.9070929895374964,-2.7254165087482063,1.6302488114187574,-3.8691080377194207,1.6338326236512692,0.24865850582225404,1.909551401997264,1.5618231672465466,0.6579307274273974,0.12439357302533693,0
-0.367460638941127,2.1945669824913456,0.29539602449662805,4.781725673874253,0.8223704382246468,-0.8255171354510202,-3.4017290136963902,0.2231577936222292,2.316588937720577,-1.7533215461376814,0.3646354363488422,0.5149501021600171,0
1.8562595597667666,-1.8710985021037034,-0.4708980342426494,-3.2121586682861176,-1.7068400757571562,-1.2980852891193453,1.1664426973509296,0.3488069422553456,-0.29562615600233055,0.46067245456476635,0.45711330635310254,0.2236721666503787,0
0.8140414760866387,0.7518193615071906,3.213305700342591,-2.8963323530081246,-0.31927738863031085,-0.10963077623799111,1.3739316556947563,0.24006960987651982,-0.6557678814978573,2.5965427764659665,0.659562678998276,-3.0591464402045725,0
0.8816649592159129,0.5346433870870215,2.6939393788467276,4.019090215034348,0.39227329943428924,2.1906921407557296,-2.4868414646198995,-0.9555299512476345,-5.002328101107115,1.1986803370466799,-1.288440994848728,2.848685038569771,1
-0.9029289937681315,-1.4765861114526577,-1.2473919883484612,-5.947193755888227,2.165875160437783,-1.0632844366049636,3.3917167493013873,-1.3755788384936218,1.9093698462930064,0.47804743097550906,2.3783515948495078,0.1774055146267406,0
0.6293583380269127,1.9515169950371005,3.931460869574898,2.19209650567572,1.1792933947545254,-0.2769071658177158,-3.158320840551704,1.9200717770703817,0.7027850477683585,0.08079483067778637,3.1295637948181416,-0.39375941333295783,0
-0.050120767388337886,-0.4294271465557169,3.794037947296549,4.738895839729975,-0.6509968360380411,2.12770949283043,-2.88903319215742,0.6305856201324518,-5.76861504403697,-0.4945068246104938,-1.1529340607271066,2.155469964252032,0
-0.5816190934412127,1.4528243872715896,2.7081164179989003,3.3345759532342893,-1.2314757567528931,2.037396525274537,-1.0640087006014076,0.9561661455226199,-3.9871112747850916,0.12317941166350521,1.0889704231417456,1.3638092958511838,0
-0.6269904222565758,-0.13250160598845873,0.4987721085122302,0.10412987976354557,-1.9756313845593145,2.0980810274258315,1.213242310554992,0.7416156608084409,-3.325745396525246,-0.23518110683715998,2.147394285760002,1.2660737502037638,0
-2.2538222076583954,0.8550204603308396,1.618326590141419,-1.9036242318464334,-0.4488304818010497,-3.032458510222475,0.9764437819768086,-2.644695894209412,1.0964004676135886,0.8099381042626862,0.07745209546656562,-0.8313310626802974,0
1.4472031763635984,0.6559335454416739,-1.6210848774067177,1.8942070084881024,-0.14683927120630458,0.837333016209011,-0.4121364312146245,-0.6345673781651082,0.9183336373889524,-1.8807490456183134,1.6679546063917763,0.995220440048038,0
0.8506290143028479,1.6165800468819196,1.4771811672034874,4.348568848232876,-3.4345854701291474,-1.8060220516721284,-1.8224046508993044,-0.7683972086562905,1.7996071419529174,-2.993845645985886,-1.7217960937321335,-3.9519584416754796,1
-0.6008163397296871,0.22247027333793445,-0.20656111679623623,0.7499382404940237,-2.977950072834834,2.669416432363076,1.9605078340055844,0.985851546457993,-1.3133484598178906,-2.640856795090804,2.9277138962749722,-1.8123040825247432,1
0.8824420425414808,-0.05803922593799071,1.6620053841941913,-0.07656644373460025,-1.6326270253537132,1.9028317109450232,0.7030454735836043,1.4598878109140747,-3.5646642009995566,0.9337362284207993,0.9545787471153366,0.2989433387963647,1
-0.9557838496448232,2.0630929472142916,2.7575699860194707,0.14074897811904796,-2.3165726864439566,-2.3593540237024357,-0.28128733701035125,0.8653618474219742,-0.5631445079769162,1.0485933451005867,1.7285985677475466,0.3120248241232224,0
-0.523725345284531,-0.21407259261756706,1.8057349978531563,-1.0334741747927045,0.8870709006326134,-2.9084621394104837,0.09186304531039569,1.0909663438521908,2.0390985094929666,0.04591352863720477,-3.20455758859073,-3.2972356701411227,1
-0.34612158589661507,1.851186121268919,3.337846014561426,1.52696402740821,-1.8129148988405348,0.6071552283345132,-0.1619611092901322,0.5753028473096654,-2.6977726726207654,0.25883967746708914,2.4692675952005008,0.292375689174726,0
-0.6464393632195424,-0.9506265722723883,0.7036007118092413,-2.9965859395002274,0.7337719663065787,-2.504927395411501,1.54694394015555,-0.8292054592500906,1.4764161239394804,-0.41698881093175566,-0.07196678243835675,-1.0149191271501172,0
-1.1176206794016557,-4.838474706966922,1.7366804103185163,0.9824871451615294,-1.3651976147715923,5.469932955516873,0.04996434136088235,-0.7769889987336995,-8.568842226910588,-1.9191549379377641,0.36468813773759645,2.5545951652313637,0
-1.6823269295192493,2.414245350852755,4.02773341633554,0.0076108100232717985,0.09476603090083269,1.525408326598285,0.2269942429124674,0.30393236170900073,-2.276192422420983,2.5678928563028487,2.059112985267894,-1.1730351282577383,0
0.8540570027803458,-0.09001489227971882,0.4972707359556203,0.33820649721760987,3.129582707552286,2.6815405371578014,-0.7671729621628174,1.9119105538189725,-1.2343304391131475,-0.5669857254967757,4.868512065065519,3.5590755844779185,1
-1.238696160966961,2.4811931951620356,0.8071090403436513,5.1117187733360305,-3.569174671848605,1.6863378144254457,-0.5607218823583182,0.22238685882596673,-3.0834079106977,-1.2323020313090682,0.1989989491311831,0.6951128781411889,0
1.2662289888956537,2.2903647752054312,2.657360678046304,5.134097794812796,-0.7817526774118297,-1.1880573165289174,-2.272375414588148,-2.566019317705698,-1.898003025359632,-0.9009679202175007,-1.1895762233260498,1.73331007216553,0
2.098144666182038,0.357350800703067,1.677945423326214,2.1833862725362945,-1.3076074492612193,2.32783564687852,-1.4128142986432974,-0.9300217668587681,-2.2172928580399676,-0.5637628421005763,2.2655757235215375,0.18154249635027864,0
0.028467740316275865,-2.5093379771471653,1.6479001308614503,-1.4258628377518645,-4.721821318561525,1.8457271474419583,-0.8693349681119398,0.4750740590131374,-1.740524971896287,0.2554426148072506,0.6955837280741413,-4.246995738196101,0
0.2166173946067965,-3.28884369103346,0.3037293828802967,-7.5351201995286035,-1.4909793284833333,2.5694979726602063,2.7828222524554933,0.8436625019662545,-0.815239901771121,2.7602852351494116,2.6452916796354167,-3.9520143817502222,0
-0.3614543907226944,-1.2884950050506063,1.3516822555919412,4.380672257512309,-0.32192825798292024,2.0955971352272424,-3.390387225712356,1.8011908268320245,-2.03866165528129,-2.6465870894594605,0.09353331731263581,0.6175399134193074,0
0.34849192348425,1.7369471306345408,3.862636131715371,4.454041535258249,-1.615540642182196,1.1403226098034507,-2.270047340684913,1.6960224968014541,-3.8846818214161933,0.005666307730273434,0.34459306052432315,0.9146624858959156,0
-1.8230758408783996,0.40858184950280607,4.663947610284243,3.826354049372563,-0.6555170750677138,-2.636070784380395,-1.0785819328739934,1.3903778099680617,-1.3923864455444617,-3.8175087875532587,-1.5390668436959407,-0.9967214174964905,1
-2.7242557651830555,2.495206684321693,3.2434666505207663,3.229604420592805,-2.168630971224487,0.4353317357236839,-2.2509714230660713,0.8026487422627034,-2.6782728346441425,0.6556758801877667,3.2484142140174903,2.0624655530927085,0
1.076510068837464,3.3569703090965537,-1.6074677118553842,2.894931646708307,-2.791571192794323,1.548000379447353,0.9128139721712996,-0.48298035784828613,0.2794423705872271,-1.0578654046571705,2.5613545704507077,0.03649586203394162,0
-0.6606160837738955,1.235685024747818,0.5964974284845752,2.5896076454985604,-4.318135952446557,-1.0413028197142953,0.09776664420246206,0.706671297361029,-0.7736082686536605,-2.110519983883674,0.3005996881308104,-0.6947334949622572,1
0.03047358748026943,-3.1435957479157266,1.2577308558735527,-3.880796502633323,-0.3655031469511183,0.208169236857763,1.0442601216797605,0.6917336699985505,-0.646937180129036,0.24566473057398808,-0.21387829710048956,-2.613507112623317,0
-0.6725499721197709,-3.6521839142175927,-0.7484748641676442,-4.4711370055718485,-2.35258796339018,-2.769714585174066,1.071134470990783,0.005586523900651982,0.8518532525557966,-0.6190462460152986,-0.36701592800063176,-0.9128701845274174,0
0.36303537368565764,1.2005216812591561,-0.6115872803454978,6.065263705842752,-0.6069953490909823,1.0328931868408382,-3.320828948138211,-1.5404851656898342,0.5967132216053015,-2.881084060096502,-0.33429469278332236,0.48618372561695933,0
-0.5852893689839276,-0.8231998545862831,-0.41581457917569975,-6.470992347204343,0.7990859930026235,-1.0591098111403063,3.2732880542312115,1.5661352600167522,0.461240611960678,2.798764551857431,2.2463330308885965,0.5192497754078353,0
0.07526796113275865,1.726778794665496,-1.1566911637582136,4.817078212952109,-1.3009130539913931,0.2323606102958281,-1.3483217124266105,-0.5938110721198407,1.0377903539352762,-3.221047469025335,0.3566908652361719,0.34306908751061527,0
-0.5943831627776233,-0.7192005809705151,0.2272551075618059,4.6007941967140455,-2.0673579973488048,2.4495258156868345,-0.8472466942332009,1.680906006263177,-4.648266347355813,-2.435823667978924,-1.291519036069631,2.1711918411870537,0
-0.8802613866964073,-1.132750086557842,0.18723299999209575,-3.4192876633347167,0.21749050806216985,-2.890408772249145,1.4900748618972195,-1.1231127500872773,1.426843211733336,0.06977784542307153,-0.125500412537495,-0.36744262569978126,0
-0.22951704544755033,-2.594865076139331,-0.28127886185774154,-2.4466874167722774,-1.57026895724218,-2.134088298336942,0.5991301697486225,-1.7369636996499809,0.7502543115939736,-1.4043720440654273,-0.3213854513334198,-0.8107265554719569,0
1.1292326322949855,1.0093661812629255,0.5110023466630917,-1.5064409034003095,1.4316456288691408,-4.229199797795024,0.9913018156128206,-0.1396128212039308,1.9078072518135594,-0.19835441510832497,0.6438365080183847,2.101686397754867,0
-0.29265464542400177,1.1108015355601017,1.305320229648446,2.979705706110472,-1.552328962417182,0.7523998808847154,-0.5844319303700469,-0.1966067993058349,-2.2398912570440035,-1.1255795540351667,0.700520314028772,1.0439135746582446,0
-0.9886950888661131,0.7653342619562465,-0.11638221899045731,1.5057586023634324,-4.027276022558949,2.5268216137963595,2.2662212345745982,-0.9566787567872328,-3.845248781339497,-1.5264600537777653,2.116969781226498,0.6912319439586267,0
0.6987159479012697,-2.065218026048361,0.47875527646485716,-5.930883408005303,-0.6659350445973804,-2.0666612385061915,1.5596593592317984,-0.247187987203462,0.6771780064361291,2.136675543768848,1.1941470095878124,-0.7220767970580606,0
1.9991802316030114,3.644494845719185,-1.0835264719560422,3.8401870553702357,-0.3596427262684174,-2.0728614300869697,-1.1403576783285794,0.5737939631215088,2.1888686653934384,-0.5948616218191158,-0.3423442196467723,1.5732614652917174,0
0.2637623455267595,2.9762734749278428,-3.7525136973810156,5.591180714865993,2.2618112237788344,-2.2396495298275916,-3.631466719602195,-0.3122697261051138,7.082748510247444,-3.2654971498922714,-0.45126365494699816,0.6461260247747777,0
-0.03787655513490795,0.4569111983637254,4.460594688082491,0.7405158438809484,-0.0034718712540042773,-1.044247051646432,-1.8275491913532615,0.36918649116779395,-4.260299423593892,2.9985984642322547,-0.9388926489927005,2.5929153026266634,1
1.0501643008239092,-0.49755039301732995,1.4431194998524326,-2.523067912736391,-1.7565258387362876,-0.12265952446278505,0.35347894114609435,-0.39705943711480085,-1.5560332421374685,2.1405565467429053,1.6503308321680172,0.06483695255121291,0
0.6538304914118229,-0.46125352145434584,-0.368066240511872,-0.8925559247042361,-1.293806058296729,-3.9522476996462013,-0.645657363574666,1.0642094181054205,5.863984427393742,-1.6036059045012203,-3.2165195469335326,-6.250380146468917,1
1.1689335590629861,1.4491957738098669,0.18314712687910994,3.675900763213248,-0.42081915802507197,-2.0847377191851275,-1.7342911006534203,1.5327577780189803,0.8802442578034022,-1.3970069832120373,-2.058268920899892,0.7106728309840391,1
0.958884874180429,0.5332473963624944,0.6136136467316253,-9.307646121239438,2.1493792742888553,-1.437000700241195,5.435065937904032,-0.5789459664509126,2.8885386169685225,4.672595107466327,1.2862835610686223,-4.229962832174721,0
-1.4758388959129554,-0.9888586277466479,2.11780578190526,-3.685754826940399,0.2015005282621698,0.8934696108591376,1.4910998507536637,1.2694451005266152,-1.3150787920300646,2.0003239072902836,1.1742232954466003,-1.8576235624442954,0
1.251657771327575,1.4113762286227263,-0.3178390575033605,4.420086814452994,1.4572582564173957,1.7077738202246397,-2.031367942914761,0.9455254274099129,1.2319113284374812,-1.8071497693249823,-0.9073508222320806,-1.1181639641117664,1
-0.37752010065064834,-0.8793034287955737,1.0867713259366873,-0.7450744747982978,-1.2946207729674495,1.2972042423570174,0.34126095151590863,-0.8991690931014306,-3.445682225713245,1.5989277608590569,-0.1994827958765114,0.9003059834191813,1
-0.5321204245466145,-0.13969813232170614,2.1437559248464146,5.4415163841415595,1.932023817836261,-0.10615103144567106,-3.238425134115408,-0.7925406856634971,-2.2513039997330724,-2.3693512747823595,-2.1251558159335295,2.7728073409370353,0
2.050029267686663,-0.5325194263780071,0.30643180765177125,-5.929434340079397,-0.4895615772208354,-0.0209302416398095,2.361348264110166,0.5775191696566581,1.770890806347101,2.472884789230427,2.698316732158445,-3.2298504369157537,0
-1.4654861843628,0.28960100744189077,0.7871099234367731,2.958749245791497,-3.3848432523302945,3.085117684149859,0.4229569504183468,-0.18724723337403998,-4.4898731756197865,-1.4571886798059517,1.1758145258615267,0.7534825122241942,0
0.2524355221210335,0.09388608844657287,1.2249465317432062,-3.2245806541172537,1.1103281971445105,-1.219056553787788,1.1520792068700694,-0.6380933801034687,-0.09051329281389753,1.8686743944910411,1.9229321614604102,1.0994483259072805,0
-0.2652963209904888,0.6264898036776219,-0.041946629221405685,3.729689554938561,-3.2087344612343816,2.016760053582777,-0.4281046828630428,1.0859565270939333,-1.466779500937004,-3.7401930682168363,3.0650376488866775,0.2818570252473829,1
0.6902777960348055,0.7526446793927583,2.8463318923815955,1.896346828311379,-2.7558042530872475,-0.21848326968723042,0.59462687374171,0.8906543940852647,-3.568410510964469,-0.5470465655330181,-0.9617851825287663,-0.270150146385575,1
-0.6861265993793139,-3.53307790661811,0.17133820405779598,-4.1714384779036395,-1.2228912953701534,1.360059348518826,1.4705840591338724,-0.30014658346353745,-1.705283797054728,0.5628924095947698,0.4455487050104122,-1.599623769222407,0
-0.043652291100892325,0.6834384330684489,1.4065417707819434,4.198453380718861,-2.2587377794670314,3.1140705804136086,-1.867309055965608,0.7856083813755256,-2.4470613245341637,-1.187678395996607,0.3614112432253227,-1.2836837580568168,1
0.5915689004907176,6.912194899530214,1.5636621647643927,3.2395953598340808,-1.573139373160584,-1.7233521126916505,-2.1023374575223945,0.4814763622356322,4.843943314025809,1.1575099947872869,4.484096397629461,-2.255998341406587,0
-0.2405845624529643,1.245309190540473,2.0622060276553302,5.271238709187531,-0.5967382792673139,-0.0700411202577732,-2.3057445445387232,0.06379433604062225,-1.7293066975868974,-1.4022339531303678,-2.774991713322607,-0.024194355441277016,1
-1.1657429157321637,0.3293832330467077,1.5719012864010917,0.8842262818591148,1.2936511666400192,0.28420485143882557,-1.1572582082998895,1.19116842595064,-1.4909139576986115,0.5966882563337585,0.9615151034214248,2.1237685678745972,0
0.5524935849203709,1.2267825131207215,1.6544289922995814,-2.4144042277186832,-0.4532937123309493,-2.060995650025902,0.5433900267632052,0.06606948044639116,1.3189881285791434,1.7428650751812969,1.8754233286121167,-0.8899924864177496,0
-1.1232841850660606,0.19292742036844435,2.430918939226595,0.9481196043655576,-2.399256223271234,-2.5972430130725472,-1.027915865118258,-0.9984207561234354,-0.7982929482188944,-0.6905618667632867,-0.0846079665944317,0.10892225120320553,0
1.6721977028160726,-0.4912958590110692,2.525192028241386,0.5394053647477064,-2.0480870909378934,-1.523062449685795,-0.44692167017630213,0.6091883582697796,-2.569473806039282,-0.03937189657926976,-0.8765573023730295,0.6689967174745153,0
-0.5618989590673866,0.28028158137740866,0.8838142896012888,3.472329303483173,-3.9779820972092517,2.651310871459213,-0.24599352243608474,-0.21404431592711376,-5.720059791851057,-0.5478091290822051,0.43755206329234364,2.383936432900924,1
-1.30306285795324,-1.1729603909690463,4.40925963360743,1.8210442683983261,0.06516281908292076,0.33660850875911197,0.013162090723939035,-0.7494497910417115,-3.261103694921334,-3.6764789882669255,1.3231457451095956,-0.12801502832820544,1
0.22321181285468206,0.39195510170955394,2.1811427217046395,-4.3592222802844445,1.561355242109637,-2.0354878501705347,1.8617391375733165,-2.58158716441318,1.081469014056197,2.5861269972949685,0.2833769719721069,-1.7637452974852144,0
1.654914234728568,-2.2326280256935176,-0.9941899299906516,-5.275106608306565,-0.8562920952911501,-3.793519435549155,2.1091939708012397,0.6466742031917329,2.8566827647626547,-0.12018501051090569,-0.437901915681316,-1.6726748229411719,0
0.6670223225128457,-2.432088700431637,0.47927353803143835,-0.8906495544141286,0.453382441649985,2.820152308687528,0.7069776595952126,1.8164021213301118,-5.0780146021301285,0.46711453455176977,0.8590145697123772,3.441978006695932,0
0.41451131896372245,1.0038831044527485,1.6112443416886415,1.3972491960219253,-3.0897764826701133,2.687232241098516,1.2398071139408327,2.9922307352390827,-4.366757478458325,-0.25586875003683274,2.493856284940132,0.6975655166354826,0
1.4944795725492603,1.3239313385851879,2.917697053666431,-1.830372722314944,-0.4232127503852502,2.3759420892448384,4.021831801251772,0.8336322933667716,-3.55544009509961,0.9792612073164972,1.7546190873223348,-1.7790583130861397,1
0.6109795511954068,-1.4227213734290451,0.778274336470952,1.5790958392204448,-0.9696904204778973,3.2301841089500076,0.5408796755983778,2.7873465637538013,-5.224884974016192,-1.2138133456688942,0.6808829244833179,2.3463444719824187,0
-0.6884631603879848,4.087897956084908,-0.20775989976863518,-0.5941359410616885,-1.4333157642787897,0.4758595043614251,1.4386849440057694,-0.6893556522306767,2.5184758837348333,0.6972184899973701,5.825209196919287,-1.1104410975411025,0
-0.01622008551560751,0.9005946866883736,1.5898057642372123,3.944094985713019,-2.631597418407228,2.1693118101875983,-0.3851023643715541,0.4189250485905525,-5.323626135080481,-0.30875612432493105,-0.6055536828019166,2.0559162873197105,0
-1.3079359894387657,0.4712760401339451,0.1541708333739048,-3.497296278724409,-0.32375923402393314,-3.846397690904524,1.2327501392580436,-0.7198447799316924,1.7066074117373369,1.5303722017003407,1.259269653495667,1.2441035819214132,0
-1.0353361020097063,1.303035499387506,0.06997745619883378,1.4078033092911928,-1.211092475218084,0.9462119218568809,-0.25579107805335144,0.4017949827690829,0.5013398659159456,-1.3080810946192123,2.95221657813322,-0.3248440077538053,0
0.24701255899102945,-1.0193606799173525,2.20234122632895,-0.6255910392096562,-0.09853970897801112,-1.0190902978042369,-1.827093583614845,0.6084484511066175,0.4606796848674529,1.3567678538121233,-2.3203272530311168,-2.841968472065103,1
0.7010320219216879,2.9056151144241955,-1.081271208690859,-1.596041108101722,-1.9510633096665277,2.86058168028817,4.0773959283442816,-0.5608979731113333,-0.7862283959693909,1.1163463928015602,4.2056912986713755,-0.8768554770298279,1
0.8651739843604659,-4.815001179421065,0.6182682756076523,-7.696237362417187,-0.3173429629656257,0.5050539369497007,2.452739940983329,2.5666110905884327,-0.9786330165726915,2.38823501088057,-0.7803349644532163,-3.3649270507500146,0
1.2454803580494687,-0.20310597318887802,3.2328887311348327,5.885363625773844,-1.638968035643431,2.3942752383811685,-2.8504755611679045,0.6636948471082723,-5.891224367884017,-1.319191428361008,-1.6078732781561804,1.8899188165632625,0
0.8444972350832454,1.4485750358217597,1.1902389723280635,1.6933713388345786,0.4572027548391224,1.6844199088003062,0.18933655253561943,0.42570013717908267,-0.9878674273746275,-0.901187634876156,2.221377545827087,0.231820120563333,1
1.0562439202285097,0.6915931433525944,1.2351271831713702,2.937544570252036,-2.1032993760208,0.45293872466565444,-1.1484765723575783,0.43201681406727355,-0.684583032434416,-1.3576326346997214,-0.7700043994890766,-1.7783474979359002,1
2.2738448558741107,-1.616918991476385,2.3701531443620376,3.3463053742562257,-3.048634896037605,4.141783728267425,-0.41031957729143254,-0.4793735713294252,-7.715846189430282,-1.247285863428325,-0.1676154760515569,1.8159636836370003,0
-0.3535957066577994,0.8005266160044686,1.5154368507346967,0.6823429625147661,-2.4203317467923027,-2.1068053173426398,-0.169124587552677,-0.0986565145169311,0.16213997269939415,-0.8454878071962837,0.31080885192352825,-0.797471154669354,0
-0.1955708008625407,-0.9190955170862939,2.692321272219682,-4.002273004208652,0.7737643102578622,0.7356180810742101,1.8964169111056868,-0.330785250194997,-1.4311025666961663,2.537999189227322,-0.17099261108581176,-2.777529685573227,0
-0.6722582740162533,-0.6246260660266932,0.6176008735726948,-6.3443544008139146,2.5821754464778945,-3.4965152557992103,3.3236177603150496,-1.2121453223399434,2.2355698902593346,2.023966474565995,-0.19434755471589993,-0.8234623780802557,0
0.32502910978260435,-1.219793963694122,0.3511269969637656,-3.177669167767978,-1.6239596520935797,-0.5848999935012018,-0.2301264236218521,-0.14874974841194952,0.12068815853069154,1.3371544970046605,3.025338838256946,0.3521002436166716,0
1.134048370908254,2.395113400786646,-2.1817800514132992,-0.18802447926909482,-4.140790946190658,4.28392089093702,3.226041532697637,-0.5619697743048468,-2.4209291798828785,2.263804713545437,1.2523497042151421,-1.5369475304900884,1
1.4531892249174196,3.3329667817636026,1.974674028446938,5.2748930532163,-0.29753792032118986,-0.10656144787581767,-4.029723780193215,-0.3099073403135665,2.3841063956708592,-1.4022336234095145,2.1799908086612323,-1.271447197236344,0
0.6980100626681592,1.001447779453542,0.8648351606653432,0.7966678785865164,-0.28507609003908585,-0.9059468415051848,0.4324522744727819,1.640434138246408,0.5668872863242577,-0.3019394569141054,-1.6872122779584937,-1.8916213689481363,1
-0.15816196675721883,1.5440583164382033,0.30106442714570025,1.7423090872775495,-1.6034212553103853,-1.9958773948469686,0.10658265362419939,1.042617281834399,2.6245336872364873,-2.2582471855832207,-0.7096770539277368,-2.959608022769639,1
-0.892961266044203,1.4108233006926247,0.30790355891771826,0.2276426667954646,-1.0309121505338037,-1.7694411366960625,-0.12039377364260928,-0.18784249442840045,0.7771567946299617,-0.46625969100165454,2.710829327147861,1.7137567936102722,0
-0.41876777739288157,-1.8774191393062885,-0.4107659454110737,-2.8825229498829987,-1.18299402321972,-4.74143622909059,1.2564277580577428,-1.949849229920417,2.0459999959523087,-1.628777448986833,-0.9762930513754913,-0.07307557549651456,0
-1.1575183855017555,-1.1741901468066045,1.1014085664948192,4.266747339627316,-1.4361045144426714,2.314988000382942,-1.8890759362780432,-0.21912347433698456,-0.8041717525942305,-5.320937404101989,1.9071721209953343,-1.4724286829485376,1
-0.9016552052391972,1.9643855207710441,0.6875551344766763,2.1042879686970117,1.2005024225304886,-1.0149100584997788,-1.804466438962773,0.7000430818263205,2.9438108406891765,-1.6077005279021015,2.5960459515725383,-0.09755309329430273,0
0.21939040268244775,1.9284301532657295,-0.17033803245453583,2.867506360615193,-1.88950674609729,-4.122226814497866,-0.35003516734643825,-1.589489347852559,3.4663248071022816,-3.1323327237098275,-1.904415088311847,-1.8834702735458826,1
-0.1836509717975294,0.11747780776856942,1.5384525793352914,5.047693556324077,-0.7031147491636136,1.3189449889528828,-2.9442824263856693,1.6443976895588408,-2.3162523640000683,-2.0111450926095435,-0.5499308600494897,1.1669508353811073,0
0.43111836750569243,-0.7702940194376331,1.715274340587256,-0.04151829598042969,-0.883203104902792,-1.3156001419423553,-1.3562117191139138,-0.4649504767082987,1.2065848995627346,0.14596407134565825,-2.6383959117730784,-3.8603806784961665,1
0.406953863059865,1.7965242391074312,2.333552887417003,1.126097112177067,-1.2999680250423784,1.47685947104531,-0.8537708929186214,-2.0589301532116973,-1.258032232512916,0.6467993362615014,3.4960461423017963,-0.28520992661533073,0
1.4816581778052724,1.0654291348891525,0.8956090069305027,1.750087112622166,-1.5392016416717569,1.357728895422503,0.38778493682852,-0.9458394149520937,-2.609851170087569,-0.42549706283322497,1.4543969837522597,1.2727545465587058,0
-1.2570625523276404,-1.4256230374827146,0.5775841831779944,-2.091664540929016,-4.172303201127955,1.0882308255628264,-0.3261392705483914,1.2162547163837791,-1.6557354489400613,0.8783299168938574,3.4208588465577345,-0.49695193301912943,0
-0.9939318846893288,-2.2367919165587953,2.4693423336113876,4.961173175182344,-2.5691475519105698,2.039821452225636,-2.148421718602978,0.1459400696328223,-3.917413701078072,-5.933009083177507,1.8814725426313808,0.8113906090577734,1
0.6817391377358977,3.81922204257545,0.4645452815741189,5.195710529539354,-3.0228533416176555,-0.10745411629901214,-0.8171311717311956,-0.031196127542662072,0.1630279374317185,-1.863411253507893,0.8893799804836647,-0.40884189240453805,0
1.2125167080767827,-1.5196039510782633,-0.6490930971051867,-5.063497560387371,-0.13609856950527088,-2.529222309461498,2.3308635164604135,1.000580868065136,1.5499660169858216,0.8248397154779352,0.5475295078273852,-0.42580277304215086,0
1.5074858768131638,1.3017144857824545,-0.6953437170664938,-1.914406493872027,0.6443186355612716,0.40552999882185947,1.1009602190725012,-2.504988107950021,1.2369408869348826,0.9629443439359509,3.9163150081284495,0.9468068135549141,0
0.6333965639838531,-1.2381039777117755,-0.3778992493691109,-6.7092688205047875,-0.4275508882342529,-0.3008889507397736,3.3721364083293386,0.5516014424770088,1.511764417520351,2.1315076090377394,1.9551593622589918,-2.913627318232839,0
-0.4984171404706755,-3.448291985829495,0.14864509105709967,-5.552357835411212,-1.044763303021914,0.6573336826605256,1.9254390007879412,0.24067078023530972,-1.0026366440012828,1.0701267147133895,1.4032508182775383,-1.4533578580557291,0
-0.6678001388949956,0.5799863854246512,0.2711915567432771,1.6273856427525464,-2.0673952897323122,-0.21351380241797546,-1.6805787362890632,-0.6312124578714563,0.5977574476149752,-0.34814393454290793,0.4514997793429394,-0.9233117921463061,1
-0.3537425881668213,2.434429022161008,-1.140170990333229,2.7207485167450027,-2.6056232093363754,0.7481993654253348,0.7457675192850071,0.7626847131947895,-0.98862712782265,-0.6623459444399561,0.8517639188741315,1.1096582170358804,0
0.14098266454260483,0.4277157773193574,-0.6313314076236272,2.351522366684205,-0.37846608405254967,0.37444839105417516,-0.9891428513682935,1.245879941640528,0.8398462099005426,-1.3208360715628449,-1.126400194792529,-1.0164218061335186,1
-0.09554713660425584,4.91148471360079,-2.526744577775259,-1.9527425124638487,-3.1670105816338863,0.7814115995681062,4.96449613318078,1.0453331698891533,2.4945158451189577,1.8557063241198932,2.6228642659679897,-3.3436020530631776,1
-0.1156185143215732,1.8363095959360214,1.6338919492883828,3.729413277317866,-2.437723554242296,0.2954878955221222,-0.9319708938058483,0.17060935020009846,-2.771109119343634,-0.3815095006174277,-0.11699459583253335,1.2607256756634238,0
0.3804155425108926,0.968585897228752,1.6920529880610677,-2.6645835036460896,1.5968668745535415,-2.770107824278853,2.4223646031475603,-0.6327914200530252,1.9221161679564178,0.6914498738599759,-1.4989181745182156,-2.6658212312863983,0
-0.24536855343059252,-3.7690721618366267,-2.034166572235237,-7.933338084613955,0.606315779905023,-0.9523190708269494,3.8437538681828847,0.8634992888837616,1.9056378913869043,0.49484247124440695,1.0639293713235163,-1.7191849314805994,0
0.20558082869159974,2.2628983341583258,1.3861434515532065,2.8620977951781073,1.2424775627694307,-2.5467497254732288,-2.417703449742907,-1.636851397027805,2.6658798877580847,-1.2674266413313466,0.961497195551534,0.6166748076206046,0
-0.9475338074951024,0.5033578100543468,3.9330323056591756,4.465433747053008,-1.190149832156516,0.6189099384101857,-1.9920906240334466,0.6444751709148591,-5.289149517697795,-0.5165747402112303,-1.234053254972466,2.275625479999266,0
-1.316728739052474,-1.317691414871553,2.413072897628604,-5.45319915502203,0.9562704785686829,1.566830585257224,1.6817186333436935,0.5172393866806883,-2.363306036609257,4.165357788601162,1.8162650880844633,-0.838141560710245,0
1.632703987224747,2.5494304449645244,-2.8096861881714648,1.7234607732332474,-0.9145811108682608,-3.534960905173878,0.6605006229117303,-0.5667442724857439,6.3871336431520405,-3.5993507264523874,0.12064193899473952,-2.261665891747753,1
-0.12520461509948064,0.48580564712676333,2.428153474070781,-1.2102362032190614,-1.0746924550326709,3.0331486504749154,3.301186097943156,0.6968685686967769,-3.5934928368352947,-0.33665405346823385,2.8742450556701202,-1.4588204908910127,1
-1.2193923777260274,4.210849881016309,1.5017322543719989,4.653050533871325,-1.566901347296678,-0.5430702229790396,-1.7758682989095647,0.11033793662450264,1.4487136960484965,-1.177788734090754,1.947075436558813,-0.8480979634613512,0
-0.5484996693928902,2.3189392413808956,2.7454700013279183,4.002233532724492,-1.375129384795648,1.0932643547346448,-1.7004788432441713,-0.23774523907711345,-3.1369661735576533,0.5565596795604486,0.44763318919031436,1.2215957191780376,0
0.7179446754976221,1.585393332188022,-1.2338363172797981,0.038855199386444696,-0.9402292717197253,1.6877824998633837,0.5674682319725934,0.6192453363824156,1.515424763804537,-0.6837616050274447,4.411659644805388,-0.46224446642782824,0
-0.18382442313576625,-2.5564754354474593,1.8215024867510752,-0.4829655006300734,-3.75701297478374,1.1300993303787705,-0.5792684961606513,-0.7105899973370841,-4.005988752222794,0.12287570220759914,-0.14943984960409473,-0.47428815359845145,0
1.189869837378525,3.0050461384041913,2.6302799139247366,3.7320934889676156,-2.979274405768978,0.5768074354627306,-0.09708639361426252,1.363170497406199,-3.8254306125350785,0.34728858485291303,0.5581336393268673,1.252192316020858,0
-0.6271042685113112,2.507151769514423,-2.2367317981432335,-0.36995612996919564,-0.6467086751071913,1.0598596455680844,0.22791129995916015,-1.4442855415538771,3.4822365139835165,0.20001857206753693,4.8205563270990766,-0.6475403979486718,0
-0.06423745461143665,0.3331206427675687,1.2734768652531596,1.2057379831209707,-4.525001493110995,-0.8815759088429652,-1.2250111707320968,-0.6092444552655153,-0.9657579023755427,-0.23433911614296743,0.7329775783411188,-0.8874623490197592,1
0.8059442248332697,-1.2197864659006368,1.5440512144789555,-4.062795887190047,-0.6360585350728873,0.5551138333313361,1.15426457001252,1.51950491698736,-1.2575398948549785,2.2146223297490124,2.079428756449146,-0.875702700294054,0
1.2082055811510406,-0.21706370384981788,1.798595134782049,-3.4354134581419022,-0.14871223873384865,0.4668303026200531,1.2240307488889295,-0.30525488599887235,-1.7228380725155927,2.8097402855888047,1.9952048078468496,0.10597029998583474,0
0.8509713179317439,-1.609849151163508,0.20162886003395897,-3.351093348815003,-2.060415451461015,0.8044720828397753,1.4358978389175534,0.7794083686329956,-0.5659294181765251,0.3490210584811293,2.334923899809964,-1.5681821487258074,0
-1.1805226692236097,-0.1290511192929269,0.7969973202123204,-3.965647946336372,-2.0424845407017393,-0.33935195173011534,1.2150631588448235,-0.4583027694160942,0.2753986523493193,2.090910387543879,3.028464936317923,-1.3736703441489104,0
1.7893734939563029,0.9854062526689752,0.29212828132401303,1.9387667161363937,-1.0753019884681057,-1.3157150679910925,2.0945663747123655,2.8239784453250145,-1.7269283745281439,-2.071107843622593,-2.0108480490191267,0.949095161514143,1
2.377799314768193,-1.192548287898149,2.0686971624402677,-3.3797726399146457,-2.662047932608706,2.9511622303418963,0.40094080867387805,1.691360161239998,-2.6594956012423077,2.766123613086341,3.3989894531854072,-2.111863767158586,0
-1.9407771143025485,-1.7429413262957452,3.178887074549916,3.313110289203598,1.3201477438827722,0.9228983969682638,-2.2238112025975494,0.13446144398623905,-1.5164115689002957,-4.464808852191882,1.0526972310930263,-0.10791056661910547,1
-0.3813413246902274,-0.0250486376052359,0.2273006030647322,4.50593796594987,-1.7957829771289824,2.1834358537237026,-1.3749320127331506,0.7089635836048787,-2.988944772051372,-2.3116549731169336,-0.3024575685456181,1.2838869789475864,0
-1.2618320295039656,-2.694289521975895,-2.8280387532525633,4.988564709072877,-1.586170293052664,5.4696017460279664,-0.622860104155952,0.4798311259694726,-5.173462239012787,-3.76220388742256,-1.6352874511063455,2.730467891243796,0
-0.9350176867916767,2.062736054781966,1.882091396998412,7.102725461298576,-1.065274101143979,-0.7975918965296602,-2.8048239192213247,-1.5220381197441546,-1.8742438179785352,-2.5180036326949136,-2.2889800860080856,1.6725427659795489,0
0.19327013824720346,2.775972987958731,1.1568591366510133,4.133657849658929,-1.5722324112215045,-1.8933804692929457,-2.496117263745146,0.5857025425539543,1.3892172288753737,-1.1890628578438343,0.6652723182953253,0.2553668686036541,1
0.6177530604948442,2.6728270457709744,-1.5135569462168976,-0.7457020269977925,1.514676070924149,-0.3601245473473422,0.1777761924788348,2.7069212251951855,3.9344101399091786,0.49580855887360475,4.172194410457193,0.4433029895352767,0
1.0297322787106085,-2.8009507612043008,2.1550459534792865,-2.1773903633659266,-3.273298839651483,-0.2679986407872976,-0.18045027423080495,-0.6161226647650033,-1.3123672939609716,-0.13562111161503432,-0.5915574338223812,-3.485969673822469,0
0.20087526163505381,-0.1445101229721345,1.4587012407219517,0.5446503239263134,-3.6227730798972235,-0.6126429581863381,-1.5472630060875119,0.5188005139653292,-0.8326786479371266,-0.02955366048273067,1.5768959787816517,-0.4994688562240731,0
-1.1255229071414137,-2.664489023151736,1.3223532976491927,-5.079547271340224,1.4862729592066777,-1.4756514762267172,1.9142484065783032,-1.3496886072173617,-1.086638074014653,1.8844838223520264,-1.2976141699341488,-0.12167715683538338,0
-0.6628957612042072,1.4391547502092663,0.7915446639293623,2.2422264070154743,-0.48275190655781675,1.8728715650807377,-1.1205720676634658,0.13005094802127098,-2.5091931916067542,0.48466292431994984,2.8834518890531657,3.0797925898504532,1
-1.5591268247178012,0.8571713952992057,4.585452016929519,-1.5211730191475628,-0.951133981757281,3.434143300682507,0.3640756187323604,1.4265778271523015,-3.8687818390722177,3.5528731207125266,2.3490556297651057,-2.598079170572936,0
0.21936200607682765,2.8794195198036148,1.9752189046061708,2.7755896553721686,-0.1818024821990869,-4.056270692111598,-1.5397272821331125,0.8577221453619259,3.3334098005271016,-1.5574691202511664,-0.5636279901893975,-1.487632079491328,1
-1.289137744272204,0.9243447607261569,-0.9671521510634906,4.305611974684005,-1.1808552590038361,-0.45217811410407815,-0.3966041659706916,-0.31541722681094747,-1.4993553853086963,-2.3905598300680015,-1.758850707461857,2.578183619943248,0
0.1481058913340964,2.6483743469691405,-2.019130801765346,0.7781921556964566,-1.5375339436539448,4.138488534868944,1.640831347898458,0.3425939358854898,-0.1812190922926743,1.2748492674867555,2.075347368609002,-1.673829737178564,1
0.9120552427435206,1.3069484850799626,1.420594263156306,-3.1747598333015783,-1.225833255148363,-0.9083673479798176,1.0724178768298693,2.1255174586334635,0.30671175765967035,2.7565591061038823,2.9351492539759563,-0.5754986554308119,0
0.6274965680876581,1.047312792879287,1.7092795105001053,5.580586694631243,0.3561611241931246,-0.06010412251869468,-4.13246657418499,-1.52709626134065,-0.08805113667786925,-1.896797897289153,-0.6207617772014546,0.7676326527390007,0
0.9851187519019143,0.732175608844456,0.5610752975401788,2.431223126541759,-0.45673191023579307,-1.3097723008725184,-1.465447817692534,0.6082253087747455,1.7694979056675346,-1.3693622228993096,-2.090693791248171,-2.199223442448376,1
0.34334978524242793,-2.210543366234801,1.2481063550051261,-2.7416671555347722,-3.5424991858564936,-0.5217142679508875,0.20238451569515692,-1.1701267873655148,-1.33973851154457,0.9134912549737135,-0.002144029391865754,-2.0707241052097265,0
0.06047938637501245,0.5188289414832605,-0.2598354601689694,3.8944018405696905,-2.1819394399526226,2.3928107114025345,-1.3809647396288018,0.22731869806568117,-2.032831640906175,-1.5318796186101693,0.5186820541964925,0.596293770605373,1
-1.4414707443875743,-1.0069060849165992,1.7213033598321377,-1.7513931355842298,-2.0406567546340506,0.594895684678977,0.7005430351135719,-0.18943493284559873,-1.4533590447898417,0.6741517510436125,0.32729687314001654,-2.335785337862264,0
1.415306061602521,-0.8739264404345499,2.1798532726418944,1.6053420348834915,-3.3005189637549033,2.057031024971622,1.0764455266616126,-0.33458919228832834,-5.10260283624551,-1.9991137825882435,1.0243829094959869,0.38840238730459853,1
0.44495919112156934,-1.3258929167600406,1.7131289723165652,2.5641626939428166,-3.363840310803817,-2.664400853679748,-2.8744654229855775,-1.444817411325213,-1.8112061122286551,-1.887541818999225,-0.5361346517998393,2.1550077571491024,0
-0.22651411578056405,-3.0476325453009414,0.7164211859954809,-5.3465815603121225,-2.436388364170333,0.2601975878075167,0.8843804712667708,-0.8244659035133024,-0.5260012640120811,1.7991615037531903,1.5620224212728548,-2.5238791763983506,0
0.0829139774627212,-0.7457051923927107,0.19616604192576215,-3.18847404300761,-0.3536318374060966,-2.311155955613652,1.0591826541591614,-1.7005518057442244,1.3438023666253707,0.2739842843861846,1.3087895907196994,-0.08557774798805984,0
-0.6562152732619703,1.7593548339901504,0.9518118844180918,-0.6378550691699797,-0.3795969781787981,-3.0287651176250248,1.0215490533027118,0.578375787755535,1.3588148294575269,0.2827259133479655,0.0018969327296398664,-0.1749137420916027,0
0.7839509614552591,0.3405086312351999,-0.031562660078654714,0.3076655471017619,-2.3936066614148546,-1.1300240424926786,-0.5181498338572159,0.4311283224524776,2.9853461007879303,-1.4424722639039702,-0.03801816854427431,-4.1936825609713235,1
-0.3292664744277169,-1.0799653467893746,3.0386583003485206,2.4284441113348514,-0.3549453278489185,2.244969343467739,-1.8570229108455152,0.19369675091318678,-4.453684760302783,-0.6394800796375133,0.6760320388220881,1.4589790655070198,0
-1.292015333146798,0.18810531737276048,1.7531506960382064,2.945066067868774,-0.9407504132629914,1.2382884095281774,-2.8320800369289154,-0.5654990289644368,-0.6856918001868275,-0.1482096122910862,-0.8368751286536017,-1.7576053846751694,1
-0.1722248355819543,4.157374060463004,0.6902314610983007,3.741601163527438,1.3436067287578473,-3.0039676788905547,-2.652556522762692,-1.5591112871133113,4.491940744748442,-0.87720257818641,1.228077310410499,0.1692057589332462,0
-0.10925817152536854,2.901477605434978,1.34431313246627,4.105889495326186,-0.1758834400419188,-3.5238876195393893,-0.7038470151590778,0.18212903064030814,0.9141848201615825,-2.198800134390857,-1.2372721338632198,1.359314622767601,1
-0.7910973213180131,-2.4778206427709963,0.03284597503722375,-7.339426312132061,1.4381718499926959,-2.822473115021773,4.139752661513189,-0.08112798588823465,2.541451901389241,1.0181402217215112,-2.0493510542204256,-4.0239138497184035,0
-0.9013209769302745,-1.9990782941607974,0.7645341776284831,-1.9470271440311209,-3.848869120323917,1.9744105147802649,0.18975495563037192,-0.8526437618037858,-2.4287051376281363,0.6282115087942515,1.9653497023600277,-1.556827696063872,0
1.7983048149580507,-1.387841259241409,0.8592072468931462,0.4065148950430904,-0.5497642108992336,1.786623803054867,0.4694488366999414,0.29002927628178976,-3.162707849490977,-1.48396630441587,1.6511206691706937,1.6541263318544472,0
-1.2743298675189996,1.3629075315844463,-1.6282598683679614,1.6184994128956152,-1.0191325663544653,-2.8159084821027953,1.2097443286156913,-0.1651161703736826,4.45489320580912,-3.686815764392147,-1.9866116841922077,-3.468301563785885,1
-0.4321242725933517,0.20156179867258817,0.8006763972230844,4.559227788789302,-2.7016735903648628,2.4591280019337436,-0.5645376468913805,-0.18005490983634798,-4.917021044244217,-1.7179078581279303,-0.7909530259707447,1.864252925165086,0
0.4966334047019942,-2.80391102857616,0.06363901758612567,-8.968524319640979,1.8132973620656219,-1.3548155863396611,4.2617649482501285,-0.3881085845642077,1.8554111329605054,2.316058146065906,0.466938758227872,-3.174517951100705,0
1.4423468840914921,1.1696684788158045,0.5224445506648784,3.051043270998927,0.978564485532557,0.3850334323151807,-2.024798965364702,-0.8942380897467865,0.8351111892846326,-1.6023174116610437,1.503641242923373,0.7964993659265631,0
-0.825728071224028,-0.2696831158027371,3.1824590671556097,3.741546450322873,-0.8639607459620133,0.878576780258417,-1.2657843373101108,-1.7034271262306988,-5.4288834600659825,-0.9570910679231591,-1.2380451639469947,2.656410787643138,0
-0.239230685447731,-0.6920705463780402,-0.6187974351329897,-1.3537483620386928,-2.796587347499907,-1.0136899881868393,-0.41239966337398437,-0.6518295591671862,0.5275103192592865,-0.42522387459614985,3.2632064416978315,1.0241674667091822,0
-0.7511067248242979,1.554906464574358,-0.36125674038131494,0.8719405022024078,-3.364593299194334,4.27568522353563,2.4407569317371696,0.2518388444679667,-2.7436333412083345,-0.9162092705522447,4.2015430642980025,-0.7067302852552289,1
-0.004865219184688119,1.2602137507890436,-1.5666328383040256,3.829181269203814,-1.7964922397316163,2.310279925925839,-0.6547200141648701,-0.9532682702334035,0.22919568869446283,-2.824498128207227,1.8642991651262444,-0.19284210386061718,0
-0.2606830596442982,1.7274710201583248,3.461094693257947,2.3503510001797583,-2.168599693464939,-2.316581585005643,-0.47384504332069355,-0.6041049534442998,-1.064463946693894,-0.5010905194454074,-1.8466411702792604,-1.6305994832389195,0
-0.2949788582715097,-0.5676809459263694,0.183772136581005,2.8068191752262153,-0.15023095653126617,-0.20960248014918292,-1.2201355597288646,1.7452321559011035,-1.699202109727391,-1.8571413545268056,-1.0090658862757853,2.3484933953743106,0
-2.0652718039166995,0.3159183443466995,1.1893392894473522,-0.3687957953675727,-1.7053020191312203,0.25051837675591737,-0.5072465922420166,0.41006396749600843,-0.7058490536689646,0.41913550393154353,2.710574615700551,0.15770522551040567,0
0.15702723350081618,1.3306381466447277,-1.1145307234158448,3.813243692146374,-2.859830136733172,1.912902842027427,0.047212614110482054,-0.3907207724355412,-1.167135570017561,-2.551910019036252,1.130690251637498,0.24367489587157387,0
1.0874731807180829,-2.184371008868557,-1.2857608474922335,-7.932811217887123,1.6885150258801631,-2.259565584832308,4.584409076285156,-0.9850872466414864,3.679694886984336,0.8812072498884533,-0.515198286010069,-3.870549981489334,0
-0.0030666671405833695,2.490708326403033,1.5273882117636337,4.225157213910563,1.1778288781137505,-0.6675268074273504,-3.415297140825277,-1.256276988316816,1.6473218734745136,-0.7732652271492678,0.9828058378378408,0.5395560723052379,0
-2.583165861147686,0.6993128521163253,-0.2826432256348985,3.2752077653071723,-4.633919055189059,1.9047131985439785,0.477084983119206,-0.1361977639859838,-1.1959819280862007,-3.530428858048531,1.6213463874983858,-1.9086313325674045,1
0.6381267213737766,-4.890886537201834,-0.9516208106850015,-8.216948089424312,0.5496737798031792,0.266846215329954,2.924641561988557,-0.813906375857707,0.36122704747826495,1.3150197192300834,1.0361320934073837,-1.9265660619974248,0
-0.2796524914965276,-0.5641816605668436,0.024960684016528956,-2.558578319010379,-2.5200166181561596,-3.315077045212728,0.3413606517593424,1.0918186882610952,1.1859843638308112,0.2694113919335238,1.3925832134744167,0.46550702893465545,0
-0.9077595931134316,-1.7327496782958862,-0.8410245059689896,2.257679297359545,-0.9273534439782904,3.7220695135390227,0.5587247050275543,-1.3292075613936625,-5.273923861671269,-1.4793841612571823,-0.4717892295825985,3.0458593513926497,0
0.5490269899529767,2.7278618092622096,1.562283057643179,1.848659625703188,-2.5989555913000126,1.3279120033352205,0.20345151073197631,1.6556981978246756,-1.2455425035760344,-0.061358565116162334,3.4006376700009615,-0.4175828601202176,0
-0.26922013938651307,0.8433498229155242,1.2722744861896982,2.171869894868806,-2.70493850813991,0.859649470404537,0.25893940646378555,-1.0873497233655902,-2.4560327667468296,-1.4598848699502596,1.4694627657959076,0.4395626254237086,0
0.2936656259891564,-2.753069983632251,1.0635386506085664,2.221405520050746,-2.01465583317281,2.500445965562392,0.21021056205682354,0.09361072594685874,-6.578934652001011,-2.111379452742446,-1.1399515989897568,2.840220200618095,0
-0.10627760024738517,0.9806047992397883,1.2978747664980672,6.3792992221767,-0.43533786640501737,0.34126879212337813,-3.2212293744524256,-0.13672834771565892,-1.8411436480593184,-2.2712980149758186,-1.865151766619039,1.637786476278744,0
-0.7351405510819371,3.9273038348896963,0.08030433407352366,0.7489393149286774,0.17864198604857795,-2.4324858063472523,-0.11704570813649617,-0.01035731132858962,4.169404735587285,-0.2790393074596418,3.334348836575195,-0.31582575067802776,0
0.6070143430319811,0.9973888910979546,3.0477806751927785,4.639235385513195,-0.3117534124184488,1.1761510167339768,-2.506144453919877,0.7451770988189022,-4.434545932455295,0.26826279643607887,-1.1704440664337992,2.4816381066512534,0
-0.7010854049336434,2.8841615491238803,-0.3862150034963667,-0.5082871694257325,-0.985813461121354,-1.6077921982396788,1.548364104201588,0.00012034047798764372,1.210546912823556,0.6685696832897028,2.5432165130635185,1.1557112817035695,0
-0.11674564527681242,-2.3499947622777935,0.8737977748653255,-4.01048875789308,-0.15945764547918884,-1.4533562881004056,1.5237163432389347,-0.016053403387892604,0.05724964341852282,0.07914592299786005,0.18045640087848525,-1.132294729299566,0
-0.11711011814665145,-0.6630074032762365,1.7360813979231433,0.5464345396202915,-0.5703246721534547,2.702700111148014,-0.6107878292788269,-1.7755972556635669,-2.322105734093231,-0.8373663085116223,3.3383646239892237,0.21069535248473958,0
-0.17917111648255188,3.184343383646973,2.356354616608904,3.6965476420406445,-1.7936801864587426,-0.1447855383446064,-1.5697863852708756,-0.5020306360348139,1.0015835917725746,-1.7565959093423846,3.017695006075765,-1.5463276746338224,0
0.5375608061537495,1.6378499388798238,0.5254964469011325,3.13474320796202,-4.194876015003862,2.4628962162161216,0.31734078071032057,1.5536228008711497,-2.9345978671229025,-1.132177805152135,1.8336336397726685,-0.23506458619684012,0
0.06823876859741822,4.6599374087875525,-2.058993920161835,5.368199389431204,-1.5034930615150444,-5.675020010290561,-0.6241642814050401,0.8223623129932282,7.441377340331834,-5.6019594973687665,-0.15931856690869894,-1.5273248633763452,1
-0.6608235406341877,0.9071842354311831,1.9860335785270165,0.4617865139508922,-2.1182317270628026,-0.26221304107947097,0.9038308446582834,-0.426338728032689,-2.54529941443916,0.11973778164477022,0.8114503515135736,0.5306495868124765,1
-0.4635524404377407,-1.9118092714792434,0.1846124836655736,-5.534629973695737,-1.4996445349102865,1.041128269686122,1.5823039610326952,0.6724732918629089,-0.32920342098183497,2.567641982089058,2.5293362268785886,-1.927346835154906,0
-0.17108427597862508,-2.41899204854501,2.68060454264105,0.26017554046067937,2.999701538662197,1.7313068387006583,-3.093739710776311,-2.0877598544264426,-1.2825279326756411,-0.6600342659104447,2.30127471130657,1.1669526307300326,0
-0.28288401743328306,0.9394731111239985,0.1337240240450671,1.2432859962419016,-3.414246161739641,1.9476176411028638,1.8917010070628721,0.9268289423537243,-1.5484936858485603,-2.2477016667097525,2.487524653733857,-1.4013231629551328,1
-1.446520509533367,1.1789692944150592,2.9462861133719462,2.330555831038164,0.4011715526332389,-1.857445323970122,-0.16417517964286166,-0.5890175420471042,-1.8685814057433805,-0.2569561898969689,-3.024493463938658,0.2892905693538552,1
0.10333755546699655,1.780053377983719,2.0385582557940447,-0.7356732502774521,-1.346025782909913,1.3434825009466382,0.5572749021203793,0.5586346635675081,-1.6825234065339696,2.2063201242501504,2.806803168057715,-0.4482013794472419,0
-1.9710165041363572,2.7956245121925685,2.075000947528302,1.5547131516532213,-1.1070254094995695,-4.395225398173457,-0.2619756642709834,0.5727809880141663,3.561591464160049,-1.792998158971143,-0.18527832516393117,-2.672146304728776,1
1.8145338168393912,-0.6271772619751561,0.7890540337388079,-0.37439990889771924,-1.9657434750163598,4.555214335257729,1.7459810853150328,2.1972086928791392,-4.294159811909891,-0.5370437663568163,4.018617573343289,0.4065026644502725,0
-0.4875904903146404,2.064542031136541,-1.0450204090615522,0.059237705670713035,2.574598871191728,-5.556032960636818,1.750054960175051,-0.483981967639725,6.154172834708274,-2.5421424343602155,-3.058093418773177,-2.147282115429305,1
1.3190167259926406,1.8993906189133645,0.3361309553004497,2.4740339763728247,-0.33308747130874594,-3.5080655729037415,-0.008291081963693214,-1.1606828510977107,2.371648126651695,-2.4463766986938724,-1.6465757663533065,-0.6012924292676688,1
-1.4237832938675172,-0.981440398566052,-0.6357956608370003,-3.1308800699807193,-1.9579440808417559,0.2556377160504908,1.6455628886720723,-2.416279226998941,0.25947959634928325,0.056577027670336344,2.7997175875929328,-0.8185329861380461,0
-0.27954584945778577,1.6662602030710496,2.6737802826252164,-0.5940453418726254,-1.236074867852269,-1.2555256209098946,-0.40012457328772966,-1.0640148918819992,-0.37343345135665645,1.8632119009057722,1.630570456767025,-0.45182692654037515,1
-1.4503748526075242,-1.201107139033394,0.44639078440297664,3.2583113825665566,0.6646476015959082,1.646185447089182,-1.7220364785702469,0.3053448425104252,-2.6514592009702884,-1.9932100703967444,-0.6018007798063194,2.334809807291673,0
-0.11807265291853151,-2.0569953013933047,-0.6778366877000122,-5.8309290714452375,1.2548712239757247,-1.8708066606504739,2.830989635748268,0.5936371406280702,1.5063976944494988,0.6198177419051257,1.0629599418130695,-0.2560852969537245,0
-0.27192742966069966,2.0772920745261847,-1.478211937653445,5.790992462184928,-0.7003932297222093,0.7879560497175302,-1.000427044112951,-0.2472208872684139,2.7557843238706443,-4.58556791892498,-1.1749190697449103,-2.8092636105552122,1
-0.6548534405076367,2.214789566039098,1.0274032528521808,4.757086340436489,1.0526143330328206,-0.26979322782336834,-4.422391151896186,-0.01580590089736121,2.600545945067774,-1.1558420061622114,1.0908639473864112,-0.2126339286668788,0
0.8835383075228829,0.08906266872990354,2.8264337685038257,2.3831074602968223,1.12277346633822,0.5752833213384771,-2.161042178556564,0.25094884932858824,-1.930183650311934,-0.6779106483145767,0.9985490450933736,1.4598272797274787,0
-0.42590396913022327,0.023612015147211673,0.6473202606810311,1.1033742810906215,-0.5804719519390634,1.6144799090134572,0.3407365213079675,-0.5967750267271481,-0.9065404713456083,-2.031786330354426,2.2396839235624078,-0.32720788478706764,1
0.04125803996044725,1.8211574429313702,0.27233379884881614,-0.5521353760676345,-0.5144543624121796,-4.076926813194749,-0.14375408921628252,1.2064971054486997,1.9470590424206822,0.1824796182172943,2.1285716600818083,2.576886449215457,0
0.14964755621825387,0.4934974236411409,1.742705685842679,0.7153070208728702,0.5351753054502022,0.43638421622045476,0.2681784204494293,-0.7951660534751472,-1.2988700062473908,0.2923323374415827,-1.1810925329199442,-0.8831566773137464,1
-1.3482655866100905,-1.8477518412928138,0.5256743357518178,-4.1999303586666645,-0.6244561852273356,-0.7251096248598472,1.8512066651788355,-0.3580549702358898,0.131946238237093,0.4157418269749513,1.166623307980433,-1.383821033741952,0
1.252782068305317,-1.6353104593248722,0.4377540612873164,-4.982724437413878,-1.3038648153167776,0.4504217345477495,1.829309323910413,0.3699732214811693,0.20306137112884554,1.83780700932012,1.523481668967284,-2.8177984380740626,0
-2.520723741226805,-0.5227311856499284,1.9681851359484641,3.776954705702176,0.10387129747451596,0.7181956503009438,-2.419423623611809,1.1632591437077473,-1.844587231398135,-2.1613009072344314,-0.6383291685876524,0.6171262705835228,1
-0.9944324958001953,-1.5691170641484034,0.14738933066607174,5.228865370906152,1.0940656571873983,1.3228703527524244,-4.682659824981673,1.3948083656052503,0.06539577857087113,-3.681335848797812,-0.27627923751060135,1.1297063544709398,1
0.5784792315297265,0.01448029071840784,4.188583622766966,-1.358265354794124,2.4853325313251315,-1.7671753631940792,-1.8436881453040828,1.2195037344845217,-0.12250605606680261,1.3136707659887534,2.533690433470352,1.183252112601229,0
-0.7358945331454932,0.6702052123210447,2.7321457797100512,-1.2477366941296406,-0.9503740701303214,0.9515164553302953,0.5360909848586592,-2.6532096325947143,-2.5552210957388315,2.481637230688933,1.0512335384556766,-0.6406788146280544,0
0.2971421889241468,-3.0119521631555366,-0.4346444772792868,-5.446271898077181,-1.1810247764108104,0.12409295051113589,2.2905221952795545,-2.0034654429692393,0.39416565659080854,0.2465357959775285,1.5642349646865927,-2.270022583126252,0
0.461383334918575,-1.4226566563566165,1.7458841014435036,-2.823425465863307,-1.4291869503506607,0.019430492257703325,0.7533550197193437,-2.23104026271502,-1.3204746181339442,1.319973643513286,0.3151499213077048,-1.7580490058563574,0
0.6243161919859009,1.2122596821693026,4.389427636857531,7.26589374898723,-1.1981911726670005,0.5447195861323249,-4.311496104801712,-0.7286087645094798,-4.013651054315022,-1.5288878202089,-1.8456870289266223,1.1773818899554827,0
0.6200433990542787,-1.1425970593342836,1.6434475309062766,7.003270399349884,-0.9007176375223956,2.5298133884556715,-2.8702403569906227,-0.2798125218985197,-5.722994512522786,-3.010674192909265,-3.0626892299208226,2.777466585889179,0
0.5875778622774358,-0.7167894461280442,2.471768961803419,0.7082263594382512,-2.5775284715892717,4.738472189022522,0.8248699373155015,1.0239840572000143,-6.362146543499446,0.0856922888678493,3.040493250694653,0.7781913510397417,0
-0.8419640169449951,2.2078276400041164,2.017068023122956,2.264480493162663,1.2123904867371618,-0.8009679901009932,-2.2525173942745775,1.6423233446725238,2.085323750251477,-0.946889040176132,2.850485184832796,-0.1605953691219375,0
0.019971211609605417,2.047716652215525,-1.278272999038529,2.846028605416713,-0.5946649296278721,-0.14465110850402074,-1.088366734293537,-0.14444459451182629,2.2828421886888837,-1.7219922149829094,1.5304627232007064,0.0856829239979977,0
-0.29818231241394266,1.5151544797052097,0.43394806745023873,1.8599026372064926,-0.13560477311831154,-1.7365712074223656,-0.5094957412028167,0.019402437959829103,1.244922388218459,-0.9256530673645131,-0.7646724795560313,-0.21797006222652082,1
2.476088405305538,-2.7318688288984165,0.4693619415813296,-1.7391711685423306,-4.169872589745685,2.812473421970955,-0.5144061848413846,-1.7187626206504414,-2.80952531811073,0.3547014659134188,2.6544124233568356,-1.1978018693669121,0
1.1731774238148989,-0.20179103390128816,2.164140137274204,-7.122466723869566,0.27155240621774257,-0.1072836373688103,2.7684515243709713,0.2905675786748366,-0.06672935110642036,4.641499279622273,2.675963951431184,-2.3502618947328084,0
-0.9084634120517325,2.2491030106887084,0.6383213891340275,6.889291792120667,-1.1078009353995157,1.6346838634871252,-3.351929500219944,0.7853622727417177,-0.46986348119945015,-2.3561735590887594,0.05860263733573268,0.18702519342004686,0
0.26243438060003377,-1.504877074614233,3.9902690896642286,3.531978512553501,-0.36008670359008565,1.3354462933431583,-2.1044399631003574,1.4834007213552853,-6.257602810993911,-0.9016234493964597,-1.436988980600622,2.740244377799569,0
0.45363954978931015,0.8505638021349888,0.061080573711925434,-0.5049187345820791,0.6063461739667786,0.9789653560259175,0.5752972582164162,-1.3592814529575619,0.491488363693185,-0.5424784034083316,3.8423979412819937,0.7069819337598852,0
0.49797329926540185,-0.0610014198019313,0.6453640805753329,2.0071593925641,-4.025377417920185,-0.031791981194147945,-0.5986822453541797,1.328175906533597,-0.22700934473953047,-1.8574406621469546,-0.8807607664677597,-3.0710388427952218,1
-0.4821404497124003,1.5267702236759189,-1.4856194029920773,-0.4553586133685514,0.619491278783983,-1.8358352576194958,1.6844958939534158,0.44506172961135404,3.2342161424875715,-1.532827450835828,0.9638702622982267,-0.5001136858330228,1
-0.21274317878089322,-2.6828748622047196,1.4300490701743591,-3.169629415015327,-2.9956820926609105,-0.15891819443882538,-0.3190196931580416,-0.6382025857266707,-1.313408396514544,0.9540647971171332,1.1969857935201722,-1.5388324737312384,0
1.3399369598192685,0.312185180976741,0.6787394589271151,-0.3845521955849837,2.039647867843854,-0.9584597941275659,-0.013193437129575214,1.4011334362809234,0.7076370713996242,0.3309131098841849,-0.44000777265395463,0.36067482657206007,1
0.21451213576190517,-1.3075338278877942,1.398377002996473,-2.5502685231675946,0.9591386004445108,1.1553413449092371,0.374303160357933,0.09734979610630096,-0.9764447095959441,0.15262579586532765,3.9515305650912786,0.8112379846941273,0
1.933825688521185,0.6948716447052963,3.5236966212288503,0.9622258516141031,2.8702940714455965,-0.946327252970947,-3.8614279810978176,-2.976044230951292,1.7820439899622762,0.35557536483985297,2.791756476856926,0.0961295008312344,0
-0.5406902059406098,-0.014772783423088631,5.969603356689761,0.751053389394459,-0.8203464706756037,-1.417184091044164,-1.877329746225099,0.39174409892033535,-2.965421213644962,1.9877580271946842,-2.856291986629065,-2.255589242264236,1
-1.3580744261770747,0.61230071519598,1.719237053504287,5.051224192525323,-3.1609752429278712,4.372584677679738,-1.0289820029150516,1.195459526109007,-5.940920945039712,-1.0721899098140686,0.37053693768199947,1.0145183944597738,0
-0.4650764822419647,0.6961793775643971,-1.3632085287844702,6.848798822303803,-0.967260514202398,0.8202490073061286,-2.7048008221346054,0.1592515833100702,-1.751403016939646,-2.4649619639747478,-3.262623667495661,2.565994306029392,0
0.1414090016920728,0.8638290881945061,-0.7370178094430293,-0.04933859972423249,1.5235808065347802,0.011067559803748073,-0.9302946745526376,0.12886761521677578,2.9734172354881765,-0.8032628484266753,3.399472741317602,0.22962886391000603,0
0.8334973360845908,0.32915511883722015,2.2680602835612205,-3.4877144757730587,0.7494042119013935,-0.5895597589582964,1.8848141549919997,0.9446892233175469,0.06318594338115616,2.381574208979975,-0.13941945368501973,-2.6724563053432684,0
-0.04730132207092032,-2.381902676898887,1.9701052004153463,1.2672071671533587,-1.8527973733935674,4.064691059710455,0.4596106444256385,1.2601241688221234,-7.064855673746475,-1.0971417075964927,0.9151917918982182,2.073482750351472,0
-0.4343996109270366,-0.5488302175142763,4.303238634616428,0.9986940744247769,-0.611463403404189,0.25211816932644526,1.1182417244869873,1.5445428681059887,-3.504174242774234,-2.212871709321779,-0.09449876123407419,-1.257914871757054,1
-0.31551668308483666,1.6414054309459165,0.6077950215363125,0.5393043583531383,-0.19787589434869945,0.5725403489443899,-0.09771744607550792,-1.6210377492319195,0.09912767273993418,0.12495655729102517,2.9863006925449787,0.6552040640734889,0
-0.1915922559675112,-1.2203103650031188,0.2461443330613684,-2.569232335384657,-0.3919680818940213,-2.8353277821475764,0.8829199618932553,-0.7085454233526856,1.0633051683725372,-0.19321571992813036,-0.4604673311393319,-0.23545611764584595,0
0.7570555939340851,-0.7107516528321844,-0.8132545504171556,0.7520342752502024,-1.972129938220998,2.5878517060137876,2.248697435572556,0.19007784437468223,-5.1401629680655745,-0.5982074343008337,0.2207780780343268,3.0656072341427834,0
0.397262061873958,-2.0172297064469986,-0.17937742986248062,-6.39776165272364,-0.22144296923725082,-0.284727221811541,2.8573569281401623,-0.031018352013623945,0.4937718800318122,2.0200829593638594,1.4728004324593789,-1.788570216691614,0
0.21877698648491994,-3.1606348721507045,0.4849681206750944,-2.650264835753768,-3.057143059602383,0.3010910067507091,-0.06555115040960491,0.2704521926145996,-2.3240989663296956,0.504579812248473,0.7814602162531674,-0.02561568403669523,0
1.9913659288826773,-0.14140252426088507,0.6241185487131424,-1.4441289624557205,-0.1264604821428139,-4.855600879886266,0.2662147918062845,0.6844259767268462,2.3653665148797383,-0.902514872216055,-0.6422356405828076,0.3156836602765951,0
-1.9884889576726792,-1.0232083096551645,1.0349584261266238,-1.2372048836305043,0.14167663321044466,3.424616571532517,1.9037036937776708,-0.802628184445382,-2.8094522486376223,-0.6301545404963468,2.6301390938280087,-0.4508541776067855,1
0.9179144432901625,-2.440544378027849,1.0796053788122113,-4.53779371966163,-1.112486320926974,0.3457089921080334,1.8294346961135433,-0.8134347809209731,-0.9434906335363978,1.1948362860920316,0.34499749643313327,-2.5469345783890045,0
0.8613444360172687,0.39196657988156014,0.743176778394379,-2.9272350681349333,-1.4338228837703533,-0.4777438077643996,1.4769449730497608,0.9463172875401986,-0.027184793458183528,1.5545379085259838,2.3346356913289306,-0.6875643779342826,0
-0.2679110006030973,3.5318868138994817,2.0477359138659246,-4.261926878943602,3.4895194236617746,-2.645947814185571,-0.9448763450539996,-1.8884375481280042,6.836789030239077,2.81202592738039,7.803102895794833,-1.3529197515253721,0
0.3264548010346105,2.689786680248995,3.9470604958559803,0.7467704471017351,0.14821859478915167,-2.500075243447055,-0.8913180739973346,-1.8932431090131217,-0.09115057949001586,0.9223278725949271,2.1398243804786183,0.7707341589613831,0
-0.7260352489829834,-2.3723389407036426,1.3174570018874519,-4.936069035763599,0.8975205777794124,-2.57760430847469,2.386096377597329,0.1485068162984958,1.7638308230985318,0.15816262464126696,-2.52227886101344,-4.214831770031834,0
1.990661144817714,-0.9147932091809876,0.21494910956584934,-5.278290059671539,-1.0158113220931286,-1.9494346477555111,1.8964868534761479,0.7578427556043111,1.7677693978082196,1.5223924251097145,1.9214218818735609,-1.7307172273711913,0
1.319939235827242,-1.5354852040062887,4.334276968673963,-3.624124980410742,-2.7745468057218647,-1.4219570936854253,1.4020958772987426,-0.519145312091962,-3.36188502819663,2.4716540229236856,-1.4542101341329077,-2.568452924706696,1
0.1642906750989023,-3.3465036438061695,0.5685482300504734,2.419920438394562,-1.82280301652019,4.76780228648836,0.18598174195844996,-0.4631206710054278,-7.505332918477155,-2.1984857712976416,-0.4858316340891127,2.7141691567780493,0
-0.22579933047894354,0.5796775840096993,0.017377360602181424,-1.3065139403600765,-0.36871227569011567,0.973292067988539,1.7566346496466543,-0.505075359840448,-1.0167147828387657,0.04669193060764809,3.2904689848122204,1.2436145848426898,0
0.4892447919433028,0.7273846534830045,-1.248922444288655,-1.9602594703013232,-2.6342556568019644,5.424208920849738,3.7959734118818496,0.7274339977839875,-3.0628308011271135,1.5296451049209976,3.1006032708992377,-1.6515010038944604,1
-0.23099470615644283,-0.8112926729128261,0.2834222284375192,-3.464775286028427,-1.5850940120751522,-2.0116603019710886,0.5440013808154246,0.23873334140284727,0.7942548701162092,1.193509741225024,1.919957759593221,0.0600578246964365,0
-0.701043832696888,-4.075586830937426,0.00424584611131773,-7.143530901501703,-0.3790021330045188,-0.23994310566105526,3.1990984761232117,-0.5652485758162297,-0.5601202024223076,1.2801564986578926,-0.1252936203797641,-2.3069555796590233,0
-0.6309746970677785,3.636624669983731,1.1896411655709644,6.122633809880121,0.024237743769833786,-3.9500517558499753,-1.5594582943105326,0.28654001687705977,3.339751685533833,-4.058090738075801,-2.3405732283423526,-1.2161529754009297,1
-0.6439303503933773,1.9064759220624135,2.1626169053872735,-0.08530436176319031,0.08504550964326918,-3.733046433634367,0.5367294861744727,-0.22785154872373053,1.1538790064615094,0.15167376456625958,-0.6124895271905195,-0.25990588819578475,0
-0.7570159517423561,3.782746058950197,-0.9746636729024363,5.343565145013044,-1.958928929624041,0.7250772292740376,-1.6956869785326467,0.3614812385498116,1.407115795341599,-1.410771072673825,1.0921552604480382,-0.1708656156915338,0
0.5641032285141995,0.8846627805596492,2.796278605683122,4.053523752401998,-0.07445002552801117,-0.12216634358423395,-2.9555114502091095,-1.4719714811591307,-0.9643252091158668,-1.5815435958409423,0.5140349175357704,0.5023919096507747,0
-0.15102873324810623,2.4448931541842027,1.0975883620246625,1.8729775575837075,-2.553842752367222,0.9004902373746094,-0.12321318219734079,0.9428897338319084,0.2700356126471656,-1.102041981682616,3.7163913061707556,-1.284215601811082,0
-0.3377305200848158,0.7799639800499449,-1.0526786451848182,2.0143846839206017,-1.0463991249900653,3.1834898017368003,-0.14565952185152176,0.5728837514212111,-0.9730174318662602,-1.0802766732721039,2.581681252692463,0.4301286951894221,1
-1.1548245049013222,0.7187252473791859,1.6396696141198757,2.7974096041668064,-2.2850427868180754,-1.4205384770598866,-2.0650502976109,0.6458792802289014,-1.5248000310832706,-1.1398203724704827,1.4545555277586828,2.503424125162139,0
2.021045386574516,0.5726711106627269,0.7123197362011764,-0.19288063228369984,1.301561503159459,0.9025117661430586,-1.0692723291491484,0.8255556060234285,1.5407256070573334,-0.4705159522840364,4.078131778342501,-0.07879231713903523,0
-0.1257388173848228,0.2748549988449338,1.2054056925007959,2.1572726000748537,2.4483281917160693,-0.5221551285615473,-3.2128577296853527,1.5874548283531422,2.610866585359987,-1.9590951504753573,2.122321322131829,0.0804529046857505,0
-0.8152513554104743,-1.1334403302987133,-0.3279635756331942,-2.5124123106749963,-1.8289151906505816,-2.3646043480761145,0.8908275068074544,-0.2436569080913032,1.3996309371205458,-0.7319217656800341,0.9768660906589018,-0.6345165319509756,0
0.5627598094599622,-1.6299230220337955,0.450848244664127,-2.2136001288143117,-3.072861879146349,-0.35982784622061736,1.0866158301126816,-2.670740361285723,-0.4087923326727304,-0.27877917851740497,0.005458173403597555,-2.6087160638097577,0
0.12433783684966676,0.03796085362578605,1.0092289056776764,-3.335466398973427,0.9985670201816188,-3.2034969376781945,1.6010796553904236,-2.144601562472984,2.1573650728580325,0.6346011370716921,-0.1416848672625488,-1.2549167362201104,0
0.47468643400531624,2.4402174233005933,0.9312761810097987,3.526375300243073,-3.5089598029661953,1.0119301300822907,0.31932180413595046,-0.3898909991043231,-3.5073081991429147,-0.009765470290264977,0.14413928227412764,1.3249516918130069,0
0.18460367624612575,0.9699720303962052,-0.21182353186086167,-1.1871473216456898,1.3847026393014854,0.4333907291562554,1.431442301467516,-2.008351387831919,2.1431575034907526,-0.0961061128340508,0.7653631179628337,-2.43298332392928,1
0.815922295267418,0.7858515618947142,2.9309373327865407,-1.4568210256312808,0.07142856458749614,-2.921929523526778,0.3638292526161284,-1.816944257084271,0.1054538470434869,1.3272424978325668,-0.6120310218597811,-0.7751659681441958,0
0.8815295187757822,-1.0280296401161881,0.8972861441591797,-4.595827714261812,-1.0639566571045158,-1.8142922094845462,2.314490890412179,-1.0351016922204548,1.4927671745763254,0.6073989357669694,0.5627272884487599,-3.2568889989632335,0
-0.28693998533226656,0.33981007195848123,2.410763215382402,2.0122996895475493,-0.5990728500257652,-2.969138520822869,-0.15725660899307425,0.8297187100437088,0.9652497836804543,-3.7350705122028782,-0.5407682200847523,-1.405086017605537,1
-0.7144018864763839,0.7522346435659054,-0.20790359850862905,1.5317147281607557,-2.391127673787677,1.9233630176922394,1.6540558565797143,1.5652324806212272,-3.8220527501937593,-0.5575227431568165,0.989710211336301,2.0997990746710222,0
0.25299167582141696,0.04720999158443118,2.5830946884668577,1.5423701540274322,0.6756559197029208,1.5273002908420454,0.2180908042881743,0.3025003595905832,-1.706460988437987,-2.322548086736706,1.809083576842389,-0.6355424734107812,1
-0.10062300400366436,0.8967594129698011,2.8133393788781103,5.054778627598452,-2.9780700010237386,0.5174050151256468,-3.7884313322965695,0.21264261989412137,-3.8467795144618555,0.3657099578292027,-0.9207588272322139,1.665240746719955,1
-1.5418478872538552,0.604036482945594,2.3878845077829496,-0.9698917639700636,-0.9931577977128744,-3.739384548747012,0.1186194746045034,-1.1199945601018908,1.4323062170739524,0.06516839096096017,-1.0687681992129,-2.025827767990492,0
1.1903996525245253,-0.7964653608907861,-1.5266897765062168,3.3140079359308157,-2.261023151091047,4.528236572867366,-0.10074333698317395,1.2030107686913059,-3.1204162841434533,-2.6872621812247615,1.3545177206971326,0.7567335495275211,0
-0.8283382729663971,0.9442730222236138,0.9023962938616494,4.27300208790463,-0.4614178193256323,1.0156955460323007,-3.3701315641032243,-1.481619377184535,1.1277674900566794,-1.3804820757145142,-0.5693841631705749,-2.1281644252904637,1
0.3471048855855287,-2.1324362746607557,-0.6177617868732139,-8.084126255226414,-0.7874683256910602,1.6072977933961616,4.359752229514372,-0.8086855314165222,-0.690945444875382,3.5543835085205036,1.9658265101502987,-2.5447518012887596,0
-1.4947553007059784,0.031254562129182095,0.2741237233966357,3.4642888494005097,-0.7784737255896803,1.074342309343581,-0.5498900530568822,0.9146922222346153,-3.4799209008471785,-1.314073462764688,-1.1693135828214056,2.7811688833772648,0
-0.3182143556607506,3.222827059605261,2.122899913438009,-2.1595232937095816,1.4170133197573809,-6.468759586671977,1.3804928395361422,-0.6443034452521383,4.3779932294909045,1.243269623490346,-0.6323213416918456,-1.266367889824124,0
0.1454563213968033,0.4741306067911334,3.0455619605842745,3.194984763439111,-2.1006788321330108,1.063175489240616,-0.9798607110469141,-0.8853257376809944,-4.256914263568972,-0.922846874735839,0.4580780748444212,1.1582108866031902,0
-1.1561969247643686,0.05523455580777292,1.3941514599114029,0.523157483807642,-3.3870937471493665,-1.6396905476577457,-1.2997678536786377,-0.9026007997796264,-0.29947521957435413,-0.29838294935202225,1.0288319801978432,-0.3450025678878713,0
-1.114946714528509,-0.6333074236848009,0.962070705833297,-0.9472542502042599,-0.8140181480958592,-3.28472730824462,-0.09574309083062205,0.15337138726587177,0.21503361423302256,-0.48551667032680834,-0.19815822654921544,1.224653069629417,0
-0.2984750922690604,1.8314374548227639,1.3891847962725479,-0.394157991378133,-3.168182692995734,0.8837004913601076,2.246600993973195,0.7204539272224598,-3.4868263342877777,1.2229795538955108,2.593531407180932,1.2003642414222249,0
-1.1257571450989348,-0.4234185452102589,2.235849829693325,-2.084156176588381,-2.073450083471239,-0.25690628906643675,0.29555069458106586,0.554022498068174,-0.7308251182483692,1.5342004555860906,0.33720432163384195,-2.730934968808343,0
-0.2712351175824923,-0.3329096791057178,0.7384564127823543,2.796215274802829,0.5441440020262343,2.802520154892332,-1.651374039493409,0.254610347232871,-2.554229229033673,-0.9146661848468456,1.0424903779397638,1.6892016662807228,0
-0.0845747150866579,1.6336108315066102,2.671171883641181,6.533990397464218,-0.25144622185359156,0.2468531516875594,-3.604267829576773,0.16555483358558437,-1.9522868311754744,-1.8530706116829434,-1.1655337759032225,1.2298231968864832,0
2.8933535847244953,0.30990504955735354,0.7396305638263303,3.383972316099253,-2.6974335074514553,0.7970645619984138,0.26864925910785886,0.5684305457289721,-2.9535021051931967,-2.790728706339795,0.1448470247463095,0.9797677578209002,0
0.7027489962234076,-4.0759128905929405,0.0829043944117861,-3.16931045247584,-2.7093579242957504,-0.1602348576434629,0.27925811225887254,-1.6321759617193612,-1.9611470127434103,-0.10334945190172062,-0.2501444625361571,-0.40354677474397316,0
1.0798282275429885,2.801630222353714,3.7285942429284415,1.1017649057737449,-1.9137417822813458,-0.06777264146727724,-1.0263167819673389,0.8119918698862638,-1.9375368293575457,2.468462857520975,1.945125115408413,-0.23182044532763346,0
-0.4933054274555015,1.46117753243358,1.5411875625025648,2.360109682632007,-3.0462034411599306,-2.947129013819976,-1.3744590825599932,1.309509216052091,1.5293511029908664,-1.5221867556580095,-0.7647508293578256,-2.03424161056177,1
-0.0542545347903093,-3.4143985569944237,1.4950656197247039,-3.542260336434522,-3.2792443293018487,3.442246235773381,0.6874344113568813,-0.5787538259719927,-3.4453374924983424,1.4354233045856777,1.3237774375721536,-3.168957996241523,0
-0.22531289752054068,-4.344133995437632,-2.0110154535499074,-6.343745815928497,-1.0204577958825733,-1.616859624324732,2.6886875635955727,-0.8666693176130861,2.401630074510573,-1.1398663762009136,-0.04990455913211722,-2.9192595497934795,0
0.1909706068779726,-1.2319135124903378,0.10157593367024997,-5.558038395783544,-1.2851839401484193,-0.023105802482732307,2.817045938404693,-0.6174388043530534,0.6386284455859651,1.6012719065960637,2.0081427188092302,-2.692233323889349,0
0.9564307428818591,2.9415284503030197,0.929485265149779,4.916835842965809,-1.6054333124192783,1.252471092753586,-2.066523225111932,2.1727184516837386,-0.5261652283484386,-0.8337724587767511,1.2412573479508782,0.11923582667428534,0
0.3688649214085364,-0.09147024877221066,1.7598764283208603,-6.052602236518049,1.4310442909720464,-0.7757078541013346,2.800630709938436,-1.3243906647230848,1.2139100202840252,3.338071868408107,0.7909299047360043,-3.2630290390178116,0
-0.2329179918021865,-2.8189045418632768,-0.3063519391719567,-3.474037392126318,-2.6649679079708584,-0.543438528525156,0.3489410431412888,-1.8050659695960296,-0.21572424508882684,-0.13813949597303132,2.0441515781993793,-0.41863999893727544,0
1.7513413254183379,2.2317588494001037,-0.3304970878516911,0.9371494513839708,-2.7456023836925576,1.1524344103966753,1.8929876121875873,0.2622326834059696,-1.244073753480409,0.15987829728498815,1.115523824199757,-0.5219755701743993,1
